Parameter,Value
decision_hours,24
lookahead_hours,48
block_hours,4
tie_break_weight,0.001
mip_relative_gap,0.02
normal_time_limit_seconds,120.0
difficult_time_limit_seconds,240.0
difficult_due_task_threshold,350
feasibility_tolerance,1e-06
integrality_tolerance,1e-06
solver_threads,0
heuristic_enabled,True
critical_neighborhood_enabled,True
qos_high_weight,3.0
qos_medium_weight,2.0
qos_low_weight,1.0
energy_mip_gap,0.005
energy_time_limit_seconds,15.0
repair_time_limit_seconds,12.0
lns_time_limit_seconds,15.0
lns_target_gap,0.02
lns_max_passes,2
lns_max_task_groups,60
lns_max_integer_option_vars,12000
marginal_max_moves,48
marginal_lp_time_limit_seconds,5.0
calibration_lower_bound_time_limit_seconds,20.0
calibration_reference_time_limit_seconds,15.0
window_soft_time_limit_seconds,45.0
window_hard_time_limit_seconds,75.0
ModelVersion,Q4_MATHEURISTIC_V3_DOCUMENT_COMPLIANT
FormalSolvePath,Q2Shadow->EnergyResponse->Marginal->LocalRepair->JointLNS->CommitH
FullWindowMILPFormalPath,False
FixedCalibration,True
CalibrationMethod,RepresentativeWindowsContinuousLBAndFeasibleReference
OptimizationMetrics,"Latency,Delay,RenewableUnusedRate"
ReportOnlyDegenerateMetrics,"Cost,Carbon,Peak"
DocumentEnergySemanticConstraints,RenewableDirectUse<=FacilityLoad;GridCharge<=GridPurchase
ActualOperationHours,0--2405
TerminalSOCHour,2406
InputSignature,41571aa9ceda99710afc3b7abd9d207fce4fe77091924baed33369955d0b86d4
Scenario,"{""OptimizationMode"": ""six_objective_minimax""}"
