BaselineDirectory,ScenarioName,ScenarioTables,Metric,BaselineValue,ScenarioValue,AbsoluteChange,RelativeChange,Algorithm
D:\PyCharm\PyCharm2026.2\Project\huashubei\question\question_04\outputs\matheuristic_v3_doccompliant\tables,carbon_lambda_0_25_doccompliant,D:\PyCharm\PyCharm2026.2\Project\huashubei\question\question_04\outputs\scenarios\carbon_lambda_0_25_doccompliant\matheuristic_v3_doccompliant\tables,Cost,-454308802.649929,-454981888.721447,-673086.071518004,-0.0014815607084696,Q4_MATHEURISTIC_V3_DOCUMENT_COMPLIANT
D:\PyCharm\PyCharm2026.2\Project\huashubei\question\question_04\outputs\matheuristic_v3_doccompliant\tables,carbon_lambda_0_25_doccompliant,D:\PyCharm\PyCharm2026.2\Project\huashubei\question\question_04\outputs\scenarios\carbon_lambda_0_25_doccompliant\matheuristic_v3_doccompliant\tables,Carbon,428.010843990733,297.359628643598,-130.651215347135,-0.305252114943994,Q4_MATHEURISTIC_V3_DOCUMENT_COMPLIANT
D:\PyCharm\PyCharm2026.2\Project\huashubei\question\question_04\outputs\matheuristic_v3_doccompliant\tables,carbon_lambda_0_25_doccompliant,D:\PyCharm\PyCharm2026.2\Project\huashubei\question\question_04\outputs\scenarios\carbon_lambda_0_25_doccompliant\matheuristic_v3_doccompliant\tables,Latency_ms,9.96178,9.01438,-0.9474,-0.0951034855216638,Q4_MATHEURISTIC_V3_DOCUMENT_COMPLIANT
D:\PyCharm\PyCharm2026.2\Project\huashubei\question\question_04\outputs\matheuristic_v3_doccompliant\tables,carbon_lambda_0_25_doccompliant,D:\PyCharm\PyCharm2026.2\Project\huashubei\question\question_04\outputs\scenarios\carbon_lambda_0_25_doccompliant\matheuristic_v3_doccompliant\tables,QoSLoss,0.0792810402817025,0.0777962860647734,-0.0014847542169291,-0.018727733789232,Q4_MATHEURISTIC_V3_DOCUMENT_COMPLIANT
D:\PyCharm\PyCharm2026.2\Project\huashubei\question\question_04\outputs\matheuristic_v3_doccompliant\tables,carbon_lambda_0_25_doccompliant,D:\PyCharm\PyCharm2026.2\Project\huashubei\question\question_04\outputs\scenarios\carbon_lambda_0_25_doccompliant\matheuristic_v3_doccompliant\tables,RenewableUnusedRate,0.298504770777479,0.297899296149094,-0.000605474628385005,-0.00202835829661281,Q4_MATHEURISTIC_V3_DOCUMENT_COMPLIANT
D:\PyCharm\PyCharm2026.2\Project\huashubei\question\question_04\outputs\matheuristic_v3_doccompliant\tables,carbon_lambda_0_25_doccompliant,D:\PyCharm\PyCharm2026.2\Project\huashubei\question\question_04\outputs\scenarios\carbon_lambda_0_25_doccompliant\matheuristic_v3_doccompliant\tables,Peak,248.679699439163,95.5378831291542,-153.141816310009,-0.615819532737828,Q4_MATHEURISTIC_V3_DOCUMENT_COMPLIANT
D:\PyCharm\PyCharm2026.2\Project\huashubei\question\question_04\outputs\matheuristic_v3_doccompliant\tables,carbon_lambda_0_50_doccompliant,D:\PyCharm\PyCharm2026.2\Project\huashubei\question\question_04\outputs\scenarios\carbon_lambda_0_50_doccompliant\matheuristic_v3_doccompliant\tables,Cost,-454308802.649929,-455036521.942608,-727719.292679012,-0.00160181640424819,Q4_MATHEURISTIC_V3_DOCUMENT_COMPLIANT
D:\PyCharm\PyCharm2026.2\Project\huashubei\question\question_04\outputs\matheuristic_v3_doccompliant\tables,carbon_lambda_0_50_doccompliant,D:\PyCharm\PyCharm2026.2\Project\huashubei\question\question_04\outputs\scenarios\carbon_lambda_0_50_doccompliant\matheuristic_v3_doccompliant\tables,Carbon,428.010843990733,209.972574845353,-218.03826914538,-0.509422301342675,Q4_MATHEURISTIC_V3_DOCUMENT_COMPLIANT
D:\PyCharm\PyCharm2026.2\Project\huashubei\question\question_04\outputs\matheuristic_v3_doccompliant\tables,carbon_lambda_0_50_doccompliant,D:\PyCharm\PyCharm2026.2\Project\huashubei\question\question_04\outputs\scenarios\carbon_lambda_0_50_doccompliant\matheuristic_v3_doccompliant\tables,Latency_ms,9.96178,8.99448,-0.9673,-0.097101120482484,Q4_MATHEURISTIC_V3_DOCUMENT_COMPLIANT
D:\PyCharm\PyCharm2026.2\Project\huashubei\question\question_04\outputs\matheuristic_v3_doccompliant\tables,carbon_lambda_0_50_doccompliant,D:\PyCharm\PyCharm2026.2\Project\huashubei\question\question_04\outputs\scenarios\carbon_lambda_0_50_doccompliant\matheuristic_v3_doccompliant\tables,QoSLoss,0.0792810402817025,0.0777929630500586,-0.0014880772316439,-0.0187696481574465,Q4_MATHEURISTIC_V3_DOCUMENT_COMPLIANT
D:\PyCharm\PyCharm2026.2\Project\huashubei\question\question_04\outputs\matheuristic_v3_doccompliant\tables,carbon_lambda_0_50_doccompliant,D:\PyCharm\PyCharm2026.2\Project\huashubei\question\question_04\outputs\scenarios\carbon_lambda_0_50_doccompliant\matheuristic_v3_doccompliant\tables,RenewableUnusedRate,0.298504770777479,0.297890329126823,-0.000614441650655995,-0.00205839809211636,Q4_MATHEURISTIC_V3_DOCUMENT_COMPLIANT
D:\PyCharm\PyCharm2026.2\Project\huashubei\question\question_04\outputs\matheuristic_v3_doccompliant\tables,carbon_lambda_0_50_doccompliant,D:\PyCharm\PyCharm2026.2\Project\huashubei\question\question_04\outputs\scenarios\carbon_lambda_0_50_doccompliant\matheuristic_v3_doccompliant\tables,Peak,248.679699439163,95.5378831291542,-153.141816310009,-0.615819532737828,Q4_MATHEURISTIC_V3_DOCUMENT_COMPLIANT
D:\PyCharm\PyCharm2026.2\Project\huashubei\question\question_04\outputs\matheuristic_v3_doccompliant\tables,carbon_lambda_1_00_doccompliant,D:\PyCharm\PyCharm2026.2\Project\huashubei\question\question_04\outputs\scenarios\carbon_lambda_1_00_doccompliant\matheuristic_v3_doccompliant\tables,Cost,-454308802.649929,-2.77861608388718e-11,454308802.649929,1,Q4_MATHEURISTIC_V3_DOCUMENT_COMPLIANT
D:\PyCharm\PyCharm2026.2\Project\huashubei\question\question_04\outputs\matheuristic_v3_doccompliant\tables,carbon_lambda_1_00_doccompliant,D:\PyCharm\PyCharm2026.2\Project\huashubei\question\question_04\outputs\scenarios\carbon_lambda_1_00_doccompliant\matheuristic_v3_doccompliant\tables,Carbon,428.010843990733,-2.74102696096179e-14,-428.010843990733,-1,Q4_MATHEURISTIC_V3_DOCUMENT_COMPLIANT
D:\PyCharm\PyCharm2026.2\Project\huashubei\question\question_04\outputs\matheuristic_v3_doccompliant\tables,carbon_lambda_1_00_doccompliant,D:\PyCharm\PyCharm2026.2\Project\huashubei\question\question_04\outputs\scenarios\carbon_lambda_1_00_doccompliant\matheuristic_v3_doccompliant\tables,Latency_ms,9.96178,9.96178,0,0,Q4_MATHEURISTIC_V3_DOCUMENT_COMPLIANT
D:\PyCharm\PyCharm2026.2\Project\huashubei\question\question_04\outputs\matheuristic_v3_doccompliant\tables,carbon_lambda_1_00_doccompliant,D:\PyCharm\PyCharm2026.2\Project\huashubei\question\question_04\outputs\scenarios\carbon_lambda_1_00_doccompliant\matheuristic_v3_doccompliant\tables,QoSLoss,0.0792810402817025,0.0792810402817025,0,0,Q4_MATHEURISTIC_V3_DOCUMENT_COMPLIANT
D:\PyCharm\PyCharm2026.2\Project\huashubei\question\question_04\outputs\matheuristic_v3_doccompliant\tables,carbon_lambda_1_00_doccompliant,D:\PyCharm\PyCharm2026.2\Project\huashubei\question\question_04\outputs\scenarios\carbon_lambda_1_00_doccompliant\matheuristic_v3_doccompliant\tables,RenewableUnusedRate,0.298504770777479,0.435710018110049,0.13720524733257,0.459641723565115,Q4_MATHEURISTIC_V3_DOCUMENT_COMPLIANT
D:\PyCharm\PyCharm2026.2\Project\huashubei\question\question_04\outputs\matheuristic_v3_doccompliant\tables,carbon_lambda_1_00_doccompliant,D:\PyCharm\PyCharm2026.2\Project\huashubei\question\question_04\outputs\scenarios\carbon_lambda_1_00_doccompliant\matheuristic_v3_doccompliant\tables,Peak,248.679699439163,7.105427357601e-15,-248.679699439163,-1,Q4_MATHEURISTIC_V3_DOCUMENT_COMPLIANT
D:\PyCharm\PyCharm2026.2\Project\huashubei\question\question_04\outputs\matheuristic_v3_doccompliant\tables,flat_price_doccompliant,D:\PyCharm\PyCharm2026.2\Project\huashubei\question\question_04\outputs\scenarios\flat_price_doccompliant\matheuristic_v3_doccompliant\tables,Cost,-454308802.649929,-453391675.991229,917126.658699989,0.00201872966878585,Q4_MATHEURISTIC_V3_DOCUMENT_COMPLIANT
D:\PyCharm\PyCharm2026.2\Project\huashubei\question\question_04\outputs\matheuristic_v3_doccompliant\tables,flat_price_doccompliant,D:\PyCharm\PyCharm2026.2\Project\huashubei\question\question_04\outputs\scenarios\flat_price_doccompliant\matheuristic_v3_doccompliant\tables,Carbon,428.010843990733,449.365085927335,21.354241936602,0.0498918245563524,Q4_MATHEURISTIC_V3_DOCUMENT_COMPLIANT
D:\PyCharm\PyCharm2026.2\Project\huashubei\question\question_04\outputs\matheuristic_v3_doccompliant\tables,flat_price_doccompliant,D:\PyCharm\PyCharm2026.2\Project\huashubei\question\question_04\outputs\scenarios\flat_price_doccompliant\matheuristic_v3_doccompliant\tables,Latency_ms,9.96178,9.93068,-0.0310999999999986,-0.00312193202419634,Q4_MATHEURISTIC_V3_DOCUMENT_COMPLIANT
D:\PyCharm\PyCharm2026.2\Project\huashubei\question\question_04\outputs\matheuristic_v3_doccompliant\tables,flat_price_doccompliant,D:\PyCharm\PyCharm2026.2\Project\huashubei\question\question_04\outputs\scenarios\flat_price_doccompliant\matheuristic_v3_doccompliant\tables,QoSLoss,0.0792810402817025,0.0795066716059007,0.0002256313241982,0.00284596825920149,Q4_MATHEURISTIC_V3_DOCUMENT_COMPLIANT
D:\PyCharm\PyCharm2026.2\Project\huashubei\question\question_04\outputs\matheuristic_v3_doccompliant\tables,flat_price_doccompliant,D:\PyCharm\PyCharm2026.2\Project\huashubei\question\question_04\outputs\scenarios\flat_price_doccompliant\matheuristic_v3_doccompliant\tables,RenewableUnusedRate,0.298504770777479,0.298407496304794,-9.72744726849828e-05,-0.000325872422178124,Q4_MATHEURISTIC_V3_DOCUMENT_COMPLIANT
D:\PyCharm\PyCharm2026.2\Project\huashubei\question\question_04\outputs\matheuristic_v3_doccompliant\tables,flat_price_doccompliant,D:\PyCharm\PyCharm2026.2\Project\huashubei\question\question_04\outputs\scenarios\flat_price_doccompliant\matheuristic_v3_doccompliant\tables,Peak,248.679699439163,368.712289583327,120.032590144164,0.482679488574534,Q4_MATHEURISTIC_V3_DOCUMENT_COMPLIANT
D:\PyCharm\PyCharm2026.2\Project\huashubei\question\question_04\outputs\matheuristic_v3_doccompliant\tables,low_carbon_reference_doccompliant,D:\PyCharm\PyCharm2026.2\Project\huashubei\question\question_04\outputs\scenarios\low_carbon_reference_doccompliant\matheuristic_v3_doccompliant\tables,Cost,-454308802.649929,-2.77861608388719e-11,454308802.649929,1,Q4_MATHEURISTIC_V3_DOCUMENT_COMPLIANT
D:\PyCharm\PyCharm2026.2\Project\huashubei\question\question_04\outputs\matheuristic_v3_doccompliant\tables,low_carbon_reference_doccompliant,D:\PyCharm\PyCharm2026.2\Project\huashubei\question\question_04\outputs\scenarios\low_carbon_reference_doccompliant\matheuristic_v3_doccompliant\tables,Carbon,428.010843990733,-2.74102696096179e-14,-428.010843990733,-1,Q4_MATHEURISTIC_V3_DOCUMENT_COMPLIANT
D:\PyCharm\PyCharm2026.2\Project\huashubei\question\question_04\outputs\matheuristic_v3_doccompliant\tables,low_carbon_reference_doccompliant,D:\PyCharm\PyCharm2026.2\Project\huashubei\question\question_04\outputs\scenarios\low_carbon_reference_doccompliant\matheuristic_v3_doccompliant\tables,Latency_ms,9.96178,9.96178,0,0,Q4_MATHEURISTIC_V3_DOCUMENT_COMPLIANT
D:\PyCharm\PyCharm2026.2\Project\huashubei\question\question_04\outputs\matheuristic_v3_doccompliant\tables,low_carbon_reference_doccompliant,D:\PyCharm\PyCharm2026.2\Project\huashubei\question\question_04\outputs\scenarios\low_carbon_reference_doccompliant\matheuristic_v3_doccompliant\tables,QoSLoss,0.0792810402817025,0.0792810402817025,0,0,Q4_MATHEURISTIC_V3_DOCUMENT_COMPLIANT
D:\PyCharm\PyCharm2026.2\Project\huashubei\question\question_04\outputs\matheuristic_v3_doccompliant\tables,low_carbon_reference_doccompliant,D:\PyCharm\PyCharm2026.2\Project\huashubei\question\question_04\outputs\scenarios\low_carbon_reference_doccompliant\matheuristic_v3_doccompliant\tables,RenewableUnusedRate,0.298504770777479,0.435710018110049,0.13720524733257,0.459641723565115,Q4_MATHEURISTIC_V3_DOCUMENT_COMPLIANT
D:\PyCharm\PyCharm2026.2\Project\huashubei\question\question_04\outputs\matheuristic_v3_doccompliant\tables,low_carbon_reference_doccompliant,D:\PyCharm\PyCharm2026.2\Project\huashubei\question\question_04\outputs\scenarios\low_carbon_reference_doccompliant\matheuristic_v3_doccompliant\tables,Peak,248.679699439163,7.105427357601e-15,-248.679699439163,-1,Q4_MATHEURISTIC_V3_DOCUMENT_COMPLIANT
D:\PyCharm\PyCharm2026.2\Project\huashubei\question\question_04\outputs\matheuristic_v3_doccompliant\tables,low_variability_renewable_gamma_0_25_doccompliant,D:\PyCharm\PyCharm2026.2\Project\huashubei\question\question_04\outputs\scenarios\low_variability_renewable_gamma_0_25_doccompliant\matheuristic_v3_doccompliant\tables,Cost,-454308802.649929,-456017707.465827,-1708904.815898,-0.00376154898591038,Q4_MATHEURISTIC_V3_DOCUMENT_COMPLIANT
D:\PyCharm\PyCharm2026.2\Project\huashubei\question\question_04\outputs\matheuristic_v3_doccompliant\tables,low_variability_renewable_gamma_0_25_doccompliant,D:\PyCharm\PyCharm2026.2\Project\huashubei\question\question_04\outputs\scenarios\low_variability_renewable_gamma_0_25_doccompliant\matheuristic_v3_doccompliant\tables,Carbon,428.010843990733,242.886168820505,-185.124675170228,-0.432523329185174,Q4_MATHEURISTIC_V3_DOCUMENT_COMPLIANT
D:\PyCharm\PyCharm2026.2\Project\huashubei\question\question_04\outputs\matheuristic_v3_doccompliant\tables,low_variability_renewable_gamma_0_25_doccompliant,D:\PyCharm\PyCharm2026.2\Project\huashubei\question\question_04\outputs\scenarios\low_variability_renewable_gamma_0_25_doccompliant\matheuristic_v3_doccompliant\tables,Latency_ms,9.96178,9.80578,-0.155999999999999,-0.0156598519541687,Q4_MATHEURISTIC_V3_DOCUMENT_COMPLIANT
D:\PyCharm\PyCharm2026.2\Project\huashubei\question\question_04\outputs\matheuristic_v3_doccompliant\tables,low_variability_renewable_gamma_0_25_doccompliant,D:\PyCharm\PyCharm2026.2\Project\huashubei\question\question_04\outputs\scenarios\low_variability_renewable_gamma_0_25_doccompliant\matheuristic_v3_doccompliant\tables,QoSLoss,0.0792810402817025,0.0793566908458435,7.56505641409944e-05,0.000954207511306508,Q4_MATHEURISTIC_V3_DOCUMENT_COMPLIANT
D:\PyCharm\PyCharm2026.2\Project\huashubei\question\question_04\outputs\matheuristic_v3_doccompliant\tables,low_variability_renewable_gamma_0_25_doccompliant,D:\PyCharm\PyCharm2026.2\Project\huashubei\question\question_04\outputs\scenarios\low_variability_renewable_gamma_0_25_doccompliant\matheuristic_v3_doccompliant\tables,RenewableUnusedRate,0.298504770777479,0.298364253615852,-0.000140517161626996,-0.000470736736505109,Q4_MATHEURISTIC_V3_DOCUMENT_COMPLIANT
D:\PyCharm\PyCharm2026.2\Project\huashubei\question\question_04\outputs\matheuristic_v3_doccompliant\tables,low_variability_renewable_gamma_0_25_doccompliant,D:\PyCharm\PyCharm2026.2\Project\huashubei\question\question_04\outputs\scenarios\low_variability_renewable_gamma_0_25_doccompliant\matheuristic_v3_doccompliant\tables,Peak,248.679699439163,55.7247515403175,-192.954947898845,-0.775917569202507,Q4_MATHEURISTIC_V3_DOCUMENT_COMPLIANT
D:\PyCharm\PyCharm2026.2\Project\huashubei\question\question_04\outputs\matheuristic_v3_doccompliant\tables,low_variability_renewable_gamma_0_50_doccompliant,D:\PyCharm\PyCharm2026.2\Project\huashubei\question\question_04\outputs\scenarios\low_variability_renewable_gamma_0_50_doccompliant\matheuristic_v3_doccompliant\tables,Cost,-454308802.649929,-457627190.948231,-3318388.29830199,-0.00730425710209935,Q4_MATHEURISTIC_V3_DOCUMENT_COMPLIANT
D:\PyCharm\PyCharm2026.2\Project\huashubei\question\question_04\outputs\matheuristic_v3_doccompliant\tables,low_variability_renewable_gamma_0_50_doccompliant,D:\PyCharm\PyCharm2026.2\Project\huashubei\question\question_04\outputs\scenarios\low_variability_renewable_gamma_0_50_doccompliant\matheuristic_v3_doccompliant\tables,Carbon,428.010843990733,158.00527117734,-270.005572813393,-0.630838158902439,Q4_MATHEURISTIC_V3_DOCUMENT_COMPLIANT
D:\PyCharm\PyCharm2026.2\Project\huashubei\question\question_04\outputs\matheuristic_v3_doccompliant\tables,low_variability_renewable_gamma_0_50_doccompliant,D:\PyCharm\PyCharm2026.2\Project\huashubei\question\question_04\outputs\scenarios\low_variability_renewable_gamma_0_50_doccompliant\matheuristic_v3_doccompliant\tables,Latency_ms,9.96178,9.82436,-0.137419999999999,-0.0137947234329607,Q4_MATHEURISTIC_V3_DOCUMENT_COMPLIANT
D:\PyCharm\PyCharm2026.2\Project\huashubei\question\question_04\outputs\matheuristic_v3_doccompliant\tables,low_variability_renewable_gamma_0_50_doccompliant,D:\PyCharm\PyCharm2026.2\Project\huashubei\question\question_04\outputs\scenarios\low_variability_renewable_gamma_0_50_doccompliant\matheuristic_v3_doccompliant\tables,QoSLoss,0.0792810402817025,0.0792834465784108,2.40629670829329e-06,3.03514774748565e-05,Q4_MATHEURISTIC_V3_DOCUMENT_COMPLIANT
D:\PyCharm\PyCharm2026.2\Project\huashubei\question\question_04\outputs\matheuristic_v3_doccompliant\tables,low_variability_renewable_gamma_0_50_doccompliant,D:\PyCharm\PyCharm2026.2\Project\huashubei\question\question_04\outputs\scenarios\low_variability_renewable_gamma_0_50_doccompliant\matheuristic_v3_doccompliant\tables,RenewableUnusedRate,0.298504770777479,0.298076205544639,-0.000428565232840017,-0.00143570647706496,Q4_MATHEURISTIC_V3_DOCUMENT_COMPLIANT
D:\PyCharm\PyCharm2026.2\Project\huashubei\question\question_04\outputs\matheuristic_v3_doccompliant\tables,low_variability_renewable_gamma_0_50_doccompliant,D:\PyCharm\PyCharm2026.2\Project\huashubei\question\question_04\outputs\scenarios\low_variability_renewable_gamma_0_50_doccompliant\matheuristic_v3_doccompliant\tables,Peak,248.679699439163,13.1758262399999,-235.503873199163,-0.94701688047028,Q4_MATHEURISTIC_V3_DOCUMENT_COMPLIANT
D:\PyCharm\PyCharm2026.2\Project\huashubei\question\question_04\outputs\matheuristic_v3_doccompliant\tables,low_variability_renewable_gamma_1_00_doccompliant,D:\PyCharm\PyCharm2026.2\Project\huashubei\question\question_04\outputs\scenarios\low_variability_renewable_gamma_1_00_doccompliant\matheuristic_v3_doccompliant\tables,Cost,-454308802.649929,-456781056.41047,-2472253.76054102,-0.00544179145576899,Q4_MATHEURISTIC_V3_DOCUMENT_COMPLIANT
D:\PyCharm\PyCharm2026.2\Project\huashubei\question\question_04\outputs\matheuristic_v3_doccompliant\tables,low_variability_renewable_gamma_1_00_doccompliant,D:\PyCharm\PyCharm2026.2\Project\huashubei\question\question_04\outputs\scenarios\low_variability_renewable_gamma_1_00_doccompliant\matheuristic_v3_doccompliant\tables,Carbon,428.010843990733,50.8484045021885,-377.162439488545,-0.881198326593591,Q4_MATHEURISTIC_V3_DOCUMENT_COMPLIANT
D:\PyCharm\PyCharm2026.2\Project\huashubei\question\question_04\outputs\matheuristic_v3_doccompliant\tables,low_variability_renewable_gamma_1_00_doccompliant,D:\PyCharm\PyCharm2026.2\Project\huashubei\question\question_04\outputs\scenarios\low_variability_renewable_gamma_1_00_doccompliant\matheuristic_v3_doccompliant\tables,Latency_ms,9.96178,9.7729,-0.188879999999999,-0.018960466904509,Q4_MATHEURISTIC_V3_DOCUMENT_COMPLIANT
D:\PyCharm\PyCharm2026.2\Project\huashubei\question\question_04\outputs\matheuristic_v3_doccompliant\tables,low_variability_renewable_gamma_1_00_doccompliant,D:\PyCharm\PyCharm2026.2\Project\huashubei\question\question_04\outputs\scenarios\low_variability_renewable_gamma_1_00_doccompliant\matheuristic_v3_doccompliant\tables,QoSLoss,0.0792810402817025,0.0792792732929263,-1.76698877620007e-06,-2.22876588137792e-05,Q4_MATHEURISTIC_V3_DOCUMENT_COMPLIANT
D:\PyCharm\PyCharm2026.2\Project\huashubei\question\question_04\outputs\matheuristic_v3_doccompliant\tables,low_variability_renewable_gamma_1_00_doccompliant,D:\PyCharm\PyCharm2026.2\Project\huashubei\question\question_04\outputs\scenarios\low_variability_renewable_gamma_1_00_doccompliant\matheuristic_v3_doccompliant\tables,RenewableUnusedRate,0.298504770777479,0.298395926216366,-0.000108844561112986,-0.000364632567946878,Q4_MATHEURISTIC_V3_DOCUMENT_COMPLIANT
D:\PyCharm\PyCharm2026.2\Project\huashubei\question\question_04\outputs\matheuristic_v3_doccompliant\tables,low_variability_renewable_gamma_1_00_doccompliant,D:\PyCharm\PyCharm2026.2\Project\huashubei\question\question_04\outputs\scenarios\low_variability_renewable_gamma_1_00_doccompliant\matheuristic_v3_doccompliant\tables,Peak,248.679699439163,9.68114477473137e-14,-248.679699439163,-1,Q4_MATHEURISTIC_V3_DOCUMENT_COMPLIANT
