"RelativePath","SizeBytes","LastWriteTime","SHA256"
"00_归档说明\README_归档说明.md","2072","2026-08-18 00:08:16","92FD9F692CD17005728872FAA313BAFC46CFA8BEA4BB855565401A193B59F29E"
"01_赛方与原始资料\2026华数杯赛前与赛中执行清单.md","11056","2026-08-07 00:24:29","A750D0ADC93245D2B8E4C4037FE409E9EA5C205B0AB238E335DB69D783E6BCE5"
"01_赛方与原始资料\2026年第七届华数杯数学建模竞赛赛题\“华数杯”大学生数学建模竞赛人工智能工具使用章程.pdf","146000","2026-08-07 18:00:27","B3F4A1BCC86A80724B313B9690A59E9FB9AB157780591D3321B0C4D953BD31DC"
"01_赛方与原始资料\2026年第七届华数杯数学建模竞赛赛题\2026第七届华数杯竞赛论文模板.docx","14176","2026-08-07 18:00:27","4EDF51DBCDB27F842209A54E9BECAD5E1C7308CBEC3A6D7F0EDF0DBE860FC07C"
"01_赛方与原始资料\2026年第七届华数杯数学建模竞赛赛题\2026年第七届“华数杯”大学生数学建模竞赛承诺书.docx","2437329","2026-08-07 18:00:27","9540D4CFB10BD9E44D65223E80BB91475268B0FAD354B8EF1C44CEC8D0D5CE3F"
"01_赛方与原始资料\2026年第七届华数杯数学建模竞赛赛题\2026年第七届华数杯数学建模竞赛论文格式规范与提交说明.pdf","341577","2026-08-07 18:00:27","7AA7CC14AD61819A2B30444A6283DC6DBA170DCD69C1232BC1B3BE19F1AB4E22"
"01_赛方与原始资料\2026年第七届华数杯数学建模竞赛赛题\A题 微构体中填充导电介质的仿真优化\附件.xlsx","58207","2026-08-07 18:00:27","6DC68DD49356AEAB483906A524FF79855B454FCACCD168F81FF3A3AD989C4C51"
"01_赛方与原始资料\2026年第七届华数杯数学建模竞赛赛题\A题 微构体中填充导电介质的仿真优化\A题 微构体中填充导电介质的仿真优化.pdf","1246236","2026-08-07 18:00:27","6D31C44022B08840B5E791DD11B431CBCDC187E0F2FF33F613D45728646D0C0A"
"01_赛方与原始资料\2026年第七届华数杯数学建模竞赛赛题\B题 VLSI布图规划设计\附件\n100.blocks","8999","2026-08-07 18:00:27","C66F917C48F3C7EE9624BEC8E0DC053EB349D10121D3278D25B09B67A2E94E2B"
"01_赛方与原始资料\2026年第七届华数杯数学建模竞赛赛题\B题 VLSI布图规划设计\附件\n100.nets","19997","2026-08-07 18:00:27","CD86E1B49547F9C76144AA2ACEF6D643C8FD9222C3A4B8C91A40BB6F7CA42193"
"01_赛方与原始资料\2026年第七届华数杯数学建模竞赛赛题\B题 VLSI布图规划设计\附件\n100.pl","3818","2026-08-07 18:00:27","CB8B03AFF82241643CA899AA9759D8AA42BCF085EAD64D5011F52C83F836355F"
"01_赛方与原始资料\2026年第七届华数杯数学建模竞赛赛题\B题 VLSI布图规划设计\附件\n200.blocks","16719","2026-08-07 18:00:27","BED652BF55C2034B04A1C1BBE97AD617E027C11736BF069727A63BAF575720EF"
"01_赛方与原始资料\2026年第七届华数杯数学建模竞赛赛题\B题 VLSI布图规划设计\附件\n200.nets","38414","2026-08-07 18:00:27","8867F3F167845D88623A5CADBA68F7A19FE343278779538E7804C5AC0C5940A2"
"01_赛方与原始资料\2026年第七届华数杯数学建模竞赛赛题\B题 VLSI布图规划设计\附件\n200.pl","6512","2026-08-07 18:00:27","0400507FCB07124E01F6CDB86C5E71CDCE1BBBB871030651F5583A2F66EC3589"
"01_赛方与原始资料\2026年第七届华数杯数学建模竞赛赛题\B题 VLSI布图规划设计\附件\n300.blocks","21289","2026-08-07 18:00:27","88CA80814070D9578C7CCD31182FF31AB026A1A1EA9DA5FD0E0342D26327BC82"
"01_赛方与原始资料\2026年第七届华数杯数学建模竞赛赛题\B题 VLSI布图规划设计\附件\n300.nets","46787","2026-08-07 18:00:27","39D9CC7B7D347DD0ECEFB8D17E0ADFBCBF2AF1C071079FBF64CAEC34BCC0D94C"
"01_赛方与原始资料\2026年第七届华数杯数学建模竞赛赛题\B题 VLSI布图规划设计\附件\n300.pl","6609","2026-08-07 18:00:27","7B095FF15624666C3FDF95C71FDA72E45FFFF70ACDF27D10302830BA3031F035"
"01_赛方与原始资料\2026年第七届华数杯数学建模竞赛赛题\B题 VLSI布图规划设计\B题 VLSI布图规划设计.pdf","1385562","2026-08-07 18:00:27","F5E74A5D3997EFC2252BC2EF204E5A20BA66BBA442AE05AD2E4F473261B32566"
"01_赛方与原始资料\2026年第七届华数杯数学建模竞赛赛题\B题 VLSI布图规划设计\Modern Floorplanning Based on B ∗ -Tree and Fast Simulated.pdf","864205","2026-08-07 18:00:27","F6F8B53E7B9324C1E0318B4549E15B2FA4F2DCF4299ED5840B9FBC570E003C2E"
"01_赛方与原始资料\2026年第七届华数杯数学建模竞赛赛题\C题 面向算电协同的多目标调度优化研究\附件1.docx","35709","2026-08-07 18:00:27","E3E15318A42BD51CCE1976F6AB5C46FDDF796BF99F97B5A592CCCF104BB7B10A"
"01_赛方与原始资料\2026年第七届华数杯数学建模竞赛赛题\C题 面向算电协同的多目标调度优化研究\附件数据\GPU_information.xlsx","12226","2026-08-07 18:00:27","68F978FF242DA0BAB54259283F647C7552693ACF6DB5E2212FF4E10F6A5D5D2F"
"01_赛方与原始资料\2026年第七届华数杯数学建模竞赛赛题\C题 面向算电协同的多目标调度优化研究\附件数据\network_latency.xlsx","13544","2026-08-07 18:00:27","F7E16FC33D8C188B0889E358497E0D96451E04C77CE765A667A50488F02AC157"
"01_赛方与原始资料\2026年第七届华数杯数学建模竞赛赛题\C题 面向算电协同的多目标调度优化研究\附件数据\power_mapping.xlsx","10547","2026-08-07 18:00:27","A5BEA2B708CC4E5586E59BFD832B8DDE7B629D212FCD8C3A0F132C03163AE39E"
"01_赛方与原始资料\2026年第七届华数杯数学建模竞赛赛题\C题 面向算电协同的多目标调度优化研究\附件数据\region_time_data.xlsx","2845390","2026-08-07 18:00:27","0386A1F6AE825FC4E9797528545090863817B73154050F3BA7A1068E456D55BA"
"01_赛方与原始资料\2026年第七届华数杯数学建模竞赛赛题\C题 面向算电协同的多目标调度优化研究\附件数据\storage_information.xlsx","11766","2026-08-07 18:00:27","FF5384EB6E955079766B22432E630DFDEC9F347F11CD334D950716B21692B3E4"
"01_赛方与原始资料\2026年第七届华数杯数学建模竞赛赛题\C题 面向算电协同的多目标调度优化研究\附件数据\workload_trace.xlsx","3496931","2026-08-07 18:00:27","006C0802F4A5A94A94EB7C54F8333091AC860C7D35C9C2C9AD04C68D4F0165BA"
"01_赛方与原始资料\2026年第七届华数杯数学建模竞赛赛题\C题 面向算电协同的多目标调度优化研究\C题 面向算电协同的多目标调度优化研究.pdf","185276","2026-08-07 18:00:27","0ADC971AB421A7DE5E3DD1C19C8540479B16977893EDF4AF13486E88410622C9"
"01_赛方与原始资料\赛方文件\“华数杯”大学生数学建模竞赛人工智能工具使用章程.pdf","146553","2026-08-06 23:54:29","2623A11BFF720A1393AC578F71407D79387F504F7CFEA2E473C14AC5A45B90C6"
"01_赛方与原始资料\赛方文件\2026第七届华数杯竞赛论文模板.docx","14176","2026-08-06 23:54:27","4EDF51DBCDB27F842209A54E9BECAD5E1C7308CBEC3A6D7F0EDF0DBE860FC07C"
"01_赛方与原始资料\赛方文件\2026年第七届“华数杯”全国大学…手写或者电子签名后上传）.docx","15812","2026-08-06 23:54:28","AAC40DC857A31C0E097387277A81F8420C3B8AC380B6902588CD4FB7FD3C23ED"
"01_赛方与原始资料\赛方文件\2026年第七届“华数杯”全国大学生数学建模竞赛参赛手册.pdf","28515657","2026-08-07 00:12:28","97E7C6BA67BDAA528834C5464A0BB96489C26D47FE412018C58A593BDB3E8EE4"
"01_赛方与原始资料\赛方文件\2026年第七届华数杯数学建模竞赛论文格式规范与提交说明.pdf","341577","2026-08-06 23:54:29","7AA7CC14AD61819A2B30444A6283DC6DBA170DCD69C1232BC1B3BE19F1AB4E22"
"02_论文与正式提交件\00_赛方附录要求核对.md","2750","2026-08-10 17:13:28","43EB891AC69A6AB51B0EFC12A069A7EA1CFAD6E71F891A6C683E0DCDEC9BDB8C"
"02_论文与正式提交件\论文附录_竞赛整理版.rar","158097","2026-08-10 17:49:29","967273F3AC02B78BFA56DA3DC9F8198B4FB155F7D0C8FD6DFDF002A0482E0FBA"
"02_论文与正式提交件\提交前检查清单.md","1017","2026-08-10 17:24:15","B2B60DCCE9859C4DC6A51671FC5B8F38EDA4A7062F0B7387349687F70AEBC912"
"02_论文与正式提交件\CCM2601033_竞赛提交原版_20260810.pdf","1789569","2026-08-10 19:58:04","49D4D861B010B5AC1E3D1CEB3091B7A51585AF158E03DA00C539288A565C0DA5"
"02_论文与正式提交件\CCM2601033_赛后修订版_20260817.pdf","1791340","2026-08-17 23:35:37","399772D497AA4F47A81B36C0E5C2AEC370A37E36ADC184C181C77C651F5C7D10"
"02_论文与正式提交件\CCM2601033附件_竞赛提交版.zip","9431192","2026-08-10 19:45:17","58884145BA7AC1E996D26BF92BA9988835CF8C726792E0339A8DD0A9B3DFCD27"
"03_LaTeX源文件\figures\华数杯流程图.pdf","1408764","2026-08-10 10:15:24","653D79E942869964F131AA168F13844C6F778AFEC4914EC6030941FFAD92B15E"
"03_LaTeX源文件\figures\q1_group1_demand_structure.pdf","71268","2026-08-08 15:27:22","60D0E0503221768ABE076BBE80C020B3345C2A2FF32C3F09FC93813EB2044161"
"03_LaTeX源文件\figures\q1_group2_core_results.pdf","80581","2026-08-08 15:27:22","6F4D4A8D8DC7EEEADED9ECA654655C3F83855D332F7EFED187088B54C6757ED3"
"03_LaTeX源文件\figures\q1_group3_validation_robustness.pdf","67151","2026-08-08 15:27:24","2D570EB698F9A3816BB70047FA681FDF9F0AD5A70A88238D44CF4315381DD36A"
"03_LaTeX源文件\figures\q2_group1_core_results.pdf","59814","2026-08-10 02:22:32","4B518617378FD73E3A7148A65A251E7E1E625B02018F15985CCE1060B38B4A83"
"03_LaTeX源文件\figures\q2_group2_dispatch_mechanism.pdf","43419","2026-08-10 02:22:32","5F236F31EBA419DD3DC26A6007A312C0318E975A87339D4416C7F5943B5EC315"
"03_LaTeX源文件\figures\q2_group3_model_validation.pdf","64261","2026-08-10 02:22:34","CA85EE22E0237B8A7AF7695D2D34480B321316595088776153F9D661BEC25196"
"03_LaTeX源文件\figures\q3_group1_storage_mechanism.pdf","80511","2026-08-08 21:57:02","8BC1B4748101ED1CF4285DE5CB2E4F71ED950E90DFC4E747F4C7E004DA1EA29D"
"03_LaTeX源文件\figures\q3_group2_optimization_effect.pdf","57172","2026-08-10 19:18:55","592EBD3E66365369D0C2F9892E4D788BA6DA5CB26F508D704D8B81B685617DE4"
"03_LaTeX源文件\figures\q3_group3_validation_credibility.pdf","51856","2026-08-08 21:57:02","849B00727C7B4088ADEBBFA4A75B41FF8FCA5BFB722A3C67D31EB83A9BE83F02"
"03_LaTeX源文件\figures\q4_group1_joint_optimization_results.pdf","58910","2026-08-10 19:32:31","9F2930B4BADCAD55CB0FBF9F24AF019F2DA7D7BA3FD975A4C4AEF4F86BB9B4A4"
"03_LaTeX源文件\figures\q4_group1_joint_optimization_results.png","339313","2026-08-10 19:32:31","A71C1AC21B3F41F89695E93DC6DA8844A5B533DB8244250169AE2EA5FCE2447D"
"03_LaTeX源文件\figures\q4_group2_scenario_response.pdf","46448","2026-08-10 16:49:42","C7D134E7BAC2F6DB54DAF00DC66194F6A45BE6036B24ADDA9AD9960942EA60FF"
"03_LaTeX源文件\figures\q4_group3_model_validation.pdf","134757","2026-08-10 19:32:32","A1E48F7516FB5908661DBF826CD287A9623C3A9F7DA0662138765B2737ABD31C"
"03_LaTeX源文件\figures\q4_group3_model_validation.png","640828","2026-08-10 19:32:32","BA8570B1524617F47E86590916594BF758836F408731FB00F150A884B159BEEC"
"03_LaTeX源文件\main.tex","9852","2026-08-17 23:08:23","E12BE29233FD9C2CAFFA514C77A3F6F186B52715221EB9468EB4620D26694EF7"
"03_LaTeX源文件\references.tex","2431","2026-08-17 23:19:13","4D4AE9C961A7BA3B22361B3562E8EB43624F17A4B2CAA3455B0052715A7D6430"
"03_LaTeX源文件\sections\1_restatement.tex","2407","2026-08-10 19:18:42","B9C4D8B52E36F782537ABDD6FEC4F6A7924D3EC321CEC3D8065391EE7A74F56A"
"03_LaTeX源文件\sections\2_analysis.tex","470","2026-08-08 14:33:44","7725A8E0D09A41A60D35C139FDD4FAA1198C7C7C57B0F847BCD175BAD9F7CB1F"
"03_LaTeX源文件\sections\3_assumptions.tex","773","2026-08-10 16:03:56","D51BAE3ADF30EDE0D4D6FC576B2A9F9F104D4A05DC7A0F571A0F1CEEC974A989"
"03_LaTeX源文件\sections\4_symbols.tex","1828","2026-08-10 19:05:14","42D7669DB101ACF654BCEE288C4648C20387301478E591C73A6D0BD2AEBD8F8A"
"03_LaTeX源文件\sections\5_problem1.tex","24868","2026-08-17 22:56:17","07FD0DEC219D1BF94E3B96653B586E673A0F15F26241C55293039D228F8849E3"
"03_LaTeX源文件\sections\6_problem2.tex","10209","2026-08-17 22:56:17","50EB7733194E623B5844618AEEC71C2823D431B3C102D62A98F7C3A7E698D158"
"03_LaTeX源文件\sections\7_problem3.tex","18746","2026-08-17 23:08:23","D27A4B529AD0A623C407995FBE17173A497EC39B92B7F54F15935302840A802A"
"03_LaTeX源文件\sections\8_evaluation.tex","2382","2026-08-17 23:08:23","F1098809F8C36F30E321959E12B973E55673CA1563FA3C8A2492D9C47E852471"
"03_LaTeX源文件\sections\A_code.tex","6621","2026-08-17 23:09:07","3CFE3B98CFAF462D61A17C848AB652C6E3A8D20D11132F34F5AE3F48066B22A1"
"05_Q1-Q4结果与证据\结果表\Q1\dispatch_summary.csv","617","2026-08-08 15:26:52","2BB8A0A9DAC3D1F40DD0E66A4496A0C23E809B37F1556D4C989F87949924D613"
"05_Q1-Q4结果与证据\结果表\Q1\forecast_hierarchy_metrics.csv","2218","2026-08-08 15:26:22","9DBA7F6569D7A5754304CF63F5783ED93D41A34B60334975A2ED109EC82A4F71"
"05_Q1-Q4结果与证据\结果表\Q1\forecast_metrics.csv","8279","2026-08-08 15:26:22","9992E6AC65FE1A2C63935D2128BAA47AABE8B2BA18F760C865E503584272AA73"
"05_Q1-Q4结果与证据\结果表\Q1\forecast_window_selection.csv","418","2026-08-08 15:26:22","28BEA7639B791E66EF4B9B3614FD94E264000FC87A408C479CA6ED500E9A138A"
"05_Q1-Q4结果与证据\结果表\Q1\validation_critical_pressure.csv","521","2026-08-08 15:27:19","C603BAE58F2BAE4C85C4C49FCC06399B0288ACCDFE74BE4718E8FDC63D9E7DED"
"05_Q1-Q4结果与证据\结果表\Q1\validation_dispatch_certificate.csv","828","2026-08-08 15:27:18","00438E7E9D25D4C71259A524EDF262F8841430338232F5BACF59C74AB7D15188"
"05_Q1-Q4结果与证据\结果表\Q1\validation_hierarchy_vs_direct.csv","265","2026-08-08 15:27:18","E89499E8805AB1B4B69A30C1C832B1E2BF1487380968F43E70C6F9FECAC86094"
"05_Q1-Q4结果与证据\结果表\Q1\validation_summary.csv","4475","2026-08-08 15:27:19","0E50EB6441C511D979E958F965E9C3B2EDB2BB8A6E198D93B0955CD55DC39555"
"05_Q1-Q4结果与证据\结果表\Q1\validation_test1_summary.csv","392","2026-08-08 15:27:17","21DE98E4DEF4910968B4D218F056CF5545AA84FD79CF06C5463C8B36BD4663F2"
"05_Q1-Q4结果与证据\结果表\Q2\q2_baseline_comparison.csv","567","2026-08-09 21:16:10","7385F10527B8F2279E507D7AE0805C3E176A6E0771060B440F308C2D3964D735"
"05_Q1-Q4结果与证据\结果表\Q2\q2_objective_summary.csv","803","2026-08-09 21:16:10","86F0DF778C0010254C6DA16C996ACD1A717E56890BBDB2568E383AC424934A6B"
"05_Q1-Q4结果与证据\结果表\Q2\q2_validation_constraint_audit.csv","6661","2026-08-10 01:58:45","FF723E850213C07248A933B7F27C3F50D5AE95153F4F1825B35EFD76E3DE83C4"
"05_Q1-Q4结果与证据\结果表\Q2\q2_validation_exact_vs_heuristic.csv","8478","2026-08-10 01:58:45","A2A01D7C306C4D70967E586ED9360CB33037314CAA9AC950E32D9E68DFD37A9E"
"05_Q1-Q4结果与证据\结果表\Q2\q2_validation_lns_ablation.csv","47506","2026-08-10 01:58:45","D41AA785E128BB9F6FB6C4BA1084C6231B005E65BA4591E1B66AAAC7F70D4200"
"05_Q1-Q4结果与证据\结果表\Q2\q2_validation_lookahead.csv","1712","2026-08-10 01:58:46","22E2B2BC3399648EDD1C72AF7EF60BE749854E85CBC2C1CEF2C4742F5EA57322"
"05_Q1-Q4结果与证据\结果表\Q2\q2_validation_overview.csv","436","2026-08-10 01:58:46","D0559C741D3E96902336C5F7B6A829F3D8DD51DB92F49614092863DE0CF3A015"
"05_Q1-Q4结果与证据\结果表\Q3\q3_baseline_comparison.csv","818","2026-08-08 17:56:30","3967BDE0B60777A01F32FE5397EAE3BA5F8C628F8B296F24F63715DB287511D6"
"05_Q1-Q4结果与证据\结果表\Q3\q3_objective_summary.csv","501","2026-08-08 17:56:30","7E117BA36252697AC796A104EE5332269C8DBF2E01B4403A2C0DDF10544C8094"
"05_Q1-Q4结果与证据\结果表\Q3\q3_regional_metrics.csv","1439","2026-08-08 17:56:30","7B044F32F12BC3D91ED8E13E3876C2A56AEA82246EBD55710BB8FD5F9472B58B"
"05_Q1-Q4结果与证据\结果表\Q3\q3_validation_baseline_reconciliation.csv","545","2026-08-08 18:37:51","FE2D91102E69BF06D005F9F65A793F1710E122754331BD9A83CC9A353D33713A"
"05_Q1-Q4结果与证据\结果表\Q3\q3_validation_metric_recompute.csv","1312","2026-08-08 18:37:51","FCB08CAFD5B3C204CC28C2EA844570D595E235CF68EEB5E40B87E28E0F80E2AC"
"05_Q1-Q4结果与证据\结果表\Q3\q3_validation_multiobjective.csv","1102","2026-08-08 18:37:51","84F67A5C126ED0AC38E016F8B0C0C063BCCA7D26E49E917A2162F450BAD8DFF9"
"05_Q1-Q4结果与证据\结果表\Q3\q3_validation_profile_checks.csv","3233","2026-08-08 18:37:51","B1FD664B6EC7047ABCB730A261EEE6802FC84DC84C47FE4CB5B3C93AC7EB1DF9"
"05_Q1-Q4结果与证据\结果表\Q3\q3_validation_solver_checks.csv","266","2026-08-08 18:37:51","5447323F3B35CFEAAD80788CEB49E98B3053CF96BF61911F2C3CCAABA5ACB936"
"05_Q1-Q4结果与证据\结果表\Q3\q3_validation_summary.csv","9771","2026-08-08 18:37:51","0ED00B68EA949C6F5066021933E1993ECB9A0159F3E26074777E2955FD0A4B51"
"05_Q1-Q4结果与证据\结果表\Q4\q4_calibration_records.csv","6359","2026-08-09 19:16:46","785DEB727B672739FA0434C9E2C545EB493EE8878400697E4DDED025D17955BB"
"05_Q1-Q4结果与证据\结果表\Q4\q4_hard_constraint_validation.csv","880","2026-08-09 19:16:46","77F4DDF99DBAD6BB2628E0FD7335561AA8E6A83FCD565FD6587E657E6F3E27B0"
"05_Q1-Q4结果与证据\结果表\Q4\q4_model_configuration.csv","426","2026-08-09 19:16:46","CB74FB0724B2464A3EA49D44EFCD05C00A1EB4BD7C42812002B630817B632268"
"05_Q1-Q4结果与证据\结果表\Q4\q4_simple_validation.csv","880","2026-08-09 19:16:46","77F4DDF99DBAD6BB2628E0FD7335561AA8E6A83FCD565FD6587E657E6F3E27B0"
"05_Q1-Q4结果与证据\结果表\Q4\q4_task_execution_boundary_summary.csv","408","2026-08-10 03:55:10","258687E3DDFDE3C80920B51719B6EB190D0427D519C30102DB00E97735466334"
"05_Q1-Q4结果与证据\结果表\Q4\q4_window_solver.csv","37444","2026-08-09 19:16:46","14585CAD60E1B1CF4A3C7175ADAE2BADA8FEB1260130B837B1CAB7D34D6E19B2"
"05_Q1-Q4结果与证据\q1\问题1建模.docx","28827","2026-08-08 13:10:11","E53AE30E000AFCD7909FEFF72AF153D31542A4D544FCD57C9CF43E960FD81EC8"
"05_Q1-Q4结果与证据\q1\figures\q1_group1_demand_structure.pdf","71268","2026-08-08 15:27:21","60D0E0503221768ABE076BBE80C020B3345C2A2FF32C3F09FC93813EB2044161"
"05_Q1-Q4结果与证据\q1\figures\q1_group2_core_results.pdf","80581","2026-08-08 15:27:21","6F4D4A8D8DC7EEEADED9ECA654655C3F83855D332F7EFED187088B54C6757ED3"
"05_Q1-Q4结果与证据\q1\figures\q1_group3_validation_robustness.pdf","67151","2026-08-08 15:27:22","2D570EB698F9A3816BB70047FA681FDF9F0AD5A70A88238D44CF4315381DD36A"
"05_Q1-Q4结果与证据\q1\Q1_建模手交接清单.md","5495","2026-08-08 15:34:10","AE0ED47FB9A10FC741F7C971B165180F4439E953183AF7DE74F1A2D648911E23"
"05_Q1-Q4结果与证据\q1\tables\dispatch_assignments.csv","50304","2026-08-08 15:26:52","585FBBD24BD6C611E854CFDC4DE1161FA2C274E6C7E83B54DE73F734EE6CD9CC"
"05_Q1-Q4结果与证据\q1\tables\dispatch_resource_profile.csv","37744","2026-08-08 15:26:52","3FEE2D1DB814018B2F581053C0FB378F0781B476B46C9192BBFC8C088AE544C5"
"05_Q1-Q4结果与证据\q1\tables\dispatch_summary.csv","617","2026-08-08 15:26:52","2BB8A0A9DAC3D1F40DD0E66A4496A0C23E809B37F1556D4C989F87949924D613"
"05_Q1-Q4结果与证据\q1\tables\forecast_aggregation_sensitivity.csv","5814","2026-08-08 15:26:22","AB6499F842F5E9C277FE55027E576F4275C848FF34A19F7592114B03A9862B1F"
"05_Q1-Q4结果与证据\q1\tables\forecast_hierarchy_metrics.csv","2218","2026-08-08 15:26:22","9DBA7F6569D7A5754304CF63F5783ED93D41A34B60334975A2ED109EC82A4F71"
"05_Q1-Q4结果与证据\q1\tables\forecast_hierarchy_predictions.csv","46993","2026-08-08 15:26:22","0958929C358C3F1376BD100F1D22E14C053833F63D81E299348B0F82884D2348"
"05_Q1-Q4结果与证据\q1\tables\forecast_metrics.csv","8279","2026-08-08 15:26:22","9992E6AC65FE1A2C63935D2128BAA47AABE8B2BA18F760C865E503584272AA73"
"05_Q1-Q4结果与证据\q1\tables\forecast_parameters.csv","1862","2026-08-08 15:26:22","5BF1282CACC0518F9A1C4ECAE4A5142BE248838160E7171151824CF9D75ACDFA"
"05_Q1-Q4结果与证据\q1\tables\forecast_predictions.csv","134100","2026-08-08 15:26:22","27FD2DA34C76C5985D288736B0FEBDC2A02F3AD7D75CD4805EDE8BA86E86EDFC"
"05_Q1-Q4结果与证据\q1\tables\forecast_rolling_backtest.csv","12088","2026-08-08 15:26:22","FD419C1C02D110BE61821D4EB9B79326476CF79659BBBE886D21981C98F4A7E7"
"05_Q1-Q4结果与证据\q1\tables\forecast_rolling_summary.csv","203","2026-08-08 15:26:22","D6E6596C93B3F2609139A50380CB11572E165AC2FCF07175C308056DAFE5AC19"
"05_Q1-Q4结果与证据\q1\tables\forecast_window_selection.csv","418","2026-08-08 15:26:22","28BEA7639B791E66EF4B9B3614FD94E264000FC87A408C479CA6ED500E9A138A"
"05_Q1-Q4结果与证据\q1\tables\validation_critical_pressure.csv","521","2026-08-08 15:27:19","C603BAE58F2BAE4C85C4C49FCC06399B0288ACCDFE74BE4718E8FDC63D9E7DED"
"05_Q1-Q4结果与证据\q1\tables\validation_dispatch_certificate.csv","828","2026-08-08 15:27:18","00438E7E9D25D4C71259A524EDF262F8841430338232F5BACF59C74AB7D15188"
"05_Q1-Q4结果与证据\q1\tables\validation_dispatch_resource_recompute.csv","29395","2026-08-08 15:27:18","D89C36046C40D8E7811DA5176A935EA39437627596E398F534A94DECF342F0B7"
"05_Q1-Q4结果与证据\q1\tables\validation_granularity_pressure_interaction.csv","293","2026-08-08 15:27:19","18D453CEC7B808F2EF8500EB2B77315619B3A7A58240F9B4785BB3686CA4E782"
"05_Q1-Q4结果与证据\q1\tables\validation_hierarchy_consistency.csv","2841","2026-08-08 15:27:17","BD1F647E9796678D318EDAA7F8FFC34292F74E6752A4117D50D4C84C2666E543"
"05_Q1-Q4结果与证据\q1\tables\validation_hierarchy_vs_direct.csv","265","2026-08-08 15:27:18","E89499E8805AB1B4B69A30C1C832B1E2BF1487380968F43E70C6F9FECAC86094"
"05_Q1-Q4结果与证据\q1\tables\validation_paired_differences.csv","8788","2026-08-08 15:27:16","9BCFF57D7760212EA984918CD20127C36B8C58DC7C3E700228F449A5485183E8"
"05_Q1-Q4结果与证据\q1\tables\validation_pressure_objectives.csv","83","2026-08-08 15:27:19","0FA12552E07A92ECC90FFD102D20324B982B532D9CF6E46CE777C4D7971BE2C1"
"05_Q1-Q4结果与证据\q1\tables\validation_pressure_trace.csv","436","2026-08-08 15:27:19","DDC4A1EF8F6D75C8EECD0E0D76503F19C319F0429B9ACF56D8CF3FA837F9EF44"
"05_Q1-Q4结果与证据\q1\tables\validation_rolling_hierarchy.csv","6315657","2026-08-08 15:27:16","B458A4CE1E2ED26D80C5C47CE28FEF76F9924DC5C2016402EA3196851A59F7AA"
"05_Q1-Q4结果与证据\q1\tables\validation_rolling_metrics.csv","357022","2026-08-08 15:27:16","B839ED1DACDC694937C29E9F0B3FE21BABDD80B80714DE4B3E25CB0D191E1EF2"
"05_Q1-Q4结果与证据\q1\tables\validation_rolling_summary.csv","4007","2026-08-08 15:27:16","47B77C7BB54964E618796C46D9D8686CE0AE5894E1707EFCAE838460436E2565"
"05_Q1-Q4结果与证据\q1\tables\validation_structure_js.csv","6860","2026-08-08 15:27:18","2C9E3D259B54ADB538621DD221BDB56DBE6DE364C9AA5CC51AA629DB471FC951"
"05_Q1-Q4结果与证据\q1\tables\validation_summary.csv","4475","2026-08-08 15:27:19","0E50EB6441C511D979E958F965E9C3B2EDB2BB8A6E198D93B0955CD55DC39555"
"05_Q1-Q4结果与证据\q1\tables\validation_test1_summary.csv","392","2026-08-08 15:27:17","21DE98E4DEF4910968B4D218F056CF5545AA84FD79CF06C5463C8B36BD4663F2"
"05_Q1-Q4结果与证据\q1\tables\validation_window_selection_audit.csv","941","2026-08-08 15:26:54","4472AEA330CFF9F9A4FFAEE29B1FE4E5E1C025A27CF8780909642B5E370D5F0C"
"05_Q1-Q4结果与证据\q2\figures\q2_group1_core_results.pdf","59814","2026-08-10 02:22:30","4B518617378FD73E3A7148A65A251E7E1E625B02018F15985CCE1060B38B4A83"
"05_Q1-Q4结果与证据\q2\figures\q2_group1_core_results.png","276545","2026-08-10 02:22:30","70ADADB4EE53925F9D718C364916C28B47F86C043914869FEE34D10B1584BAA7"
"05_Q1-Q4结果与证据\q2\figures\q2_group2_dispatch_mechanism.pdf","43419","2026-08-10 02:22:31","5F236F31EBA419DD3DC26A6007A312C0318E975A87339D4416C7F5943B5EC315"
"05_Q1-Q4结果与证据\q2\figures\q2_group2_dispatch_mechanism.png","413888","2026-08-10 02:22:31","9C24F55A598D0F876A9B6225F4351A2BBF9841F43C77650EB8108712BEFC5259"
"05_Q1-Q4结果与证据\q2\figures\q2_group3_model_validation.pdf","64261","2026-08-10 02:22:32","CA85EE22E0237B8A7AF7695D2D34480B321316595088776153F9D661BEC25196"
"05_Q1-Q4结果与证据\q2\figures\q2_group3_model_validation.png","331148","2026-08-10 02:22:32","E663DD85B46C52A35CE8C7990BE1A67661582E2778BD06B97D219068D24846E7"
"05_Q1-Q4结果与证据\q2\Q2_建模手交接清单.md","15704","2026-08-10 02:34:16","47747F5DE0921994931348FEDF8CF64BD6561C7200ACD2DA39B65ADEC1254E32"
"05_Q1-Q4结果与证据\q2\q2模型(9)(1).docx","24116","2026-08-10 03:22:31","7CC3DC702455CF0BD57311BD4DA5809C9C982DB27EFAA33944858B5755FF9EF4"
"05_Q1-Q4结果与证据\q2\tables\q2_aggregation_audit.csv","369","2026-08-09 21:16:08","6997D32CEE4766CC50AC77DD19203D17CF2A802A119AC9BE4ED6EF9B383C5EBA"
"05_Q1-Q4结果与证据\q2\tables\q2_assignments.csv","7212850","2026-08-09 21:16:09","1CAE0BE4A55EE27E4C2C29A91C9BA340437F125CC844F07F963DA3FC022D05AF"
"05_Q1-Q4结果与证据\q2\tables\q2_balanced_assignments.csv","7212850","2026-08-09 21:16:09","1CAE0BE4A55EE27E4C2C29A91C9BA340437F125CC844F07F963DA3FC022D05AF"
"05_Q1-Q4结果与证据\q2\tables\q2_balanced_rolling_windows.csv","43891","2026-08-09 21:16:10","C11E15F495D7DCDAEAC73084851E2CD9E771E2E346866FFC46F8EFE2C4CF9D62"
"05_Q1-Q4结果与证据\q2\tables\q2_baseline_assignments.csv","4873056","2026-08-09 21:16:08","0C48DDF99E00684B28C2775787959386FA52CB9A24EB5435200DA3F17580E05A"
"05_Q1-Q4结果与证据\q2\tables\q2_baseline_comparison.csv","567","2026-08-09 21:16:10","7385F10527B8F2279E507D7AE0805C3E176A6E0771060B440F308C2D3964D735"
"05_Q1-Q4结果与证据\q2\tables\q2_baseline_energy_profile.csv","1301107","2026-08-09 21:16:10","03D3585EDB7834B72E241FBAB83EFAEE8FFF1F7618EB4D7F89BFD85712BFD19C"
"05_Q1-Q4结果与证据\q2\tables\q2_baseline_resource_profile.csv","4204676","2026-08-09 21:16:09","138A56534EACAA934B7FB046122A9DE56F25FE19390B7CEDFC08F51DC1F03020"
"05_Q1-Q4结果与证据\q2\tables\q2_baseline_rolling_windows.csv","8032","2026-08-09 21:16:10","2432B7EBB608FC779509EB8C0786CF784C49BBFCB0773CD5C3374EA6F8BE83E3"
"05_Q1-Q4结果与证据\q2\tables\q2_energy_profile.csv","1319525","2026-08-09 21:16:10","76256901E2CA718920E7979BA5AADD45C84560A6A4401320C376B4347B2B68CD"
"05_Q1-Q4结果与证据\q2\tables\q2_global_calibration.csv","391","2026-08-09 21:16:08","5E2E91D09DF7773CE13CC9C9E7E8AE921E7A472268234E7F2B7097EF71FB3055"
"05_Q1-Q4结果与证据\q2\tables\q2_global_ideal_points.csv","517","2026-08-09 21:16:08","CC9188E8818934A58B0C227A1F67074263E6D483CC7BDF5C68FD20479CA3FDDF"
"05_Q1-Q4结果与证据\q2\tables\q2_model_config.csv","791","2026-08-09 21:16:10","2D5553195B1F27598779F5249EC7C81A03D138079ACBE460D535D3697539C2BB"
"05_Q1-Q4结果与证据\q2\tables\q2_objective_summary.csv","803","2026-08-09 21:16:10","86F0DF778C0010254C6DA16C996ACD1A717E56890BBDB2568E383AC424934A6B"
"05_Q1-Q4结果与证据\q2\tables\q2_resource_profile.csv","4228986","2026-08-09 21:16:10","2DED32C68D04BD5BB12102F9B9A630624D292E6AD1FA63FC3C3936D3AA677AF1"
"05_Q1-Q4结果与证据\q2\tables\q2_solver_log.csv","41881","2026-08-09 21:16:10","1DED14823CFC98EF25879A133786A9BD6900FDE190B020F848BF29C1FCCAA5CF"
"05_Q1-Q4结果与证据\q2\tables\q2_validation_baseline_consistency.csv","2230","2026-08-10 01:58:45","225827F13C08D1EA5E2E3EB7A30E6DFE55C5F86BD04DFCE36F4C2EAB9EC0A746"
"05_Q1-Q4结果与证据\q2\tables\q2_validation_constraint_audit.csv","6661","2026-08-10 01:58:45","FF723E850213C07248A933B7F27C3F50D5AE95153F4F1825B35EFD76E3DE83C4"
"05_Q1-Q4结果与证据\q2\tables\q2_validation_exact_vs_heuristic.csv","8478","2026-08-10 01:58:45","A2A01D7C306C4D70967E586ED9360CB33037314CAA9AC950E32D9E68DFD37A9E"
"05_Q1-Q4结果与证据\q2\tables\q2_validation_lns_ablation.csv","47506","2026-08-10 01:58:45","D41AA785E128BB9F6FB6C4BA1084C6231B005E65BA4591E1B66AAAC7F70D4200"
"05_Q1-Q4结果与证据\q2\tables\q2_validation_lookahead.csv","1712","2026-08-10 01:58:46","22E2B2BC3399648EDD1C72AF7EF60BE749854E85CBC2C1CEF2C4742F5EA57322"
"05_Q1-Q4结果与证据\q2\tables\q2_validation_overview.csv","436","2026-08-10 01:58:46","D0559C741D3E96902336C5F7B6A829F3D8DD51DB92F49614092863DE0CF3A015"
"05_Q1-Q4结果与证据\q2\tables\q2_validation_recomputed_profiles.csv","9530264","2026-08-10 01:58:45","91A1DBDB6893390D72F5D339BD5E39994EF35921C8129C34BD9148D0D8548F2D"
"05_Q1-Q4结果与证据\q3\问题3建模.docx","19877","2026-08-08 22:20:11","0CACC171D9BFFF0DF0652AD7D8569FEBED8D51AD2341715F7925E1263B4F1471"
"05_Q1-Q4结果与证据\q3\figures\q3_group1_storage_mechanism.pdf","80511","2026-08-08 21:57:01","8BC1B4748101ED1CF4285DE5CB2E4F71ED950E90DFC4E747F4C7E004DA1EA29D"
"05_Q1-Q4结果与证据\q3\figures\q3_group2_optimization_effect.pdf","53508","2026-08-08 21:57:01","0BFB0B94357A9B214779CB922F62E35221069A53A65E5BAF887608A422786203"
"05_Q1-Q4结果与证据\q3\figures\q3_group3_validation_credibility.pdf","51856","2026-08-08 21:57:01","849B00727C7B4088ADEBBFA4A75B41FF8FCA5BFB722A3C67D31EB83A9BE83F02"
"05_Q1-Q4结果与证据\q3\Q3_建模手交接清单.md","4749","2026-08-08 22:17:13","454FCFA3D1C462E5AD1C3F1ADD8C0452AE2FF8CA46EB9A043A982211AE98D837"
"05_Q1-Q4结果与证据\q3\tables\q3_anchor_metrics.csv","389","2026-08-08 17:56:30","0BBEB6F985CE048CE4329BB60AB44927580331EEFFF8D2B2A2EA803CF36CBD96"
"05_Q1-Q4结果与证据\q3\tables\q3_balanced_region_hour.csv","1632724","2026-08-08 17:56:30","76A01DBB69B7CF79A6A0E4642F6D562E1539CA73730E08CC99587D975968F2F0"
"05_Q1-Q4结果与证据\q3\tables\q3_baseline_audit.csv","136","2026-08-08 17:56:30","854E6F9E94D68D6523293D59CBC07AA06F7C81FFAFFE9E4FE75BA9D1FEC6D052"
"05_Q1-Q4结果与证据\q3\tables\q3_baseline_comparison.csv","818","2026-08-08 17:56:30","3967BDE0B60777A01F32FE5397EAE3BA5F8C628F8B296F24F63715DB287511D6"
"05_Q1-Q4结果与证据\q3\tables\q3_baseline_region_hour.csv","2057439","2026-08-08 17:56:30","958CB950717D5E4415A0C27BC731DE7175EE0D96BF2A93E0C7EB79990FCD3128"
"05_Q1-Q4结果与证据\q3\tables\q3_constraint_audit.csv","603","2026-08-08 17:56:30","98912C3290063BE945A2ADE3DBF38440CB1938B9F44F899A9BD85352A119951B"
"05_Q1-Q4结果与证据\q3\tables\q3_model_configuration.csv","317","2026-08-08 17:56:30","E31930BACDD8D9DF69797DDAEE562EECD7C8731A62672C2F39068D86ED0041B7"
"05_Q1-Q4结果与证据\q3\tables\q3_no_storage_region_hour.csv","1622251","2026-08-08 17:56:30","24984EBE8566ADF77A620EC4B2E08257E0E78FB4EC52D071F54ACF8E83E5D69B"
"05_Q1-Q4结果与证据\q3\tables\q3_objective_summary.csv","501","2026-08-08 17:56:30","7E117BA36252697AC796A104EE5332269C8DBF2E01B4403A2C0DDF10544C8094"
"05_Q1-Q4结果与证据\q3\tables\q3_regional_metrics.csv","1439","2026-08-08 17:56:30","7B044F32F12BC3D91ED8E13E3876C2A56AEA82246EBD55710BB8FD5F9472B58B"
"05_Q1-Q4结果与证据\q3\tables\q3_solver_log.csv","1565","2026-08-08 17:56:30","3C9083760285A332D147C43FA52F29C5F1C9AF81A68F9FED9B541E0C99E16BAE"
"05_Q1-Q4结果与证据\q3\tables\q3_validation_baseline_reconciliation.csv","545","2026-08-08 18:37:51","FE2D91102E69BF06D005F9F65A793F1710E122754331BD9A83CC9A353D33713A"
"05_Q1-Q4结果与证据\q3\tables\q3_validation_metric_recompute.csv","1312","2026-08-08 18:37:51","FCB08CAFD5B3C204CC28C2EA844570D595E235CF68EEB5E40B87E28E0F80E2AC"
"05_Q1-Q4结果与证据\q3\tables\q3_validation_multiobjective.csv","1102","2026-08-08 18:37:51","84F67A5C126ED0AC38E016F8B0C0C063BCCA7D26E49E917A2162F450BAD8DFF9"
"05_Q1-Q4结果与证据\q3\tables\q3_validation_profile_checks.csv","3233","2026-08-08 18:37:51","B1FD664B6EC7047ABCB730A261EEE6802FC84DC84C47FE4CB5B3C93AC7EB1DF9"
"05_Q1-Q4结果与证据\q3\tables\q3_validation_report.txt","498","2026-08-08 18:37:51","F64F697763608D2FD81842D289A3BBF98A2A94F93FEE4362C90B3CA43B41A010"
"05_Q1-Q4结果与证据\q3\tables\q3_validation_solver_checks.csv","266","2026-08-08 18:37:51","5447323F3B35CFEAAD80788CEB49E98B3053CF96BF61911F2C3CCAABA5ACB936"
"05_Q1-Q4结果与证据\q3\tables\q3_validation_summary.csv","9771","2026-08-08 18:37:51","0ED00B68EA949C6F5066021933E1993ECB9A0159F3E26074777E2955FD0A4B51"
"05_Q1-Q4结果与证据\q4\figures\q4_group1_joint_optimization_results.pdf","58381","2026-08-10 16:49:41","82FD49AD26E7AC21DC184E9813C5F03AF681A43A52C315BD531336F6F562B05B"
"05_Q1-Q4结果与证据\q4\figures\q4_group1_joint_optimization_results.png","310740","2026-08-10 16:49:41","2513CAFF84D64FC3CC3258B4F009271210E29CF8B3D0C10713ACA343633F926D"
"05_Q1-Q4结果与证据\q4\figures\q4_group2_scenario_response.pdf","46448","2026-08-10 16:49:42","C7D134E7BAC2F6DB54DAF00DC66194F6A45BE6036B24ADDA9AD9960942EA60FF"
"05_Q1-Q4结果与证据\q4\figures\q4_group2_scenario_response.png","364788","2026-08-10 16:49:42","FC70959B9691FE0C814F98BA135B13AB68CDBFE17343C7AFF008C5FF9F75DC4D"
"05_Q1-Q4结果与证据\q4\figures\q4_group3_model_validation.pdf","134079","2026-08-10 16:49:43","4A9DD78DDE58BDC5A0C040518DF385C014133A5C0D84D566FD8D92123B7A1742"
"05_Q1-Q4结果与证据\q4\figures\q4_group3_model_validation.png","625174","2026-08-10 16:49:43","46CE16E9FDD76FD2FE39FF2023BDE83C7968D97F15F6E63DEF03E5D6A27D1406"
"05_Q1-Q4结果与证据\q4\Q4_建模手交接清单.md","20247","2026-08-10 17:06:26","03046365E99E8146EB4ECE9B27B36F83591E19004097304786874912409A5186"
"05_Q1-Q4结果与证据\q4\q4模型(1)(1).md","15744","2026-08-10 03:22:32","185227059A33CB425999155C0FCACE0326C8FE610836075F8C4BB281C90FA7C5"
"05_Q1-Q4结果与证据\q4\tables\.q4_matheuristic_v3_complete.json","314","2026-08-10 07:34:59","7E54694FCBC4B85592B34C10E24EDFABDF3F3936D7521A856479F27A464CBA77"
"05_Q1-Q4结果与证据\q4\tables\.q4_sequential_baseline_complete.json","155","2026-08-10 07:34:56","86D2A93930EBFDD9F6C629CAFEB6655A0C9FAB5700CD6A2BED8DF46C9E8AA6C6"
"05_Q1-Q4结果与证据\q4\tables\q4_automated_tests.csv","1220","2026-08-10 01:01:38","E0490756C119368ED75D258A1BEC4BEC73B3788B9D9AEC87B8F2F6A2959171DE"
"05_Q1-Q4结果与证据\q4\tables\q4_calibration_records.csv","22034","2026-08-10 07:34:58","B0F49E06D037B6EC14BBB65B66C510CB7F1510C68C2FDA35CDD8C087105957AE"
"05_Q1-Q4结果与证据\q4\tables\q4_forecast_profile.csv","7099088","2026-08-10 07:34:58","74CBCE273AEE1B18BB10185B38C029C42968341FAF83CE79C05C501F832FD2AD"
"05_Q1-Q4结果与证据\q4\tables\q4_lns_diagnostics.csv","33384","2026-08-10 07:34:58","82F18E174FB22D9C29C782FF8D0CEF7C0BA8723497509C4E65B380EE23676AB6"
"05_Q1-Q4结果与证据\q4\tables\q4_matheuristic_v3_scenario_comparison.csv","20094","2026-08-10 15:37:21","92CADFD46BF5B45D2E2EA7119074FFC53F75A6A15F1EF45AD8E0AC73986DEC21"
"05_Q1-Q4结果与证据\q4\tables\q4_model_configuration.csv","1523","2026-08-10 07:34:58","D3479FD142EE7D3A9F86FE0386F8CF9F879AB720978C1C4B0ED0E7BB172FC605"
"05_Q1-Q4结果与证据\q4\tables\q4_objective_summary.csv","456","2026-08-10 07:34:58","C62D4BBAABB3CEE0C5E7AE27C068A0A312A2A9762FCB11C34B39EB061269F941"
"05_Q1-Q4结果与证据\q4\tables\q4_reference_window_comparison.csv","2280","2026-08-10 16:21:28","038420EAB47927DDA9078BF1E58333586D50CBD7749C59B894E554EE0063ED07"
"05_Q1-Q4结果与证据\q4\tables\q4_reference_window_selection.csv","195","2026-08-10 16:00:24","AFDD5C1FBDEEAC3997E64E5A7384D767EFE22BDD7B078BD8FEB00906E3982B09"
"05_Q1-Q4结果与证据\q4\tables\q4_region_hour_dispatch.csv","2793988","2026-08-10 07:34:58","5434AF568B796FC9A18F46851E9ADF7C222EE84103E0C12990392D7331E114A8"
"05_Q1-Q4结果与证据\q4\tables\q4_scaling.csv","223","2026-08-10 07:34:58","B3CE5564F9483E88742D401795D8BD227DB82050C1D212362BC2ABCA1323333D"
"05_Q1-Q4结果与证据\q4\tables\q4_scenario_interface_smoke.csv","2682","2026-08-10 00:04:25","167073FA7EC82A248C14BED9DCCF98DC9CA9BEBECF13EF9276C6A4BED6866D4C"
"05_Q1-Q4结果与证据\q4\tables\q4_sequential_baseline_assignments.csv","5491863","2026-08-10 07:34:55","B1C2802C7C861EC93CD6EDF8702DC7BAAB5C1549762283AA15C76D2E1574A41B"
"05_Q1-Q4结果与证据\q4\tables\q4_sequential_baseline_dispatch.csv","2757533","2026-08-10 07:34:56","D88046025DDC9A2CFA0F199D08742B962EDE38E8C59D74177D7EE4F545BDD912"
"05_Q1-Q4结果与证据\q4\tables\q4_sequential_baseline_metrics.csv","427","2026-08-10 07:34:59","A88FFBF17F9877654F2C4121780B6B803BC0DDA61788DA7423E5C0D413E0AD48"
"05_Q1-Q4结果与证据\q4\tables\q4_sequential_baseline_windows.csv","8697","2026-08-10 07:34:56","C375C41170954C66C359756F972FCFB913423441C38E880478D27F9AD6C50637"
"05_Q1-Q4结果与证据\q4\tables\q4_simple_validation.csv","2044","2026-08-10 07:34:58","4EE8C8573337E309EC6067A40C6126E39E205477020F631B18AE39C5300E24CA"
"05_Q1-Q4结果与证据\q4\tables\q4_task_assignments.csv","5024935","2026-08-10 07:34:58","421C5A4A40DDA1F343CA5D2E9B8D34EEAD9B424A2DEA195559EE151AAEB65B3B"
"05_Q1-Q4结果与证据\q4\tables\q4_validation_metric_comparison.csv","6433","2026-08-10 16:21:39","8E34292FA95630071E2491FAB4DC0F29850AE13EE9501BC35EC0DEF7C12DA31B"
"05_Q1-Q4结果与证据\q4\tables\q4_validation_report.json","28807","2026-08-10 16:21:39","2C2472BB33054DD427F24A2046EC0B7DA6C9DD5796180CB2E1E87540B3AFE602"
"05_Q1-Q4结果与证据\q4\tables\q4_validation_scenario_carbon_lambda_0_25_doccompliant_audit.csv","3575","2026-08-10 16:21:29","1CC9BD3EAF8B70494E04C947D4AC22476D44E4747071DB56D3AC3887C2B5D7D5"
"05_Q1-Q4结果与证据\q4\tables\q4_validation_scenario_carbon_lambda_0_50_doccompliant_audit.csv","3554","2026-08-10 16:21:30","8088D16F239711D2DA28A620206417326422A76CA8CEC6F7DBE6A4B912611C51"
"05_Q1-Q4结果与证据\q4\tables\q4_validation_scenario_carbon_lambda_1_00_doccompliant_audit.csv","3485","2026-08-10 16:21:32","4BCBC083A60274567676769EE4E5968DD35406F3D70F11E27A2889FE9207F6AC"
"05_Q1-Q4结果与证据\q4\tables\q4_validation_scenario_flat_price_doccompliant_audit.csv","3631","2026-08-10 16:21:33","E18B288BD742F13E799BD8BB6F8891C9D8B0648607991B3781DFE7F6A4D91C8E"
"05_Q1-Q4结果与证据\q4\tables\q4_validation_scenario_low_carbon_reference_doccompliant_audit.csv","3477","2026-08-10 16:21:34","F53A9963FF7F626ED2706B1E6C4E74040B057F27D62DD55004CA666A3031B357"
"05_Q1-Q4结果与证据\q4\tables\q4_validation_scenario_low_variability_renewable_gamma_0_25_doccompliant_audit.csv","3621","2026-08-10 16:21:36","A955DA4A7140CCEC15FFE8B9DCB92C0F8552045A1A7F29B4404FAEDDE20A8F18"
"05_Q1-Q4结果与证据\q4\tables\q4_validation_scenario_low_variability_renewable_gamma_0_50_doccompliant_audit.csv","3535","2026-08-10 16:21:37","5EC577870B0F40E904DA8FB2FD87B19183E466ECBDDBB3344599837D21D6E7D1"
"05_Q1-Q4结果与证据\q4\tables\q4_validation_scenario_low_variability_renewable_gamma_1_00_doccompliant_audit.csv","3636","2026-08-10 16:21:39","C54DAEFA0536F83796A4F33EE0B1E3D678067C880F6BD15F74F051CAEB9EABE1"
"05_Q1-Q4结果与证据\q4\tables\q4_validation_scenario_summary.csv","1459","2026-08-10 16:21:39","0D0D445439888ED530E65D4F72E7503E85796E078C761E0EA01EB2596026A030"
"05_Q1-Q4结果与证据\q4\tables\q4_validation_sequential_hard_constraint_audit.csv","2900","2026-08-10 16:00:24","6A312A33005661F7EEB259D8B313FB7760DB5D1838F227E24C0CE4633F9AF892"
"05_Q1-Q4结果与证据\q4\tables\q4_validation_sequential_independent_audit.json","616","2026-08-10 16:00:24","2E9509A4F3B06B89A38E4F356F782A1E83D9E6F9A633EEC7BA96D91965ACB551"
"05_Q1-Q4结果与证据\q4\tables\q4_validation_summary.csv","7364","2026-08-10 16:21:39","164580343B4B9C513C277A8DE0588F39277CEE0B0ABCFA852DEFD0511153714C"
"05_Q1-Q4结果与证据\q4\tables\q4_validation_v3_hard_constraint_audit.csv","3616","2026-08-10 16:00:23","EC60A170A0F07C18CF2ACCBC19F9E66902DB968382F8707D96957C404103991A"
"05_Q1-Q4结果与证据\q4\tables\q4_validation_v3_independent_audit.json","1048","2026-08-10 16:00:23","E4979177A2BA5A0105D129BB317DE43506B8D1303E108E9136F204791E497D65"
"05_Q1-Q4结果与证据\q4\tables\q4_window_solver.csv","45209","2026-08-10 07:34:58","8FF0EF4A16A77F9EE90916BD6560D5DE1F110D7C1CA018381855D81D8D98B53C"
"06_比赛过程文档\论文文内参考文献引用说明_发论文手.md","10583","2026-08-10 18:15:12","F94A3A27D84881AF5EE820D47FDC6774E0C752C813E435E3604FCACBF8553A47"
"06_比赛过程文档\AI工具使用报告_DeepSeek_V4_Flash_0731.md","6027","2026-08-10 17:24:15","7D8D5803ED5E1AE087911A7838258C4D74159221B31FBE045A03BF7DDF3E810B"
"06_比赛过程文档\C题审题分析_面向算电协同的多目标调度优化研究.md","32111","2026-08-07 18:40:58","8D4C27D76429CCEA2269EB49FAA8CD99656EFE56AEC46DC08FD3890DBC66C584"
"06_比赛过程文档\C题问题1数据预处理说明.md","4662","2026-08-08 15:58:33","427C90EEE11FB637ECFE17F72F8541FF4A0C15BD842D9582FD361C937D1AE563"
"06_比赛过程文档\C题最终参考文献收尾清单.md","11278","2026-08-10 03:52:08","42865258C20FB10E2A7985AFAD054C14B38CE0C7113C73E13D887882B4D43126"
"06_比赛过程文档\q1检验.txt","17014","2026-08-08 13:20:01","D916AF291EB0A35FDB3F492A61C98315CA576EFB4BF46D7E65F3EBFD6FDDEFC9"
"06_比赛过程文档\q1可视化.txt","18474","2026-08-08 13:38:16","9601F30F61ED5079C25559426F30E8E938AAB61D9BD686401797AEF4CE35839E"
"06_比赛过程文档\q1模型(1)(1).docx","25986","2026-08-10 03:22:29","FC98C597C783BABEE750F8DD7A1468E5A912EF4B513FBFE25AB24E37C2EFFDDE"
"06_比赛过程文档\q2模型(9)(1).docx","24116","2026-08-10 03:22:31","7CC3DC702455CF0BD57311BD4DA5809C9C982DB27EFAA33944858B5755FF9EF4"
"06_比赛过程文档\q3检验.txt","8719","2026-08-08 18:38:35","8676CA3581177572B1614AEF6C99811F38FEAAC3F648770112B1EF0B67FA20FE"
"06_比赛过程文档\q3模型(5)(1).docx","16561","2026-08-10 03:22:31","679D641C532802090FF31364BBA97B1F8152442354210EA0C110EE0C1298C0BA"
"06_比赛过程文档\q4.txt","10371","2026-08-10 03:24:02","EBF7FDBBF3F735C5385EDE751DEB6C82255289CDB3A0EF056C0F5D41ED473013"
"06_比赛过程文档\q4代码.txt","22454","2026-08-10 01:43:56","BBFC24A35A00FFC76B787CEC9EF7A63D1FB54612E916EDD56E72164C3F275A06"
"06_比赛过程文档\q4检验.txt","19057","2026-08-10 08:13:59","159A4C8145F2F980876D37ABF3A4E1927EFBDF22FD51E01EB51227500AD91E1B"
"06_比赛过程文档\q4模型(1)(1).md","15744","2026-08-10 03:22:32","185227059A33CB425999155C0FCACE0326C8FE610836075F8C4BB281C90FA7C5"
