WindowStart,DecisionEnd,PlanEnd,ActiveTaskCount,LegalCandidateCount,CommittedTaskCount,MarginalMoveCount,RepairCount,RepairStatus,MarginalStatus,LNSNeighborhoodTaskCount,LNSNeighborhoodTaskGroupCount,LNSIntegerVariableCount,LNSStatus,LNSMIPGap,ZBeforeLNS,ZAfterLNS,EnergySolveSeconds,MarginalLPSeconds,RepairSeconds,LNSSeconds,TotalWindowSeconds,WindowHardLimitReached,EnergyStatus,EnergyMIPGap,EnergyMessage,WindowCost,WindowCarbon,WindowLatency,WindowDelay,WindowRenewableUnusedRate,WindowPeak
0,24,72,1414,20356,434,0,0,REPAIR_NOT_NEEDED,LP_MARGINAL_OPTIMAL,60,60,5094,LNS_NO_IMPROVEMENT,0,1.64242645507369,1.64242645507369,0.0360381999998935,0.016066399999545,0,0.564049100001284,11.3212013000011,False,ENERGY_OPTIMAL,0,Optimization terminated successfully. (HiGHS Status 7: Optimal),0,0,11.6315417256011,0.0023462390954449,0.445970528489622,0
24,48,96,1483,32734,494,0,0,REPAIR_NOT_NEEDED,LP_MARGINAL_OPTIMAL,60,60,5504,LNS_NO_IMPROVEMENT,0,1.61030259433286,1.61030259433286,0.0398774000059348,0.0171974000040791,0,0.545360999996774,12.8791941000018,False,ENERGY_OPTIMAL,0,Optimization terminated successfully. (HiGHS Status 7: Optimal),0,0,11.9804450438301,0.0028878846524541,0.437230221228431,0
48,72,120,1498,34502,486,0,0,REPAIR_NOT_NEEDED,LP_MARGINAL_OPTIMAL,60,60,6080,LNS_NO_IMPROVEMENT,0,1.60301233102852,1.60301233102852,0.0326314000049024,0.0159206999960588,0,0.833211400000437,14.3921824999998,False,ENERGY_OPTIMAL,0,Optimization terminated successfully. (HiGHS Status 7: Optimal),0,0,12.6795727636849,0.0030302655753112,0.435226198344694,0
72,96,144,1362,30863,503,0,0,REPAIR_NOT_NEEDED,LP_MARGINAL_OPTIMAL,60,60,5735,LNS_NO_IMPROVEMENT,inf,1.63368919279661,1.63368919279661,0.0426418999995803,0.0159453999949619,0,0.691711699997541,13.2247987999945,False,ENERGY_OPTIMAL,0,Optimization terminated successfully. (HiGHS Status 7: Optimal),0,0,12.0154185022026,0.0031547813583181,0.443583736097961,0
96,120,168,1297,32539,509,0,0,REPAIR_NOT_NEEDED,LP_MARGINAL_OPTIMAL,60,60,5651,LNS_NO_IMPROVEMENT,0,1.64433150798245,1.64433150798245,0.0354427999991458,0.0157594999982393,0,0.649005300001591,13.4403863000043,False,ENERGY_OPTIMAL,0,Optimization terminated successfully. (HiGHS Status 7: Optimal),0,0,10.4548959136469,0.0040148082052592,0.446527040168741,0
120,144,192,1299,21918,350,0,0,REPAIR_NOT_NEEDED,LP_MARGINAL_OPTIMAL,60,60,6408,LNS_NO_IMPROVEMENT,inf,1.64148953769074,1.64148953769074,0.0398115999996662,0.0176266999988002,0,0.760297299995727,13.6677784999993,False,ENERGY_OPTIMAL,inf,Optimization terminated successfully. (HiGHS Status 7: Optimal),0,0,8.46882217090069,0.0063517911226,0.445820413842058,0
144,168,216,1388,33855,438,0,0,REPAIR_NOT_NEEDED,LP_MARGINAL_OPTIMAL,60,60,7098,LNS_NO_IMPROVEMENT,0,1.62018068197275,1.62018068197275,0.0377279000022099,0.017261499997403,0,0.976409500006412,16.3129371000032,False,ENERGY_OPTIMAL,0,Optimization terminated successfully. (HiGHS Status 7: Optimal),-4.75814943001751e-12,-4.8402171159978e-15,8.23126801152738,0.0071876745336137,0.440038160274373,0
168,192,240,1411,44124,511,0,0,REPAIR_NOT_NEEDED,LP_MARGINAL_OPTIMAL,60,60,7340,LNS_NO_IMPROVEMENT,0,1.62426686815448,1.62426686815448,0.0356616999997641,0.0183961000002455,0,0.867148700002872,17.6432734000045,False,ENERGY_OPTIMAL,0,Optimization terminated successfully. (HiGHS Status 7: Optimal),0,0,8.34514528703047,0.0080643385421661,0.441144708429751,0
192,216,264,1317,33346,439,0,0,REPAIR_NOT_NEEDED,LP_MARGINAL_OPTIMAL,60,60,6964,LNS_NO_IMPROVEMENT,inf,1.66653631968055,1.66653631968055,0.0353787999993074,0.0159095999988494,0,0.96836080000503,15.8574006999988,False,ENERGY_OPTIMAL,0,Optimization terminated successfully. (HiGHS Status 7: Optimal),0,0,10.6226271829916,0.0082866453583911,0.452555051633841,0
216,240,288,1309,38537,461,0,0,REPAIR_NOT_NEEDED,LP_MARGINAL_OPTIMAL,60,60,7242,LNS_NO_IMPROVEMENT,0,1.6742852287195,1.6742852287195,0.0359988999989582,0.0159180000046035,0,0.792940999999701,16.3981305999987,False,ENERGY_OPTIMAL,0,Optimization terminated successfully. (HiGHS Status 7: Optimal),0,0,13.038961038961,0.0098665910600337,0.454580763787233,0
240,264,312,1314,26853,417,0,0,REPAIR_NOT_NEEDED,LP_MARGINAL_OPTIMAL,60,60,7440,LNS_NO_IMPROVEMENT,inf,1.72739957746082,1.72739957746082,0.0413755000045057,0.0215920999980881,0,1.16361940000206,16.0617411999992,False,ENERGY_OPTIMAL,0,Optimization terminated successfully. (HiGHS Status 7: Optimal),0,0,16.3059360730594,0.0121895559982393,0.453609619774004,0
264,288,336,1367,33542,431,0,0,REPAIR_NOT_NEEDED,LP_MARGINAL_OPTIMAL,60,60,7758,LNS_NO_IMPROVEMENT,inf,1.83721545535049,1.83721545535049,0.0488761000015074,0.0162060000002384,0,1.26727690000553,17.1588276999973,False,ENERGY_OPTIMAL,0,Optimization terminated successfully. (HiGHS Status 7: Optimal),0,0,17.2084857351865,0.0137134451247739,0.449215972784006,0
288,312,360,1428,40919,466,0,0,REPAIR_NOT_NEEDED,LP_MARGINAL_OPTIMAL,60,60,7958,LNS_NO_IMPROVEMENT,inf,1.98270169895824,1.98270169895824,0.0343548000018927,0.0156214999951771,0,1.20047960000375,18.0564083999998,False,ENERGY_OPTIMAL,0,Optimization terminated successfully. (HiGHS Status 7: Optimal),0,0,18.4040616246499,0.0150585249627641,0.448961542718905,0
312,336,384,1422,38264,470,0,0,REPAIR_NOT_NEEDED,LP_MARGINAL_OPTIMAL,60,60,7093,LNS_NO_IMPROVEMENT,0,1.89418925921766,1.89418925921766,0.0547335999945062,0.016924099996686,0,0.888433399995847,16.0540799000009,False,ENERGY_OPTIMAL,0,Optimization terminated successfully. (HiGHS Status 7: Optimal),0,0,17.676511954993,0.0170567421647948,0.450895993441368,0
336,360,408,1403,39651,492,0,0,REPAIR_NOT_NEEDED,LP_MARGINAL_OPTIMAL,60,60,7657,LNS_NO_IMPROVEMENT,inf,1.86927502843963,1.86927502843963,0.0347676000019419,0.0173769000030006,0,1.68757080000069,17.988241900006,False,ENERGY_OPTIMAL,inf,Optimization terminated successfully. (HiGHS Status 7: Optimal),0,0,17.471846044191,0.0188799399641227,0.445616880959414,0
360,384,432,1413,36287,460,0,0,REPAIR_NOT_NEEDED,LP_MARGINAL_OPTIMAL,60,60,7895,LNS_NO_IMPROVEMENT,inf,1.78929428378331,1.78929428378331,0.0738893000016105,0.0154928999982076,0,1.5158564999947,18.0824150000044,False,ENERGY_OPTIMAL,0,Optimization terminated successfully. (HiGHS Status 7: Optimal),0,0,16.8145789101203,0.0199510733214468,0.443288715408172,0
384,408,456,1467,38302,451,0,0,REPAIR_NOT_NEEDED,LP_MARGINAL_OPTIMAL,60,60,7839,LNS_NO_IMPROVEMENT,inf,1.90706705142788,1.90706705142788,0.0366452000016579,0.0160680000044522,0,1.35681740000291,17.8810583999948,False,ENERGY_OPTIMAL,0,Optimization terminated successfully. (HiGHS Status 7: Optimal),0,0,17.7825494205862,0.0198631081422301,0.440152450095756,0
408,432,480,1531,40146,502,0,0,REPAIR_NOT_NEEDED,LP_MARGINAL_OPTIMAL,60,60,7280,LNS_NO_IMPROVEMENT,0,1.95140756362653,1.95140756362653,0.0334787000028882,0.0185953000036534,0,1.08796599999914,17.2476773000017,False,ENERGY_OPTIMAL,0,Optimization terminated successfully. (HiGHS Status 7: Optimal),0,0,18.1469627694317,0.020857077768495,0.438193430305904,0
432,456,504,1515,42292,514,0,0,REPAIR_NOT_NEEDED,LP_MARGINAL_OPTIMAL,60,60,7346,LNS_NO_IMPROVEMENT,inf,1.9691874632372,1.9691874632372,0.0401561999969999,0.0182679000063217,0,1.19287430000259,17.3790879000007,False,ENERGY_OPTIMAL,0,Optimization terminated successfully. (HiGHS Status 7: Optimal),0,0,18.2930693069307,0.021696809781016,0.437383910102533,0
456,480,528,1474,43757,515,0,0,REPAIR_NOT_NEEDED,LP_MARGINAL_OPTIMAL,60,60,7778,LNS_NO_IMPROVEMENT,0,1.90703246154074,1.90703246154074,0.0332334999984596,0.0158420999941882,0,1.1688800999982,18.1140536000021,False,ENERGY_OPTIMAL,0,Optimization terminated successfully. (HiGHS Status 7: Optimal),0,0,17.7822252374491,0.0232397818429469,0.43675356263177,0
480,504,552,1481,40644,486,0,0,REPAIR_NOT_NEEDED,LP_MARGINAL_OPTIMAL,60,60,7741,LNS_NO_IMPROVEMENT,0,1.9360064227014,1.9360064227014,0.041310100001283,0.0156820000047446,0,1.20990600000368,17.7678021000029,False,ENERGY_OPTIMAL,inf,Optimization terminated successfully. (HiGHS Status 7: Optimal),0,0,18.0202565833896,0.0239696730723671,0.438396360336695,0
504,528,576,1523,39844,473,0,0,REPAIR_NOT_NEEDED,LP_MARGINAL_OPTIMAL,60,60,7674,LNS_NO_IMPROVEMENT,0,1.90932544725506,1.90932544725506,0.0383765999940806,0.0183181000029435,0,1.48071229999914,18.1794111000054,False,ENERGY_OPTIMAL,0,Optimization terminated successfully. (HiGHS Status 7: Optimal),0,0,17.801050558109,0.0239651733287754,0.43635969031724,0
528,552,600,1564,43006,522,0,0,REPAIR_NOT_NEEDED,LP_MARGINAL_OPTIMAL,60,60,7525,LNS_NO_IMPROVEMENT,inf,1.8212639663772,1.8212639663772,0.0367576999997254,0.0156373999998323,0,1.40483369999856,17.8198979000008,False,ENERGY_OPTIMAL,0,Optimization terminated successfully. (HiGHS Status 7: Optimal),0,0,17.0773657289003,0.0242306161047123,0.435460466598678,0
552,576,624,1531,41540,528,0,0,REPAIR_NOT_NEEDED,LP_MARGINAL_OPTIMAL,60,60,7517,LNS_NO_IMPROVEMENT,0,1.7139397210218,1.7139397210218,0.0577927000049385,0.0158268999948632,0,1.11724530000356,17.4420589000001,False,ENERGY_OPTIMAL,0,Optimization terminated successfully. (HiGHS Status 7: Optimal),-6.9262284796423e-12,-9.60653778747656e-15,16.1952971913782,0.0254146041470754,0.435917923805259,0
576,600,648,1506,40201,514,0,0,REPAIR_NOT_NEEDED,LP_MARGINAL_OPTIMAL,60,60,7309,LNS_NO_IMPROVEMENT,inf,1.66772068920088,1.66772068920088,0.0426919999954407,0.0159484000032535,0,1.30434360000072,17.1304586999977,False,ENERGY_OPTIMAL,inf,Optimization terminated successfully. (HiGHS Status 7: Optimal),0,0,15.8154050464807,0.0267034777414881,0.436038731312305,0
600,624,672,1483,39830,489,0,0,REPAIR_NOT_NEEDED,LP_MARGINAL_OPTIMAL,60,60,7918,LNS_NO_IMPROVEMENT,inf,1.79882551064429,1.79882551064429,0.0529976000034367,0.0160568999999668,0,1.31381590000092,18.2382614000016,False,ENERGY_OPTIMAL,0,Optimization terminated successfully. (HiGHS Status 7: Optimal),0,0,16.8927848954821,0.0271059525808888,0.437354411836369,0
624,648,696,1503,41717,503,0,0,REPAIR_NOT_NEEDED,LP_MARGINAL_OPTIMAL,61,60,7976,LNS_NO_IMPROVEMENT,0,1.99150893289164,1.99150893289164,0.0381255999964196,0.016092399993795,0,1.45168730000296,18.6960712,False,ENERGY_OPTIMAL,0,Optimization terminated successfully. (HiGHS Status 7: Optimal),0,0,18.476380572189,0.0261830045871607,0.435398832009505,0
648,672,720,1504,41980,491,0,0,REPAIR_NOT_NEEDED,LP_MARGINAL_OPTIMAL,60,60,7588,LNS_NO_IMPROVEMENT,inf,2.12698994877504,2.12698994877504,0.0352221000066493,0.0158432999960496,0,1.3319627000019,18.2114631000004,False,ENERGY_OPTIMAL,0,Optimization terminated successfully. (HiGHS Status 7: Optimal),0,0,19.5897606382979,0.0257441240289836,0.436696536614543,0
672,696,744,1499,44899,509,0,0,REPAIR_NOT_NEEDED,LP_MARGINAL_OPTIMAL,60,60,7826,LNS_NO_IMPROVEMENT,0,2.16360069350756,2.16360069350756,0.0367820000028587,0.0161573000004864,0,1.26247480000166,18.7863033000031,False,ENERGY_OPTIMAL,0,Optimization terminated successfully. (HiGHS Status 7: Optimal),0,0,19.8905937291528,0.0257468605659086,0.437977071704525,0
696,720,768,1492,42922,504,0,0,REPAIR_NOT_NEEDED,LP_MARGINAL_OPTIMAL,60,60,7288,LNS_NO_IMPROVEMENT,inf,1.93046019999017,1.93046019999017,0.12248499999987,0.0170031999950879,0,2.37045559999387,18.7860804000011,False,ENERGY_OPTIMAL,0,Optimization terminated successfully. (HiGHS Status 7: Optimal),0,0,17.9745308310992,0.0269084192170122,0.439126121470352,0
720,744,792,1488,40578,486,0,0,REPAIR_NOT_NEEDED,LP_MARGINAL_OPTIMAL,60,60,7426,LNS_NO_IMPROVEMENT,inf,1.78506851856531,1.78506851856531,0.0366885999974329,0.0175040000031004,0,1.03886419999617,17.2177540000048,False,ENERGY_OPTIMAL,0,Optimization terminated successfully. (HiGHS Status 7: Optimal),0,0,16.7795698924731,0.029231428044062,0.439620556989393,0
744,768,816,1505,41495,502,0,0,REPAIR_NOT_NEEDED,LP_MARGINAL_OPTIMAL,60,60,7419,LNS_NO_IMPROVEMENT,inf,1.77217373198952,1.77217373198952,0.0612570000012056,0.0156668999989051,0,1.59545090000029,18.3374202999985,False,ENERGY_OPTIMAL,0,Optimization terminated successfully. (HiGHS Status 7: Optimal),0,0,16.6737541528239,0.0298492656870059,0.433616773684761,0
768,792,840,1499,42088,500,0,0,REPAIR_NOT_NEEDED,LP_MARGINAL_OPTIMAL,60,60,8025,LNS_NO_IMPROVEMENT,inf,1.64902537757627,1.64902537757627,0.0384335999988252,0.0159923999963212,0,1.40895209999871,18.7713141999993,False,ENERGY_OPTIMAL,0,Optimization terminated successfully. (HiGHS Status 7: Optimal),0,0,15.6617745163442,0.0294519646365331,0.43186611659213,0
792,816,864,1509,43964,503,0,0,REPAIR_NOT_NEEDED,LP_MARGINAL_OPTIMAL,60,60,7924,LNS_NO_IMPROVEMENT,0,1.59532126283498,1.59532126283498,0.0453157999945688,0.0154943000015919,0,1.46520269999746,18.8991582000017,False,ENERGY_OPTIMAL,inf,Optimization terminated successfully. (HiGHS Status 7: Optimal),0,0,14.0245195493704,0.0289342531268003,0.433065279609051,0
816,840,888,1420,41870,496,0,0,REPAIR_NOT_NEEDED,LP_MARGINAL_OPTIMAL,60,60,7663,LNS_NO_IMPROVEMENT,0,1.61933556441365,1.61933556441365,0.05064119999588,0.0197077999982866,0,1.25969520000217,17.9300376999963,False,ENERGY_OPTIMAL,0,Optimization terminated successfully. (HiGHS Status 7: Optimal),0,0,10.5957746478873,0.029457498505128,0.439703034301108,0
840,864,912,1448,45608,510,0,0,REPAIR_NOT_NEEDED,LP_MARGINAL_OPTIMAL,60,60,7883,LNS_NO_IMPROVEMENT,inf,1.61361474081021,1.61361474081021,0.0394286999944597,0.0174977999995463,0,1.25028910000401,18.8692250000022,False,ENERGY_OPTIMAL,0,Optimization terminated successfully. (HiGHS Status 7: Optimal),0,0,10.8729281767956,0.0297528854111012,0.438138989479027,0
864,888,936,1420,33809,414,0,0,REPAIR_NOT_NEEDED,LP_MARGINAL_OPTIMAL,60,60,8121,LNS_NO_IMPROVEMENT,0,1.60469901822623,1.60469901822623,0.0400482999975793,0.0162526000058278,0,1.34232879999763,18.1264510000037,False,ENERGY_OPTIMAL,0,Optimization terminated successfully. (HiGHS Status 7: Optimal),0,0,10.4,0.0312598035480517,0.435729901963499,0
888,912,960,1479,42768,524,0,0,REPAIR_NOT_NEEDED,LP_MARGINAL_OPTIMAL,60,60,7252,LNS_NO_IMPROVEMENT,0,1.59858690088116,1.59858690088116,0.0604834000041592,0.0162453999946592,0,1.28776559999824,17.6033523000006,False,ENERGY_OPTIMAL,0,Optimization terminated successfully. (HiGHS Status 7: Optimal),0,0,11.1764705882353,0.0316573988368672,0.434042898182587,0
912,936,984,1440,41064,482,0,0,REPAIR_NOT_NEEDED,LP_MARGINAL_OPTIMAL,60,60,8110,LNS_NO_IMPROVEMENT,inf,1.60151226626515,1.60151226626515,0.0666219999984605,0.0154311000005691,0,1.16218130000198,18.9092713999999,False,ENERGY_OPTIMAL,0,Optimization terminated successfully. (HiGHS Status 7: Optimal),-1.29374910784463e-11,-1.20969900763157e-14,9.27361111111111,0.0328768698793764,0.434898936409162,0
936,960,1008,1476,41559,473,0,0,REPAIR_NOT_NEEDED,LP_MARGINAL_OPTIMAL,60,60,7694,LNS_NO_IMPROVEMENT,0,1.60262541339526,1.60262541339526,0.061546000004455,0.0160333000021637,0,1.84914610000124,23.3716132000045,False,ENERGY_OPTIMAL,0,Optimization terminated successfully. (HiGHS Status 7: Optimal),0,0,8.66937669376694,0.0323187411848177,0.435222141504724,0
960,984,1032,1545,41464,485,0,0,REPAIR_NOT_NEEDED,LP_MARGINAL_OPTIMAL,60,60,7993,LNS_NO_IMPROVEMENT,0,1.60479111528088,1.60479111528088,0.0419631999975536,0.0174986999991233,0,1.46398330000375,19.0779036999957,False,ENERGY_OPTIMAL,0,Optimization terminated successfully. (HiGHS Status 7: Optimal),0,0,8.16957928802589,0.0318655435226541,0.435827753471017,0
984,1008,1056,1570,44635,518,0,0,REPAIR_NOT_NEEDED,LP_MARGINAL_OPTIMAL,60,60,7592,LNS_NO_IMPROVEMENT,0,1.59654486191699,1.59654486191699,0.119040000005043,0.019711399996595,0,1.47722770000109,18.8673788000015,False,ENERGY_OPTIMAL,0,Optimization terminated successfully. (HiGHS Status 7: Optimal),0,0,8.63694267515924,0.0317308118762773,0.433571809873756,0
1008,1032,1080,1570,45634,542,0,0,REPAIR_NOT_NEEDED,LP_MARGINAL_OPTIMAL,60,60,7493,LNS_NO_IMPROVEMENT,0,1.59300914848852,1.59300914848852,0.0477946999963024,0.0161401000004844,0,1.31209749999834,18.4478643000039,False,ENERGY_OPTIMAL,0,Optimization terminated successfully. (HiGHS Status 7: Optimal),0,0,8.88662420382166,0.0341949147917962,0.432599388038214,0
1032,1056,1104,1503,44017,510,0,0,REPAIR_NOT_NEEDED,LP_MARGINAL_OPTIMAL,60,60,7478,LNS_NO_IMPROVEMENT,inf,1.57620124145668,1.57620124145668,0.079537599995092,0.0157098999989103,0,0.941450400001486,18.011448199999,False,ENERGY_OPTIMAL,0,Optimization terminated successfully. (HiGHS Status 7: Optimal),0,0,8.69328010645376,0.0355252764236177,0.428036826396338,0
1056,1080,1128,1461,42069,518,0,0,REPAIR_NOT_NEEDED,LP_MARGINAL_OPTIMAL,60,60,7544,LNS_NO_IMPROVEMENT,0,1.59561654031154,1.59561654031154,0.0426000999941607,0.0158331999991788,0,1.21585610000329,17.7222381000029,False,ENERGY_OPTIMAL,0,Optimization terminated successfully. (HiGHS Status 7: Optimal),0,0,8.05749486652977,0.0368729310762647,0.433331522693863,0
1080,1104,1152,1444,39417,475,0,0,REPAIR_NOT_NEEDED,LP_MARGINAL_OPTIMAL,60,60,7654,LNS_NO_IMPROVEMENT,0,1.5908819934305,1.5908819934305,0.0670669000028283,0.0163451999978861,0,1.5989391999974,18.4194585000005,False,ENERGY_OPTIMAL,0,Optimization terminated successfully. (HiGHS Status 7: Optimal),0,0,7.77423822714681,0.0359301834695358,0.43205571144202,0
1104,1128,1176,1409,38091,468,0,0,REPAIR_NOT_NEEDED,LP_MARGINAL_OPTIMAL,60,60,7535,LNS_NO_IMPROVEMENT,0,1.59408095967574,1.59408095967574,0.0573338999965927,0.0163747999977204,0,1.26604750000115,17.4719919999989,False,ENERGY_OPTIMAL,0,Optimization terminated successfully. (HiGHS Status 7: Optimal),0,0,7.98722498225692,0.0361029554225914,0.432917666854865,0
1128,1152,1200,1409,41105,501,0,0,REPAIR_NOT_NEEDED,LP_MARGINAL_OPTIMAL,60,60,7640,LNS_NO_IMPROVEMENT,inf,1.5975431230308,1.5975431230308,0.043513399999938,0.0159634000010556,0,1.25559509999584,18.0492444999982,False,ENERGY_OPTIMAL,0,Optimization terminated successfully. (HiGHS Status 7: Optimal),0,0,8.29808374733854,0.037056968222938,0.433846815147277,0
1152,1176,1224,1380,35216,440,0,0,REPAIR_NOT_NEEDED,LP_MARGINAL_OPTIMAL,60,60,7293,LNS_NO_IMPROVEMENT,0,1.6106688392418,1.6106688392418,0.0497424999994109,0.0177132999961032,0,1.10549279999395,16.6385550999985,False,ENERGY_OPTIMAL,0,Optimization terminated successfully. (HiGHS Status 7: Optimal),0,0,8.54275362318841,0.0372166380952819,0.437405065807591,0
1176,1200,1248,1468,40880,468,0,0,REPAIR_NOT_NEEDED,LP_MARGINAL_OPTIMAL,60,60,7077,LNS_NO_IMPROVEMENT,inf,1.62571774308155,1.62571774308155,0.0607453999982681,0.0164061999967089,0,1.73203849999845,17.7060778999949,False,ENERGY_OPTIMAL,inf,Optimization terminated successfully. (HiGHS Status 7: Optimal),0,0,8.12602179836512,0.0369136090071156,0.441508382985252,0
1200,1224,1272,1523,40264,472,0,0,REPAIR_NOT_NEEDED,LP_MARGINAL_OPTIMAL,60,60,7726,LNS_NO_IMPROVEMENT,inf,1.60450093611075,1.60450093611075,0.0703458999996656,0.0164565999948536,0,1.02746009999828,17.7010105999943,False,ENERGY_OPTIMAL,inf,Optimization terminated successfully. (HiGHS Status 7: Optimal),0,0,7.35653315824031,0.038980411458221,0.435765825172494,0
1224,1248,1296,1511,43681,528,0,0,REPAIR_NOT_NEEDED,LP_MARGINAL_OPTIMAL,60,60,7340,LNS_NO_IMPROVEMENT,inf,1.60473873742103,1.60473873742103,0.0819039999987581,0.0158958000029088,0,1.73351289999846,18.4658634000007,False,ENERGY_OPTIMAL,0,Optimization terminated successfully. (HiGHS Status 7: Optimal),0,0,6.85373924553276,0.0400654979048098,0.435845533593622,0
1248,1272,1320,1525,47073,523,0,0,REPAIR_NOT_NEEDED,LP_MARGINAL_OPTIMAL,60,60,7633,LNS_NO_IMPROVEMENT,inf,1.60564969745194,1.60564969745194,0.0675571999963722,0.0157499999986612,0,1.23886060000223,18.8133050999968,False,ENERGY_OPTIMAL,inf,Optimization terminated successfully. (HiGHS Status 7: Optimal),0,0,6.25573770491803,0.0435198450107822,0.436107990754029,0
1272,1296,1344,1490,38620,460,0,0,REPAIR_NOT_NEEDED,LP_MARGINAL_OPTIMAL,60,60,7722,LNS_NO_IMPROVEMENT,inf,1.61479187831503,1.61479187831503,0.072049499998684,0.0186313000012888,0,2.3410567999963,19.199973099996,False,ENERGY_OPTIMAL,inf,Optimization terminated successfully. (HiGHS Status 7: Optimal),0,0,6.50671140939597,0.0446464488015918,0.438582265870016,0
1296,1320,1368,1513,43360,542,0,0,REPAIR_NOT_NEEDED,LP_MARGINAL_OPTIMAL,60,60,7541,LNS_NO_IMPROVEMENT,0,1.61896584286857,1.61896584286857,0.0627872000040952,0.0173485999985132,0,1.17278660000011,17.9605066000004,False,ENERGY_OPTIMAL,inf,Optimization terminated successfully. (HiGHS Status 7: Optimal),0,0,6.41506939854593,0.0459545485026626,0.439717627166426,0
1320,1344,1392,1462,40620,488,0,0,REPAIR_NOT_NEEDED,LP_MARGINAL_OPTIMAL,60,60,7544,LNS_NO_IMPROVEMENT,inf,1.61241259649979,1.61241259649979,0.0889147999987472,0.0182534000050509,0,1.33440880000126,18.1205306999982,False,ENERGY_OPTIMAL,0,Optimization terminated successfully. (HiGHS Status 7: Optimal),0,0,6.43707250341997,0.047871839880205,0.437933557074205,0
1344,1368,1416,1492,41544,483,0,0,REPAIR_NOT_NEEDED,LP_MARGINAL_OPTIMAL,60,60,7770,LNS_NO_IMPROVEMENT,0,1.60447166637442,1.60447166637442,0.0613909999956377,0.0157634999995935,0,1.71170640000491,18.9348843999978,False,ENERGY_OPTIMAL,0,Optimization terminated successfully. (HiGHS Status 7: Optimal),0,0,6.09517426273458,0.049591922569184,0.435784717118896,0
1368,1392,1440,1500,40323,491,0,0,REPAIR_NOT_NEEDED,LP_MARGINAL_OPTIMAL,60,60,7717,LNS_NO_IMPROVEMENT,0,1.59169900261966,1.59169900261966,0.0534403000056045,0.0175079999971786,0,0.793326299994078,17.880298600001,False,ENERGY_OPTIMAL,0,Optimization terminated successfully. (HiGHS Status 7: Optimal),1.98014049601625e-12,3.29478666571958e-15,6.09066666666667,0.0522369559097401,0.432310549450214,7.105427357601e-15
1392,1416,1464,1466,43052,518,0,0,REPAIR_NOT_NEEDED,LP_MARGINAL_OPTIMAL,60,60,8033,LNS_NO_IMPROVEMENT,0,1.59197174723485,1.59197174723485,0.0384172999984003,0.0161418999996386,0,1.89053390000481,19.4386526000017,False,ENERGY_OPTIMAL,0,Optimization terminated successfully. (HiGHS Status 7: Optimal),0,0,6.12755798090041,0.0532373270636321,0.432382044838744,7.105427357601e-15
1416,1440,1488,1427,41284,491,0,0,REPAIR_NOT_NEEDED,LP_MARGINAL_OPTIMAL,60,60,7621,LNS_NO_IMPROVEMENT,inf,1.60476822592606,1.60476822592606,0.0407177000015508,0.0162208000037936,0,1.11836400000175,18.0857339000067,False,ENERGY_OPTIMAL,0,Optimization terminated successfully. (HiGHS Status 7: Optimal),0,0,7.05606166783462,0.0542727135060508,0.435827023726279,7.105427357601e-15
1440,1464,1512,1409,39557,457,0,0,REPAIR_NOT_NEEDED,LP_MARGINAL_OPTIMAL,60,60,7418,LNS_NO_IMPROVEMENT,0,1.61399616187075,1.61399616187075,0.0955924000008963,0.0162038000053144,0,1.04826870000397,17.8463310000006,False,ENERGY_OPTIMAL,0,Optimization terminated successfully. (HiGHS Status 7: Optimal),-3.59051455234294e-12,-3.92503807233879e-15,7.71185237757275,0.0538186113559141,0.438313436405401,7.105427357601e-15
1464,1488,1536,1480,37675,479,0,0,REPAIR_NOT_NEEDED,LP_MARGINAL_OPTIMAL,60,60,7610,LNS_NO_IMPROVEMENT,inf,1.60363829830275,1.60363829830275,0.0449596999969799,0.0182937999998103,0,1.54131179999968,17.9029745999942,False,ENERGY_OPTIMAL,0,Optimization terminated successfully. (HiGHS Status 7: Optimal),0,0,8.33648648648649,0.0541083754223457,0.43547793278443,7.105427357601e-15
1488,1512,1560,1478,41459,473,0,0,REPAIR_NOT_NEEDED,LP_MARGINAL_OPTIMAL,60,60,7543,LNS_NO_IMPROVEMENT,inf,1.60389102256323,1.60389102256323,0.090252000001783,0.0167116000011447,0,1.67544749999797,18.6764199000027,False,ENERGY_OPTIMAL,0,Optimization terminated successfully. (HiGHS Status 7: Optimal),0,0,8.32949932341001,0.0540374559755448,0.435546933534128,7.105427357601e-15
1512,1536,1584,1513,45824,528,0,0,REPAIR_NOT_NEEDED,LP_MARGINAL_OPTIMAL,60,60,7939,LNS_NO_IMPROVEMENT,inf,1.60129279643103,1.60129279643103,0.072129699998186,0.0191916999974637,0,2.14974309999525,20.0426539000036,False,ENERGY_OPTIMAL,inf,Optimization terminated successfully. (HiGHS Status 7: Optimal),0,0,8.01123595505618,0.0550530349983601,0.434850030750064,7.105427357601e-15
1536,1560,1608,1499,38662,477,0,0,REPAIR_NOT_NEEDED,LP_MARGINAL_OPTIMAL,60,60,7398,LNS_NO_IMPROVEMENT,0,1.61296531265129,1.61296531265129,0.0429584000012255,0.0157529000061913,0,1.14930459999596,17.3267950000009,False,ENERGY_OPTIMAL,0,Optimization terminated successfully. (HiGHS Status 7: Optimal),0,0,7.48365577051368,0.0560185727871226,0.438037796625621,7.105427357601e-15
1560,1584,1632,1552,43344,508,0,0,REPAIR_NOT_NEEDED,LP_MARGINAL_OPTIMAL,60,60,7865,LNS_NO_IMPROVEMENT,0,1.60310893095211,1.60310893095211,0.045783699999447,0.0157859999962966,0,1.14984660000482,18.3749362999952,False,ENERGY_OPTIMAL,0,Optimization terminated successfully. (HiGHS Status 7: Optimal),0,0,6.92654639175258,0.058455315029364,0.435374592775531,7.105427357601e-15
1584,1608,1656,1552,43515,514,0,0,REPAIR_NOT_NEEDED,LP_MARGINAL_OPTIMAL,60,60,8046,LNS_NO_IMPROVEMENT,0,1.60740047575583,1.60740047575583,0.058588799998688,0.0191717999987304,0,2.09105719999934,19.8736710999947,False,ENERGY_OPTIMAL,0,Optimization terminated successfully. (HiGHS Status 7: Optimal),0,0,6.48260309278351,0.0588346457767341,0.436554837064184,7.105427357601e-15
1608,1632,1680,1580,45695,530,0,0,REPAIR_NOT_NEEDED,LP_MARGINAL_OPTIMAL,60,60,7812,LNS_NO_IMPROVEMENT,0,1.60710900339254,1.60710900339254,0.0566428000020096,0.0171666000023833,0,1.1435999000023,18.8126955000043,False,ENERGY_OPTIMAL,0,Optimization terminated successfully. (HiGHS Status 7: Optimal),0,0,6.27658227848101,0.0611741427865812,0.436479175434004,7.105427357601e-15
1632,1656,1704,1548,43196,508,0,0,REPAIR_NOT_NEEDED,LP_MARGINAL_OPTIMAL,60,60,7711,LNS_NO_IMPROVEMENT,inf,1.61474855019845,1.61474855019845,0.0424659000054817,0.0160590000014054,0,1.12323960000504,18.2857082999981,False,ENERGY_OPTIMAL,0,Optimization terminated successfully. (HiGHS Status 7: Optimal),0,0,6.13178294573643,0.0618842241905624,0.438558805086816,7.105427357601e-15
1656,1680,1728,1526,44851,542,0,0,REPAIR_NOT_NEEDED,LP_MARGINAL_OPTIMAL,60,60,7704,LNS_NO_IMPROVEMENT,0,1.60475831661374,1.60475831661374,0.0660938000000897,0.0166584999969928,0,2.12726480000129,19.9474782999969,False,ENERGY_OPTIMAL,0,Optimization terminated successfully. (HiGHS Status 7: Optimal),0,0,6.27522935779816,0.0643508733029727,0.435836048972074,7.105427357601e-15
1680,1704,1752,1494,41367,498,0,0,REPAIR_NOT_NEEDED,LP_MARGINAL_OPTIMAL,60,60,7594,LNS_NO_IMPROVEMENT,0,1.60595828988326,1.60595828988326,0.0410410999975284,0.0164212999952724,0,0.963053700004821,17.8050599999988,False,ENERGY_OPTIMAL,0,Optimization terminated successfully. (HiGHS Status 7: Optimal),0,0,6.40227576974565,0.068021085748897,0.436152787250898,7.105427357601e-15
1704,1728,1776,1558,42933,486,0,0,REPAIR_NOT_NEEDED,LP_MARGINAL_OPTIMAL,60,60,7567,LNS_NO_IMPROVEMENT,inf,1.59694389633152,1.59694389633152,0.0665245999989565,0.0184335000012652,0,1.04627299999993,18.4947933999938,False,ENERGY_OPTIMAL,0,Optimization terminated successfully. (HiGHS Status 7: Optimal),0,0,6.44094993581515,0.0722593227068397,0.433696175812203,7.105427357601e-15
1728,1752,1800,1567,45666,510,0,0,REPAIR_NOT_NEEDED,LP_MARGINAL_OPTIMAL,60,60,7768,LNS_NO_IMPROVEMENT,inf,1.59977269437397,1.59977269437397,0.0627777999980026,0.015368500004115,0,1.37992289999966,19.2640823999973,False,ENERGY_OPTIMAL,inf,Optimization terminated successfully. (HiGHS Status 7: Optimal),0,0,6.39757498404595,0.075237230584611,0.434462098703966,7.105427357601e-15
1752,1776,1824,1571,48936,562,0,0,REPAIR_NOT_NEEDED,LP_MARGINAL_OPTIMAL,60,60,7854,LNS_NO_IMPROVEMENT,0,1.6100669365999,1.6100669365999,0.0437917999952333,0.0181325000012293,0,1.1249026000005,19.3254292000056,False,ENERGY_OPTIMAL,0,Optimization terminated successfully. (HiGHS Status 7: Optimal),-4.37715641510294e-12,-4.52828885499912e-15,6.1413112667091,0.0770701805654773,0.437265183131593,7.105427357601e-15
1776,1800,1848,1502,42391,495,0,0,REPAIR_NOT_NEEDED,LP_MARGINAL_OPTIMAL,60,60,7691,LNS_NO_IMPROVEMENT,0,1.60390068716987,1.60390068716987,0.0525573999984772,0.0172211000026437,0,1.194032899999,18.4783842000033,False,ENERGY_OPTIMAL,0,Optimization terminated successfully. (HiGHS Status 7: Optimal),0,0,5.95206391478029,0.0755580015168733,0.435598035757378,7.105427357601e-15
1800,1824,1872,1524,41352,514,0,0,REPAIR_NOT_NEEDED,LP_MARGINAL_OPTIMAL,60,60,7923,LNS_NO_IMPROVEMENT,inf,1.59949673649352,1.59949673649352,0.0480511999994633,0.0159892999945441,0,1.07219210000039,18.4479510000019,False,ENERGY_OPTIMAL,0,Optimization terminated successfully. (HiGHS Status 7: Optimal),0,0,5.90682414698163,0.0787246292900855,0.434398454575726,7.105427357601e-15
1824,1848,1896,1502,43811,493,0,0,REPAIR_NOT_NEEDED,LP_MARGINAL_OPTIMAL,60,60,7669,LNS_NO_IMPROVEMENT,0,1.58368647471964,1.58368647471964,0.0695758999936515,0.0178099000040675,0,2.13660369999707,19.7484683000002,False,ENERGY_OPTIMAL,inf,Optimization terminated successfully. (HiGHS Status 7: Optimal),0,0,6.25099866844208,0.0810173909966272,0.430087877209587,7.105427357601e-15
1848,1872,1920,1535,45172,517,0,0,REPAIR_NOT_NEEDED,LP_MARGINAL_OPTIMAL,60,60,7827,LNS_NO_IMPROVEMENT,0,1.58517277413078,1.58517277413078,0.045362999997451,0.0163281999994069,0,1.02113090000057,18.2843674000032,False,ENERGY_OPTIMAL,0,Optimization terminated successfully. (HiGHS Status 7: Optimal),0,0,6.22410423452769,0.0846903785176481,0.430487497716213,7.105427357601e-15
1872,1896,1944,1512,43876,492,0,0,REPAIR_NOT_NEEDED,LP_MARGINAL_OPTIMAL,60,60,7654,LNS_NO_IMPROVEMENT,0,1.59844298425862,1.59844298425862,0.0415027999988524,0.0167663000029279,0,1.10167840000213,18.0050640000045,False,ENERGY_OPTIMAL,0,Optimization terminated successfully. (HiGHS Status 7: Optimal),0,0,6.08664021164021,0.0876620119667831,0.434093706063723,7.105427357601e-15
1896,1920,1968,1479,46418,526,0,0,REPAIR_NOT_NEEDED,LP_MARGINAL_OPTIMAL,60,60,7589,LNS_NO_IMPROVEMENT,inf,1.59554620766938,1.59554620766938,0.0874315999972168,0.0156079000007594,0,1.07477149999613,18.3564318999997,False,ENERGY_OPTIMAL,0,Optimization terminated successfully. (HiGHS Status 7: Optimal),0,0,6.10074374577417,0.0890201029723038,0.433304223699248,7.105427357601e-15
1920,1944,1992,1437,41594,494,0,0,REPAIR_NOT_NEEDED,LP_MARGINAL_OPTIMAL,60,60,7794,LNS_NO_IMPROVEMENT,inf,1.61208590307775,1.61208590307775,0.0435413000013796,0.0159381999983452,0,1.20016659999965,18.0444607000027,False,ENERGY_OPTIMAL,0,Optimization terminated successfully. (HiGHS Status 7: Optimal),0,0,6.25260960334029,0.0956262881538477,0.437784193200735,7.105427357601e-15
1944,1968,2016,1427,38329,459,0,0,REPAIR_NOT_NEEDED,LP_MARGINAL_OPTIMAL,60,60,7656,LNS_NO_IMPROVEMENT,0,1.62207509330488,1.62207509330488,0.0746635000032256,0.0180168000006233,0,1.88269120000041,19.1312457000022,False,ENERGY_OPTIMAL,inf,Optimization terminated successfully. (HiGHS Status 7: Optimal),0,0,6.43517869656622,0.100215743598722,0.440486043753118,7.105427357601e-15
1968,1992,2040,1480,44153,484,0,0,REPAIR_NOT_NEEDED,LP_MARGINAL_OPTIMAL,60,60,7776,LNS_NO_IMPROVEMENT,inf,1.62351573830886,1.62351573830886,0.066622099999222,0.0185601999983191,0,1.14856139999756,18.4380345999962,False,ENERGY_OPTIMAL,0,Optimization terminated successfully. (HiGHS Status 7: Optimal),0,0,6.10608108108108,0.104643940523162,0.440882186312753,7.105427357601e-15
1992,2016,2064,1499,41613,484,0,0,REPAIR_NOT_NEEDED,LP_MARGINAL_OPTIMAL,60,60,7444,LNS_NO_IMPROVEMENT,inf,1.61486591299114,1.61486591299114,0.0891502999947988,0.0167194000023301,0,0.998954900001991,17.3190591999955,False,ENERGY_OPTIMAL,inf,Optimization terminated successfully. (HiGHS Status 7: Optimal),0,0,5.95730486991328,0.110256139389234,0.438528909304861,7.105427357601e-15
2016,2040,2088,1539,46478,512,0,0,REPAIR_NOT_NEEDED,LP_MARGINAL_OPTIMAL,60,60,7453,LNS_NO_IMPROVEMENT,0,1.60564481142999,1.60564481142999,0.0405262000058428,0.0157146000055945,0,1.29155080000055,18.3045448999983,False,ENERGY_OPTIMAL,0,Optimization terminated successfully. (HiGHS Status 7: Optimal),0,0,6.07797270955166,0.114168078556884,0.436013877948659,7.105427357601e-15
2040,2064,2112,1533,42752,503,0,0,REPAIR_NOT_NEEDED,LP_MARGINAL_OPTIMAL,60,60,7698,LNS_NO_IMPROVEMENT,0,1.604096052968,1.604096052968,0.0431290999986231,0.0159239000058733,0,1.11413590000302,17.9884107999969,False,ENERGY_OPTIMAL,0,Optimization terminated successfully. (HiGHS Status 7: Optimal),0,0,6.18264840182648,0.119944100651615,0.435581521633637,7.105427357601e-15
2064,2088,2136,1489,44524,524,0,0,REPAIR_NOT_NEEDED,LP_MARGINAL_OPTIMAL,60,60,7761,LNS_NO_IMPROVEMENT,inf,1.60842720081924,1.60842720081924,0.0578595999977551,0.0162454999954207,0,1.04745539999567,18.9216887000002,False,ENERGY_OPTIMAL,inf,Optimization terminated successfully. (HiGHS Status 7: Optimal),0,0,6.18200134318334,0.12634813490173,0.436749471339801,7.105427357601e-15
2088,2112,2160,1447,43192,506,0,0,REPAIR_NOT_NEEDED,LP_MARGINAL_OPTIMAL,60,60,7683,LNS_NO_IMPROVEMENT,inf,1.6080613848076,1.6080613848076,0.0417238000009093,0.0177628000019467,0,1.11947040000086,17.8730838000047,False,ENERGY_OPTIMAL,0,Optimization terminated successfully. (HiGHS Status 7: Optimal),0,0,6.07325501036628,0.140694627987421,0.436633628604049,7.105427357601e-15
2112,2136,2184,1427,39661,459,0,0,REPAIR_NOT_NEEDED,LP_MARGINAL_OPTIMAL,60,60,7956,LNS_NO_IMPROVEMENT,inf,1.60942700058477,1.60942700058477,0.0853833000001032,0.0160566000049585,0,0.812950799998362,17.9988954,False,ENERGY_OPTIMAL,inf,Optimization terminated successfully. (HiGHS Status 7: Optimal),0,0,6.07988787666433,0.160661267153083,0.436976595887911,7.105427357601e-15
2136,2160,2208,1465,41185,482,0,0,REPAIR_NOT_NEEDED,LP_MARGINAL_OPTIMAL,60,60,7740,LNS_NO_IMPROVEMENT,inf,1.6184729685296,1.6184729685296,0.041157600004226,0.0159129999956349,0,1.0527946000002,17.9004376000012,False,ENERGY_OPTIMAL,0,Optimization terminated successfully. (HiGHS Status 7: Optimal),0,0,6.06006825938567,0.169789300729869,0.439422498668682,7.105427357601e-15
2160,2184,2232,1522,41420,486,0,0,REPAIR_NOT_NEEDED,LP_MARGINAL_OPTIMAL,60,60,7619,LNS_NO_IMPROVEMENT,0,1.60309874111762,1.60309874111762,0.115993100000196,0.016931600002863,0,1.0742739999987,17.8413,False,ENERGY_OPTIMAL,inf,Optimization terminated successfully. (HiGHS Status 7: Optimal),-9.35762578535559e-14,-1.28697053014548e-16,5.93495400788436,0.182630509473305,0.435231172315812,7.105427357601e-15
2184,2208,2256,1537,44322,497,0,0,REPAIR_NOT_NEEDED,LP_MARGINAL_OPTIMAL,60,60,7884,LNS_NO_IMPROVEMENT,0,1.58650402829072,1.58650402829072,0.0418026999977883,0.0166425999996136,0,1.03576579999935,18.6599672000011,False,ENERGY_OPTIMAL,0,Optimization terminated successfully. (HiGHS Status 7: Optimal),0,0,5.97137280416396,0.183294223154725,0.430719882077218,7.105427357601e-15
2208,2232,2280,1555,48349,539,0,0,REPAIR_NOT_NEEDED,LP_MARGINAL_OPTIMAL,60,60,7558,LNS_NO_IMPROVEMENT,0,1.58030035182651,1.58030035182651,0.113552599999821,0.0213274000052479,0,1.49462840000342,19.0788554000028,False,ENERGY_OPTIMAL,0,Optimization terminated successfully. (HiGHS Status 7: Optimal),0,0,6.15369774919614,0.190875469338559,0.429017593072041,7.105427357601e-15
2232,2256,2304,1523,43666,501,0,0,REPAIR_NOT_NEEDED,LP_MARGINAL_OPTIMAL,60,60,8261,LNS_NO_IMPROVEMENT,inf,1.59721302532341,1.59721302532341,0.108637099998305,0.0157170000020415,0,1.24295849999908,19.9053284000038,False,ENERGY_OPTIMAL,0,Optimization terminated successfully. (HiGHS Status 7: Optimal),-1.22333290164534e-11,-1.79793460119981e-14,6.28759028233749,0.200927867256892,0.433594690394706,7.105427357601e-15
2256,2280,2328,1512,44990,515,0,0,REPAIR_NOT_NEEDED,LP_MARGINAL_OPTIMAL,60,60,7573,LNS_NO_IMPROVEMENT,inf,1.61577300480725,1.61577300480725,0.0466307000024244,0.0176768000019365,0,1.25634490000084,18.2112280000001,False,ENERGY_OPTIMAL,0,Optimization terminated successfully. (HiGHS Status 7: Optimal),0,0,6.18320105820106,0.221696715608225,0.438612303797043,7.105427357601e-15
2280,2304,2352,1524,41721,507,0,0,REPAIR_NOT_NEEDED,LP_MARGINAL_OPTIMAL,60,60,7602,LNS_NO_IMPROVEMENT,0,1.61847464169372,1.61847464169372,0.0735853000005591,0.0158254000052693,0,1.44640520000394,18.0163073000003,False,ENERGY_OPTIMAL,inf,Optimization terminated successfully. (HiGHS Status 7: Optimal),0,0,5.85695538057743,0.252268420071226,0.439314484137462,7.105427357601e-15
2304,2328,2376,1656,42126,490,0,0,REPAIR_NOT_NEEDED,LP_MARGINAL_OPTIMAL,60,60,7736,LNS_NO_IMPROVEMENT,inf,1.60374176129816,1.60374176129816,0.039617399997951,0.0170619000055012,0,1.17981569999392,17.8981181999989,False,ENERGY_OPTIMAL,0,Optimization terminated successfully. (HiGHS Status 7: Optimal),0,0,6.94142512077295,0.321173551106027,0.425255915043128,7.105427357601e-15
2328,2352,2400,2058,43715,527,0,0,REPAIR_NOT_NEEDED,LP_MARGINAL_OPTIMAL,60,60,7641,LNS_NO_IMPROVEMENT,0,2.0712035432988,2.0712035432988,0.0430189999970025,0.0181539000041084,0,0.830404599997564,17.4693834999998,False,ENERGY_OPTIMAL,0,Optimization terminated successfully. (HiGHS Status 7: Optimal),0,0,7.89407191448008,0.41203880043503,0.397884537763759,7.105427357601e-15
2352,2376,2406,1749,59970,639,0,0,REPAIR_NOT_NEEDED,LP_MARGINAL_OPTIMAL,60,60,7907,LNS_NO_IMPROVEMENT,inf,2.56612862293634,2.56612862293634,0.0805427000013879,0.0129032000040752,0,1.29059110000526,20.4731377999997,False,ENERGY_OPTIMAL,0,Optimization terminated successfully. (HiGHS Status 7: Optimal),0,0,9.28073184676958,0.508244585585941,0.353301427249,7.105427357601e-15
2376,2400,2406,1110,86589,892,0,0,REPAIR_NOT_NEEDED,LP_MARGINAL_OPTIMAL,60,60,6883,LNS_NO_IMPROVEMENT,0,2.81413370264013,2.81413370264013,0.0776907000035862,0.0074527999968268,0,0.824933600000804,20.8162777999969,False,ENERGY_OPTIMAL,0,Optimization terminated successfully. (HiGHS Status 7: Optimal),-1.38488815082383e-11,-8.67197513798601e-15,9.45495495495495,0.556473658014717,0.31918464076466,7.105427357601e-15
2400,2406,2406,218,5752,218,0,0,REPAIR_NOT_NEEDED,LP_MARGINAL_OPTIMAL,60,60,925,LNS_NO_IMPROVEMENT,0,4.16809262357115,4.16809262357115,0.0146801000009873,0.0026646999976947,0,0.32226040000387,2.79917330000171,False,ENERGY_OPTIMAL,0,Optimization terminated successfully. (HiGHS Status 7: Optimal),0,0,13.2201834862385,0.819719329575032,0.11841512046074,7.105427357601e-15
