WindowID,Mode,WindowStartHour,DecisionEndHourExclusive,PlanEndHourExclusive,ActiveClassCount,CandidateOptionCount,DecisionIntegerOptionCount,LookaheadContinuousOptionCount,CommittedTaskCount,RemainingTaskCount,ElapsedSeconds
0,baseline,0,24,72,1497,215898,23990,191908,506,49494,16.1377054
1,baseline,24,48,96,1507,222591,27000,195591,513,48981,17.2723282000002
2,baseline,48,72,120,1488,213849,25612,188237,478,48503,0.540629199999785
3,baseline,72,96,144,1502,211724,24179,187545,516,47987,0.0638969999999972
4,baseline,96,120,168,1487,215936,23226,192710,494,47493,0.0315961999999672
5,baseline,120,144,192,1490,219711,25743,193968,492,47001,0.033603100000164
6,baseline,144,168,216,1512,223533,26111,197422,501,46500,0.0626595000003363
7,baseline,168,192,240,1503,226676,25393,201283,497,46003,18.2566676000001
8,baseline,192,216,264,1537,227536,26589,200947,514,45489,17.6781940999999
9,baseline,216,240,288,1536,224192,27238,196954,492,44997,34.5481439
10,baseline,240,264,312,1509,219424,24549,194875,531,44466,0.0329906999995728
11,baseline,264,288,336,1494,221135,26125,195010,513,43953,0.035424399999556
12,baseline,288,312,360,1483,214469,23982,190487,465,43488,16.0757749999998
13,baseline,312,336,384,1512,219986,27532,192454,516,42972,27.3652990000001
14,baseline,336,360,408,1462,204658,23659,180999,502,42470,18.0445326000004
15,baseline,360,384,432,1498,205275,22755,182520,493,41977,15.3683806999998
16,baseline,384,408,456,1535,217658,23556,194102,467,41510,18.5209757000002
17,baseline,408,432,480,1543,225988,26820,199168,538,40972,0.0334969000000456
18,baseline,432,456,504,1490,215349,27194,188155,530,40442,13.8022606999998
19,baseline,456,480,528,1460,202233,21830,180403,476,39966,12.3041819
20,baseline,480,504,552,1498,212969,25037,187932,485,39481,17.8310663999996
21,baseline,504,528,576,1546,217321,25598,191723,500,38981,16.5121276000004
22,baseline,528,552,600,1529,212016,24670,187346,513,38468,31.9963305000001
23,baseline,552,576,624,1541,207298,25165,182133,534,37934,0.0331482999999935
24,baseline,576,600,648,1523,200543,20221,180322,483,37451,0.0326806999996734
25,baseline,600,624,672,1520,221075,26888,194187,525,36926,0.0347827000000507
26,baseline,624,648,696,1489,213117,25082,188035,516,36410,0.034056199999668
27,baseline,648,672,720,1459,211681,24169,187512,481,35929,13.0768094
28,baseline,672,696,744,1480,217399,25122,192277,494,35435,16.6663569000002
29,baseline,696,720,768,1490,213224,23742,189482,486,34949,16.1812626000001
30,baseline,720,744,792,1503,215482,25807,189675,501,34448,0.0339100999999573
31,baseline,744,768,816,1479,209508,24379,185129,504,33944,0.135372300000199
32,baseline,768,792,840,1471,205561,23816,181745,498,33446,0.0309509999997317
33,baseline,792,816,864,1456,205408,24513,180895,477,32969,15.7599291000001
34,baseline,816,840,888,1459,205003,23624,181379,496,32473,15.9896624999997
35,baseline,840,864,912,1473,205422,22991,182431,483,31990,45.4129257
36,baseline,864,888,936,1472,206065,23124,182941,480,31510,15.9494260000001
37,baseline,888,912,960,1487,207571,23803,183768,508,31002,16.1230259999998
38,baseline,912,936,984,1457,209717,23850,185867,484,30518,15.8918891000003
39,baseline,936,960,1008,1487,214521,26262,188259,495,30023,21.1587202999999
40,baseline,960,984,1032,1521,208983,23789,185194,478,29545,16.0215384999997
41,baseline,984,1008,1056,1506,217052,24694,192358,514,29031,17.7487366999999
42,baseline,1008,1032,1080,1510,211691,26292,185399,529,28502,0.0350732000001699
43,baseline,1032,1056,1104,1457,200203,22138,178065,463,28039,0.0338520000000244
44,baseline,1056,1080,1128,1490,210168,24949,185219,518,27521,16.1094545000001
45,baseline,1080,1104,1152,1435,204242,22388,181854,477,27044,15.5625651999999
46,baseline,1104,1128,1176,1444,201768,24615,177153,496,26548,14.5082189
47,baseline,1128,1152,1200,1435,196314,21351,174963,463,26085,13.3130947
48,baseline,1152,1176,1224,1467,213736,24306,189430,485,25600,16.2870511000001
49,baseline,1176,1200,1248,1527,222908,25473,197435,488,25112,23.4436581999998
50,baseline,1200,1224,1272,1525,223920,24805,199115,495,24617,0.0386567000000468
51,baseline,1224,1248,1296,1506,225246,28006,197240,545,24072,0.0365116000002672
52,baseline,1248,1272,1320,1527,212037,24277,187760,485,23587,0.0348960000001171
53,baseline,1272,1296,1344,1522,213809,24043,189766,476,23111,0.100688999999875
54,baseline,1296,1320,1368,1531,218311,26197,192114,566,22545,30.0926663
55,baseline,1320,1344,1392,1472,203415,22545,180870,480,22065,16.0167007
56,baseline,1344,1368,1416,1471,208117,24153,183964,484,21581,16.4437985
57,baseline,1368,1392,1440,1429,201639,25221,176418,508,21073,0.0369952999999441
58,baseline,1392,1416,1464,1384,185629,21607,164022,479,20594,0.0314478000000236
59,baseline,1416,1440,1488,1430,189423,20867,168556,442,20152,0.0398824000003515
60,baseline,1440,1464,1512,1480,211331,23611,187720,464,19688,0.0349740999999995
61,baseline,1464,1488,1536,1508,218107,25617,192490,525,19163,0.0355588000002172
62,baseline,1488,1512,1560,1502,216696,26335,190361,492,18671,0.0366195999999945
63,baseline,1512,1536,1584,1522,212166,23427,188739,491,18180,0.0375146999999743
64,baseline,1536,1560,1608,1553,220542,25742,194800,519,17661,0.0479043999998794
65,baseline,1560,1584,1632,1564,220926,26197,194729,512,17149,0.0373682999997982
66,baseline,1584,1608,1656,1572,223958,25443,198515,522,16627,0.0353324000002431
67,baseline,1608,1632,1680,1572,224097,26246,197851,530,16097,17.7986534000001
68,baseline,1632,1656,1704,1566,221701,25485,196216,520,15577,16.5503857000003
69,baseline,1656,1680,1728,1536,216614,24838,191776,522,15055,17.2258207
70,baseline,1680,1704,1752,1494,219571,26082,193489,524,14531,0.0363913999999568
71,baseline,1704,1728,1776,1480,213159,25030,188129,490,14041,0.0370534000003317
72,baseline,1728,1752,1800,1494,212801,24699,188102,480,13561,0.0405279999999948
73,baseline,1752,1776,1824,1565,217211,24398,192813,510,13051,13.7781734999999
74,baseline,1776,1800,1848,1525,222642,26760,195882,505,12546,17.2880713
75,baseline,1800,1824,1872,1547,222734,26733,196001,551,11995,19.0760986
76,baseline,1824,1848,1896,1477,213674,23109,190565,470,11525,0.0348751000001357
77,baseline,1848,1872,1920,1491,222167,26732,195435,526,10999,0.0395745999999235
78,baseline,1872,1896,1944,1468,210061,24969,185092,481,10518,15.9964755999999
79,baseline,1896,1920,1968,1481,208125,23226,184899,484,10034,16.1240673000002
80,baseline,1920,1944,1992,1483,213894,24058,189836,503,9531,14.5190693
81,baseline,1944,1968,2016,1511,217629,25073,192556,494,9037,16.8012967
82,baseline,1968,1992,2040,1510,224656,25179,199477,486,8551,17.4077975999999
83,baseline,1992,2016,2064,1539,226316,24745,201571,531,8020,20.7196465000002
84,baseline,2016,2040,2088,1503,216798,25524,191274,493,7527,0.0369861999997738
85,baseline,2040,2064,2112,1502,213323,24511,188812,515,7012,16.1584276000003
86,baseline,2064,2088,2136,1455,206771,23651,183120,495,6517,15.4418787
87,baseline,2088,2112,2160,1436,206105,24593,181512,492,6025,17.6580855000002
88,baseline,2112,2136,2184,1418,200928,22807,178121,468,5557,0.0361042999998062
89,baseline,2136,2160,2208,1484,205941,24137,181804,476,5081,0.0362196000000949
90,baseline,2160,2184,2232,1494,215514,22488,193026,474,4607,0.0374675999996725
91,baseline,2184,2208,2256,1526,231710,28780,202930,534,4073,0.0393330000001697
92,baseline,2208,2232,2280,1497,212208,23870,188338,486,3587,0.0374452000000929
93,baseline,2232,2256,2304,1532,221307,26084,195223,506,3081,0.0374932999998236
94,baseline,2256,2280,2328,1504,220038,24878,195160,505,2576,16.6898494000002
95,baseline,2280,2304,2352,1539,218222,26417,191805,521,2055,28.9095667000001
96,baseline,2304,2328,2376,1517,215515,24191,191324,478,1577,17.30647
97,baseline,2328,2352,2400,1577,222874,25270,197604,539,1038,17.5518404999998
98,baseline,2352,2376,2406,1038,109681,24310,85371,500,538,7.76385049999999
99,baseline,2376,2400,2406,538,34229,27494,6735,538,0,3.09765779999998
