Split,Model,SourceRegion,TaskType,ObservationCount,ActualTotal_GPU,WAPE,RMSE,MAE
test,HierarchicalLocalMean,ALL,ALL,432,17449,0.651931365179485,53.4704251958343,26.3322925717982
test,SameHour24Baseline,ALL,ALL,432,17449,0.874032895867958,72.8628372735756,35.3032407407407
test,HierarchicalLocalMean,RegionA,AITraining,24,579,1.59997347619721,48.186266841398,38.5993601132577
test,SameHour24Baseline,RegionA,AITraining,24,579,1.29879101899827,58.1205643468816,31.3333333333333
test,HierarchicalLocalMean,RegionA,BatchInference,24,513,0.69878246858304,20.7556651641448,14.9364752659625
test,SameHour24Baseline,RegionA,BatchInference,24,513,0.834307992202729,23.3719917850405,17.8333333333333
test,HierarchicalLocalMean,RegionA,RealTimeInference,24,208,0.629630282868401,6.14831865363809,5.45679578485947
test,SameHour24Baseline,RegionA,RealTimeInference,24,208,0.836538461538462,9.1104335791443,7.25
test,HierarchicalLocalMean,RegionB,AITraining,24,722,1.25101679526077,43.4799727017591,37.6347552574282
test,SameHour24Baseline,RegionB,AITraining,24,722,1.83379501385042,84.0084321164648,55.1666666666667
test,HierarchicalLocalMean,RegionB,BatchInference,24,527,0.651942064142862,18.8145391894413,14.3155611584703
test,SameHour24Baseline,RegionB,BatchInference,24,527,0.916508538899431,28.196483232252,20.125
test,HierarchicalLocalMean,RegionB,RealTimeInference,24,190,0.559436310081598,5.23699664559436,4.42887078814599
test,SameHour24Baseline,RegionB,RealTimeInference,24,190,0.968421052631579,9.77667291737498,7.66666666666667
test,HierarchicalLocalMean,RegionC,AITraining,24,424,1.45506311760576,31.9628233875729,25.7061150777018
test,SameHour24Baseline,RegionC,AITraining,24,424,1.64622641509434,53.5964862032329,29.0833333333333
test,HierarchicalLocalMean,RegionC,BatchInference,24,309,0.757753033904111,11.4043824477186,9.75607031151542
test,SameHour24Baseline,RegionC,BatchInference,24,309,0.867313915857605,14.8660687473185,11.1666666666667
test,HierarchicalLocalMean,RegionC,RealTimeInference,24,156,0.654447237911871,5.76240519267527,4.25390704642716
test,SameHour24Baseline,RegionC,RealTimeInference,24,156,1.01282051282051,8.43603382322918,6.58333333333333
test,HierarchicalLocalMean,RegionD,AITraining,24,3626,0.56053101571507,101.956684580598,84.6868942909518
test,SameHour24Baseline,RegionD,AITraining,24,3626,0.677606177606178,122.543699688451,102.375
test,HierarchicalLocalMean,RegionD,BatchInference,24,537,0.659011376859193,18.6790445777608,14.7453795572244
test,SameHour24Baseline,RegionD,BatchInference,24,537,0.899441340782123,26.73091219294,20.125
test,HierarchicalLocalMean,RegionD,RealTimeInference,24,30,1.32323545376053,2.45956344128627,1.65404431720066
test,SameHour24Baseline,RegionD,RealTimeInference,24,30,0.866666666666667,2.43241991988774,1.08333333333333
test,HierarchicalLocalMean,RegionE,AITraining,24,4189,0.571132917458503,141.623052908903,99.6864913014029
test,SameHour24Baseline,RegionE,AITraining,24,4189,0.891620911912151,196.129527778626,155.625
test,HierarchicalLocalMean,RegionE,BatchInference,24,462,0.707138630841602,19.1492405557749,13.6124186437008
test,SameHour24Baseline,RegionE,BatchInference,24,462,1.02380952380952,26.4520005544634,19.7083333333333
test,HierarchicalLocalMean,RegionE,RealTimeInference,24,31,1.32637396624156,2.1295411145926,1.71323303972868
test,SameHour24Baseline,RegionE,RealTimeInference,24,31,1.29032258064516,2.67706306736817,1.66666666666667
test,HierarchicalLocalMean,RegionF,AITraining,24,4696,0.469787930860816,117.897537865601,91.9218384717663
test,SameHour24Baseline,RegionF,AITraining,24,4696,0.682921635434412,158.786937959854,133.625
test,HierarchicalLocalMean,RegionF,BatchInference,24,235,1.00054569865234,11.6433430436771,9.79700996597079
test,SameHour24Baseline,RegionF,BatchInference,24,235,1.44255319148936,17.6812047100869,14.125
test,HierarchicalLocalMean,RegionF,RealTimeInference,24,15,1.72167344104445,1.54741339004291,1.07604590065278
test,SameHour24Baseline,RegionF,RealTimeInference,24,15,1.46666666666667,2.19848432637882,0.916666666666667
validation,HierarchicalLocalMean,ALL,ALL,432,14134,0.724122226455045,45.7417339530887,23.6915359923972
validation,SameHour24Baseline,ALL,ALL,432,14134,1.09572661666903,69.924877017596,35.849537037037
validation,HierarchicalLocalMean,RegionA,AITraining,24,461,1.66831464399842,38.959537971345,32.045543786803
validation,SameHour24Baseline,RegionA,AITraining,24,461,2.43600867678959,75.7311582727567,46.7916666666667
validation,HierarchicalLocalMean,RegionA,BatchInference,24,381,0.747189489218147,15.4454749493482,11.8616331413381
validation,SameHour24Baseline,RegionA,BatchInference,24,381,1.20472440944882,23.4494136387245,19.125
validation,HierarchicalLocalMean,RegionA,RealTimeInference,24,180,0.677060040438078,5.94335117764391,5.07795030328559
validation,SameHour24Baseline,RegionA,RealTimeInference,24,180,0.916666666666667,9.40522904204535,6.875
validation,HierarchicalLocalMean,RegionB,AITraining,24,864,1.19145505982118,60.3862478669507,42.8923821535625
validation,SameHour24Baseline,RegionB,AITraining,24,864,1.78472222222222,92.2532745579617,64.25
validation,HierarchicalLocalMean,RegionB,BatchInference,24,380,1.07946518473041,20.4302921387306,17.0915320915648
validation,SameHour24Baseline,RegionB,BatchInference,24,380,1.16052631578947,23.1471740535787,18.375
validation,HierarchicalLocalMean,RegionB,RealTimeInference,24,234,0.577092066617614,7.36116830736305,5.62664764952173
validation,SameHour24Baseline,RegionB,RealTimeInference,24,234,0.696581196581197,8.93728146585974,6.79166666666667
validation,HierarchicalLocalMean,RegionC,AITraining,24,458,1.53183160912356,43.1630905576259,29.2324532074413
validation,SameHour24Baseline,RegionC,AITraining,24,458,2.29257641921397,72.0289293733196,43.75
validation,HierarchicalLocalMean,RegionC,BatchInference,24,275,0.846643847731061,11.2375497848622,9.70112742191841
validation,SameHour24Baseline,RegionC,BatchInference,24,275,0.996363636363636,14.7280910734102,11.4166666666667
validation,HierarchicalLocalMean,RegionC,RealTimeInference,24,196,0.635169025736544,6.85509648369831,5.18721371018177
validation,SameHour24Baseline,RegionC,RealTimeInference,24,196,0.974489795918367,9.85942865146522,7.95833333333333
validation,HierarchicalLocalMean,RegionD,AITraining,24,3417,0.452362582564972,81.5872368285581,64.4051226926879
validation,SameHour24Baseline,RegionD,AITraining,24,3417,0.9657594381036,161.473165985353,137.5
validation,HierarchicalLocalMean,RegionD,BatchInference,24,506,0.616661808516448,17.6703439224964,13.0012864628884
validation,SameHour24Baseline,RegionD,BatchInference,24,506,0.986166007905138,23.9139080871362,20.7916666666667
validation,HierarchicalLocalMean,RegionD,RealTimeInference,24,14,2.27839771390272,2.43381371869052,1.32906533310992
validation,SameHour24Baseline,RegionD,RealTimeInference,24,14,2.71428571428571,3.43996124009172,1.58333333333333
validation,HierarchicalLocalMean,RegionE,AITraining,24,2714,0.81181887728608,106.019258784558,91.8031847064342
validation,SameHour24Baseline,RegionE,AITraining,24,2714,0.976418570375829,137.087563257941,110.416666666667
validation,HierarchicalLocalMean,RegionE,BatchInference,24,275,0.936884712794149,13.1521888561549,10.7351373340996
validation,SameHour24Baseline,RegionE,BatchInference,24,275,1.30909090909091,19.7652894404981,15
validation,HierarchicalLocalMean,RegionE,RealTimeInference,24,21,1.68191722950225,1.90014929320327,1.47167757581447
validation,SameHour24Baseline,RegionE,RealTimeInference,24,21,1.23809523809524,2.23606797749979,1.08333333333333
validation,HierarchicalLocalMean,RegionF,AITraining,24,3493,0.510395563485358,105.739657647489,74.2838209689315
validation,SameHour24Baseline,RegionF,AITraining,24,3493,0.817921557400515,144.446789510878,119.041666666667
validation,HierarchicalLocalMean,RegionF,BatchInference,24,242,0.912811555752211,11.7390508720419,9.20418318716813
validation,SameHour24Baseline,RegionF,BatchInference,24,242,1.34710743801653,17.0733710789639,13.5833333333333
validation,HierarchicalLocalMean,RegionF,RealTimeInference,24,23,1.56280292493772,2.31827554498926,1.49768613639865
validation,SameHour24Baseline,RegionF,RealTimeInference,24,23,1,2.50831949054874,0.958333333333333
