WindowID,Mode,WindowStartHour,DecisionEndHourExclusive,PlanEndHourExclusive,ResourceEndHourExclusive,ActiveClassCount,CandidateOptionCount,DecisionIntegerOptionCount,LookaheadContinuousOptionCount,CommittedTaskCount,RemainingTaskCount,MIPGap,ElapsedSeconds,ZStar,EstimatedMaxNormalizedDeviation,EstimatedD_Cost,EstimatedD_Carbon,EstimatedD_MeanLatency,EstimatedD_RenewableUnusedRate,PastDelta_Cost,PastDelta_Carbon,PastDelta_MeanLatency,PastDelta_RenewableUnusedRate,BaselineScope_Cost,BaselineScope_Carbon,BaselineScope_MeanLatency,BaselineScope_RenewableUnusedRate
0,balanced,0,24,72,78,1497,215898,23990,191908,434,49566,0,379.861241300001,1,1,0.974102601523813,1,0.0548229590793344,0.980182308747354,0,0,0,0,-12764709.7261475,0,0.1497,0.0095913615783311
1,balanced,24,48,96,102,1579,252687,37032,215655,444,49122,0.999999,181.6144977,1000000,3332.33765853415,2.73305054108843,3332.33765853415,0.134378053981025,1.72347257133411,-236446.456407354,0,0.13096,2.10228880050851e-05,-12719293.3246667,0,0.1579,0.00961722066554456
2,balanced,48,72,120,126,1629,272241,45076,227165,436,48686,0.999998563758871,181.5635769,1000000,1160.66832994819,2.03882599083787,1160.66832994819,0.167977272565777,1.72240788026429,-389643.062568504,3.86097936000002,0.32314,0.000149072468546793,-12650110.7283809,0,0.1629,0.00963149128272464
3,balanced,72,96,144,150,1685,287324,49379,237945,506,48180,0,82.9629553999985,1.99125862661023,1.99125862661023,1.65069543373678,1.99125862661023,0.202733216347983,1.71763485241504,-443141.759269143,8.77319638221997,0.53668,0.000196755668738486,-12598903.8779631,0,0.1685,0.00963719358967284
4,balanced,96,120,168,174,1680,296360,50034,246326,484,47696,0,88.2711586000005,1.99125862661023,1.99125862661023,1.66146260404766,1.99125862661023,0.235082542059652,1.73601665352334,-544262.604233507,8.77319638221997,0.76392,0.000190801800461582,-12621729.4388048,0,0.168,0.00961133601790528
5,balanced,120,144,192,198,1693,304815,54111,250704,473,47223,0,93.5915362000014,1.99125862661023,1.99125862661023,1.63839916265828,1.99125862661023,0.278072842659581,1.71026368905883,-679007.655167602,8.77319638221997,1.00492,0.000211485492015169,-12729509.9189701,0,0.1693,0.00956889884677189
6,balanced,144,168,216,222,1734,316125,56975,259150,479,46744,0,99.4961659999972,1.99125862661023,1.99125862661023,1.66036469299468,1.99125862661023,0.308158273401127,1.72315822634125,-719185.356804159,8.77319638221997,1.21912,0.000230644971251606,-12818427.8488035,0,0.1734,0.00960442563631039
7,balanced,168,192,240,246,1747,327908,59137,268771,473,46271,0,112.956007000001,1.99125862661023,1.99125862661023,1.67979191704499,1.99125862661023,0.346021457167619,1.74152509093013,-679893.757381123,8.77319638221997,1.4499,0.000253127780923765,-12911795.2327634,0,0.1747,0.00962761725949711
8,balanced,192,216,264,270,1805,338776,63669,275107,518,45753,0,129.701182199999,1.99125862661023,1.99125862661023,1.69334859430641,1.99125862661023,0.382382370958128,1.72551800595943,-724800.315965548,8.77319638221997,1.68754,0.00020140685034685,-12904932.9516063,0,0.1805,0.00966034816331597
