WindowID,WindowStartHour,WindowEndHour,Model,WAPE,RMSE,MAE,HistoryWindowHours
1,720,743,HierarchicalLocalMean,0.738015807840045,47.2852879728203,25.1437885643282,72
1,720,743,SameHour24Baseline,1.02935181410518,71.5135962208897,35.0694444444444,24
2,744,767,HierarchicalLocalMean,0.702208035927466,44.6780139577049,23.5174672773115,72
2,744,767,SameHour24Baseline,0.912496544097318,61.4092977638716,30.5601851851852,24
3,768,791,HierarchicalLocalMean,0.846407909424362,47.5635688774924,26.6442156487544,72
3,768,791,SameHour24Baseline,0.963967938819031,60.088957973744,30.3449074074074,24
4,792,815,HierarchicalLocalMean,0.740963575487232,40.7776515658385,22.4758951231127,72
4,792,815,SameHour24Baseline,1.064942002442,65.4664000616884,32.3032407407407,24
5,816,839,HierarchicalLocalMean,0.739609652315781,49.0510247739548,24.7923318870019,72
5,816,839,SameHour24Baseline,0.954008701056557,65.7530628775404,31.9791666666667,24
6,840,863,HierarchicalLocalMean,0.742752750744233,51.6527708033549,24.7721797053771,72
6,840,863,SameHour24Baseline,1.01908661854525,69.1850209917554,33.9884259259259,24
7,864,887,HierarchicalLocalMean,0.790463689526276,49.4636177643487,25.3369229371999,72
7,864,887,SameHour24Baseline,1.06066295948581,77.0980466438437,33.9976851851852,24
8,888,911,HierarchicalLocalMean,0.791208852260105,54.6558266450604,27.0128225971858,72
8,888,911,SameHour24Baseline,0.985558342938504,71.0943231051381,33.6481481481481,24
9,912,935,HierarchicalLocalMean,0.691561656259492,41.5810359816256,22.664652614171,72
9,912,935,SameHour24Baseline,0.934948439045063,63.5563871837587,30.6412037037037,24
10,936,959,HierarchicalLocalMean,0.770348616114709,53.6862191872019,26.4860833221106,72
10,936,959,SameHour24Baseline,1.0241028748401,71.2869949440159,35.2106481481481,24
11,960,983,HierarchicalLocalMean,0.732750885436486,44.7384923873426,22.8017827613951,72
11,960,983,SameHour24Baseline,1.10377147958045,73.1918774586766,34.3472222222222,24
12,984,1007,HierarchicalLocalMean,0.785909017914134,48.7213857358577,26.0186823477036,72
12,984,1007,SameHour24Baseline,1.01629142777234,64.5808243240234,33.6458333333333,24
13,1008,1031,HierarchicalLocalMean,0.693751848524801,45.1230493479099,24.2941619548222,72
13,1008,1031,SameHour24Baseline,0.947514542570069,65.5676777869277,33.1805555555556,24
14,1032,1055,HierarchicalLocalMean,0.72340585038478,50.2407610584926,23.8757421638569,72
14,1032,1055,SameHour24Baseline,1.03843456305232,72.9089678475329,34.2731481481481,24
15,1056,1079,HierarchicalLocalMean,0.726449679064525,44.5721303670936,23.4683604653345,72
15,1056,1079,SameHour24Baseline,0.972914875322442,66.3171043798908,31.4305555555556,24
16,1080,1103,HierarchicalLocalMean,0.716804858078549,44.1626221855526,23.9051101628186,72
16,1080,1103,SameHour24Baseline,0.988755466092872,65.1469315101271,32.974537037037,24
17,1104,1127,HierarchicalLocalMean,0.766957285963003,52.2503912558916,26.8790122904627,72
17,1104,1127,SameHour24Baseline,0.90891677675033,65.6471170843129,31.8541666666667,24
18,1128,1151,HierarchicalLocalMean,0.751060646439228,44.7035566807326,23.9591823346736,72
18,1128,1151,SameHour24Baseline,1.04527973296568,67.6402692079099,33.3449074074074,24
19,1152,1175,HierarchicalLocalMean,0.750867372677367,41.0548155217877,22.526021180321,72
19,1152,1175,SameHour24Baseline,1.00393518518519,58.2266285970412,30.1180555555556,24
20,1176,1199,HierarchicalLocalMean,0.762502085277473,54.1160419741006,27.1711969925033,72
20,1176,1199,SameHour24Baseline,0.958815122775107,74.2146848301901,34.1666666666667,24
21,1200,1223,HierarchicalLocalMean,0.773464954823,57.8014816011413,28.4839212182387,72
21,1200,1223,SameHour24Baseline,1.01294864542083,79.9210982434829,37.3032407407407,24
22,1224,1247,HierarchicalLocalMean,0.654628358379175,49.8043144046033,26.1624041838344,72
22,1224,1247,SameHour24Baseline,0.864755285259195,70.6050242153095,34.5601851851852,24
23,1248,1271,HierarchicalLocalMean,0.782830918526319,49.1758252712439,26.880819086619,72
23,1248,1271,SameHour24Baseline,1.07543481191857,69.9202753670737,36.9282407407407,24
24,1272,1295,HierarchicalLocalMean,0.840496263498277,48.175271026797,26.1351534897508,72
24,1272,1295,SameHour24Baseline,1.07042358371175,69.2673798220158,33.2847222222222,24
25,1296,1319,HierarchicalLocalMean,0.760775187236271,55.9848054884031,28.4040347104949,72
25,1296,1319,SameHour24Baseline,1.00217000434001,77.3529967817092,37.4166666666667,24
26,1320,1343,HierarchicalLocalMean,0.839778741991584,48.0546091396918,26.3247308427084,72
26,1320,1343,SameHour24Baseline,1.14776251661498,74.9005977081427,35.9791666666667,24
27,1344,1367,HierarchicalLocalMean,0.730115205991959,51.8424933552869,25.3343216153228,72
27,1344,1367,SameHour24Baseline,0.966644429619747,70.0582429654599,33.5416666666667,24
28,1368,1391,HierarchicalLocalMean,0.720364373070717,51.1415098040768,25.9347849406687,72
28,1368,1391,SameHour24Baseline,0.968623416704173,72.8562924657291,34.8726851851852,24
29,1392,1415,HierarchicalLocalMean,0.772440186012719,41.9674998371145,23.6416762487504,72
29,1392,1415,SameHour24Baseline,1.04000907578279,65.0170739683616,31.8310185185185,24
30,1416,1439,HierarchicalLocalMean,0.834258889109192,41.7960051672966,23.8246572105095,72
30,1416,1439,SameHour24Baseline,1.04798573397098,58.0063254852115,29.9282407407407,24
31,1440,1463,HierarchicalLocalMean,0.819242007963679,45.1908987772218,25.7018216063235,72
31,1440,1463,SameHour24Baseline,1.01276470154209,60.0954487707926,31.7731481481481,24
32,1464,1487,HierarchicalLocalMean,0.736370836755767,47.8136860653787,25.0025172072537,72
32,1464,1487,SameHour24Baseline,0.986705754022362,61.0024096366814,33.5023148148148,24
33,1488,1511,HierarchicalLocalMean,0.733036825597197,59.4950832789556,27.5075462494356,72
33,1488,1511,SameHour24Baseline,0.912405156992166,72.2699895453769,34.2384259259259,24
34,1512,1535,HierarchicalLocalMean,0.756908481302964,48.3776985912137,24.6310634957339,72
34,1512,1535,SameHour24Baseline,1.12171005832978,80.8365835543582,36.5023148148148,24
35,1536,1559,HierarchicalLocalMean,0.714557485916462,50.5622196639695,25.0971776245613,72
35,1536,1559,SameHour24Baseline,0.91853951097344,67.6897367623997,32.2615740740741,24
36,1560,1583,HierarchicalLocalMean,0.785393206029916,49.3030225977576,25.9470644362476,72
36,1560,1583,SameHour24Baseline,1.01548486547085,67.551472144498,33.5486111111111,24
37,1584,1607,HierarchicalLocalMean,0.743109993527696,55.1250842615147,27.7169706613698,72
37,1584,1607,SameHour24Baseline,1.00608204555328,75.9710440696785,37.525462962963,24
38,1608,1631,HierarchicalLocalMean,0.796176096346329,55.3974004850451,28.5314864526332,72
38,1608,1631,SameHour24Baseline,0.963762030876558,71.5746825713198,34.537037037037,24
39,1632,1655,HierarchicalLocalMean,0.817837099552201,58.8932480982248,29.1827752074009,72
39,1632,1655,SameHour24Baseline,1.02121310411936,75.1029540278124,36.4398148148148,24
40,1656,1679,HierarchicalLocalMean,0.803313826823798,52.1970417365712,27.3070915437673,72
40,1656,1679,SameHour24Baseline,1.13735103847463,85.1623177841607,38.662037037037,24
41,1680,1703,HierarchicalLocalMean,0.702960974738653,50.5568157043931,25.9884021471089,72
41,1680,1703,SameHour24Baseline,0.956233172625384,74.7524309031213,35.3518518518519,24
42,1704,1727,HierarchicalLocalMean,0.75956336272849,53.0350386904224,26.6480146423912,72
42,1704,1727,SameHour24Baseline,0.966547901821061,68.9293284082677,33.9097222222222,24
43,1728,1751,HierarchicalLocalMean,0.750241793415659,47.8307579828113,25.595054517037,72
43,1728,1751,SameHour24Baseline,0.975166236938526,67.561357572484,33.2685185185185,24
44,1752,1775,HierarchicalLocalMean,0.790672980837079,53.4571998523824,28.0011711431168,72
44,1752,1775,SameHour24Baseline,0.953068828027976,69.7800943971422,33.7523148148148,24
45,1776,1799,HierarchicalLocalMean,0.768064060713925,47.9515793210102,26.0039466481525,72
45,1776,1799,SameHour24Baseline,1.06474770955832,75.0054781949909,36.0486111111111,24
46,1800,1823,HierarchicalLocalMean,0.741328921161835,59.0322099449434,28.9615930612229,72
46,1800,1823,SameHour24Baseline,0.94833204953487,76.8072834846819,37.0486111111111,24
47,1824,1847,HierarchicalLocalMean,0.855225649617477,56.1371712537035,27.4602661709353,72
47,1824,1847,SameHour24Baseline,1.12724389013049,81.8889548469507,36.1944444444444,24
48,1848,1871,HierarchicalLocalMean,0.77961192217953,46.3090689952765,25.913073126333,72
48,1848,1871,SameHour24Baseline,0.977087540915106,73.243695215963,32.4768518518519,24
49,1872,1895,HierarchicalLocalMean,0.809814256174492,47.4032523714447,25.5016507893467,72
49,1872,1895,SameHour24Baseline,1.02403704792708,66.7747561250174,32.2476851851852,24
50,1896,1919,HierarchicalLocalMean,0.782352616070205,44.8090635735926,23.8635657915674,72
50,1896,1919,SameHour24Baseline,1.07103286028686,65.9175094762807,32.6689814814815,24
51,1920,1943,HierarchicalLocalMean,0.749846272449831,52.8070601514603,27.0326524239205,72
51,1920,1943,SameHour24Baseline,0.904905611917298,67.1281768680606,32.6226851851852,24
52,1944,1967,HierarchicalLocalMean,0.786538007159025,55.509443206758,27.7655199286461,72
52,1944,1967,SameHour24Baseline,1.04104918032787,77.3488969013253,36.75,24
53,1968,1991,HierarchicalLocalMean,0.689509656469759,45.4963587707819,24.3147919135655,72
53,1968,1991,SameHour24Baseline,0.998424576604963,69.3414792223294,35.2083333333333,24
54,1992,2015,HierarchicalLocalMean,0.690466749829843,48.2998362982961,25.7774253269808,72
54,1992,2015,SameHour24Baseline,0.870535714285714,64.4789299493052,32.5,24
55,2016,2039,HierarchicalLocalMean,0.693825188054791,46.9291041537462,25.0371316124679,72
55,2016,2039,SameHour24Baseline,1.05157482840464,74.0916130856228,37.9467592592593,24
56,2040,2063,HierarchicalLocalMean,0.85244436702725,50.6811475841877,27.9037402641952,72
56,2040,2063,SameHour24Baseline,1.01972986351743,68.2959247198055,33.3796296296296,24
57,2064,2087,HierarchicalLocalMean,0.750120562454349,48.8821405788141,25.2505861555813,72
57,2064,2087,SameHour24Baseline,1.06195846513547,71.8482035394891,35.7476851851852,24
58,2088,2111,HierarchicalLocalMean,0.766282927936438,50.2959252339,26.340975647815,72
58,2088,2111,SameHour24Baseline,0.985993265993266,72.9182698236462,33.8935185185185,24
59,2112,2135,HierarchicalLocalMean,0.763069167002296,48.9447323109495,24.8350752038247,72
59,2112,2135,SameHour24Baseline,1.08165007112376,72.3863732828012,35.2037037037037,24
60,2136,2159,HierarchicalLocalMean,0.79679773244799,55.3764011933452,27.9487871291305,72
60,2136,2159,SameHour24Baseline,0.981917772058338,74.9943979389276,34.4421296296296,24
61,2160,2183,HierarchicalLocalMean,0.822327118307907,49.8747717024424,26.0270340014445,72
61,2160,2183,SameHour24Baseline,1.12382066847071,73.546502044373,35.5694444444444,24
62,2184,2207,HierarchicalLocalMean,0.686116583599962,50.3720116081705,26.518723602705,72
62,2184,2207,SameHour24Baseline,0.831287057555249,65.245441163292,32.1296296296296,24
63,2208,2231,HierarchicalLocalMean,0.803762413228796,56.6985746052695,28.4870516410789,72
63,2208,2231,SameHour24Baseline,0.984129057540331,74.4621144037791,34.8796296296296,24
64,2232,2255,HierarchicalLocalMean,0.782862954430832,47.689854072795,26.160670393897,72
64,2232,2255,SameHour24Baseline,1.01226101413134,72.2018614462002,33.8263888888889,24
65,2256,2279,HierarchicalLocalMean,0.804231750119364,48.9541139381986,26.3646528823853,72
65,2256,2279,SameHour24Baseline,1.03770653862449,70.5482498404855,34.0185185185185,24
66,2280,2303,HierarchicalLocalMean,0.80033430333979,52.401894438527,27.022398491931,72
66,2280,2303,SameHour24Baseline,1.05196764020293,77.4052886029353,35.5185185185185,24
67,2304,2327,HierarchicalLocalMean,0.807269095033807,55.7820652936694,27.3892201988669,72
67,2304,2327,SameHour24Baseline,0.999044824998294,71.4636821775255,33.8958333333333,24
68,2328,2351,HierarchicalLocalMean,0.757477437217589,50.8807777568073,26.6116552422485,72
68,2328,2351,SameHour24Baseline,0.94748632799631,68.3697734816046,33.287037037037,24
