Model,Level,Entity,Hour,Actual_GPU_Demand,IndependentPrediction,ReconciledPrediction,FitEndHour,HistoryWindowHours,Split
HierarchicalLocalMean,Region,RegionA,2376,14,51.7916666666667,51.7916666666667,2375,72,test
HierarchicalLocalMean,Region,RegionA,2377,55,51.7916666666667,51.7916666666667,2375,72,test
HierarchicalLocalMean,Region,RegionA,2378,8,51.7916666666667,51.7916666666667,2375,72,test
HierarchicalLocalMean,Region,RegionA,2379,43,51.7916666666667,51.7916666666667,2375,72,test
HierarchicalLocalMean,Region,RegionA,2380,122,51.7916666666667,51.7916666666667,2375,72,test
HierarchicalLocalMean,Region,RegionA,2381,50,51.7916666666667,51.7916666666667,2375,72,test
HierarchicalLocalMean,Region,RegionA,2382,20,51.7916666666667,51.7916666666667,2375,72,test
HierarchicalLocalMean,Region,RegionA,2383,42,51.7916666666667,51.7916666666667,2375,72,test
HierarchicalLocalMean,Region,RegionA,2384,12,51.7916666666667,51.7916666666667,2375,72,test
HierarchicalLocalMean,Region,RegionA,2385,5,51.7916666666667,51.7916666666667,2375,72,test
HierarchicalLocalMean,Region,RegionA,2386,21,51.7916666666667,51.7916666666667,2375,72,test
HierarchicalLocalMean,Region,RegionA,2387,27,51.7916666666667,51.7916666666667,2375,72,test
HierarchicalLocalMean,Region,RegionA,2388,203,51.7916666666667,51.7916666666667,2375,72,test
HierarchicalLocalMean,Region,RegionA,2389,35,51.7916666666667,51.7916666666667,2375,72,test
HierarchicalLocalMean,Region,RegionA,2390,16,51.7916666666667,51.7916666666667,2375,72,test
HierarchicalLocalMean,Region,RegionA,2391,143,51.7916666666667,51.7916666666667,2375,72,test
HierarchicalLocalMean,Region,RegionA,2392,59,51.7916666666667,51.7916666666667,2375,72,test
HierarchicalLocalMean,Region,RegionA,2393,34,51.7916666666667,51.7916666666667,2375,72,test
HierarchicalLocalMean,Region,RegionA,2394,20,51.7916666666667,51.7916666666667,2375,72,test
HierarchicalLocalMean,Region,RegionA,2395,31,51.7916666666667,51.7916666666667,2375,72,test
HierarchicalLocalMean,Region,RegionA,2396,117,51.7916666666667,51.7916666666667,2375,72,test
HierarchicalLocalMean,Region,RegionA,2397,204,51.7916666666667,51.7916666666667,2375,72,test
HierarchicalLocalMean,Region,RegionA,2398,15,51.7916666666667,51.7916666666667,2375,72,test
HierarchicalLocalMean,Region,RegionA,2399,4,51.7916666666667,51.7916666666667,2375,72,test
HierarchicalLocalMean,Region,RegionB,2376,37,61.2638888888889,61.2638888888889,2375,72,test
HierarchicalLocalMean,Region,RegionB,2377,10,61.2638888888889,61.2638888888889,2375,72,test
HierarchicalLocalMean,Region,RegionB,2378,23,61.2638888888889,61.2638888888889,2375,72,test
HierarchicalLocalMean,Region,RegionB,2379,16,61.2638888888889,61.2638888888889,2375,72,test
HierarchicalLocalMean,Region,RegionB,2380,170,61.2638888888889,61.2638888888889,2375,72,test
HierarchicalLocalMean,Region,RegionB,2381,82,61.2638888888889,61.2638888888889,2375,72,test
HierarchicalLocalMean,Region,RegionB,2382,15,61.2638888888889,61.2638888888889,2375,72,test
HierarchicalLocalMean,Region,RegionB,2383,42,61.2638888888889,61.2638888888889,2375,72,test
HierarchicalLocalMean,Region,RegionB,2384,85,61.2638888888889,61.2638888888889,2375,72,test
HierarchicalLocalMean,Region,RegionB,2385,45,61.2638888888889,61.2638888888889,2375,72,test
HierarchicalLocalMean,Region,RegionB,2386,182,61.2638888888889,61.2638888888889,2375,72,test
HierarchicalLocalMean,Region,RegionB,2387,48,61.2638888888889,61.2638888888889,2375,72,test
HierarchicalLocalMean,Region,RegionB,2388,11,61.2638888888889,61.2638888888889,2375,72,test
HierarchicalLocalMean,Region,RegionB,2389,72,61.2638888888889,61.2638888888889,2375,72,test
HierarchicalLocalMean,Region,RegionB,2390,38,61.2638888888889,61.2638888888889,2375,72,test
HierarchicalLocalMean,Region,RegionB,2391,91,61.2638888888889,61.2638888888889,2375,72,test
HierarchicalLocalMean,Region,RegionB,2392,11,61.2638888888889,61.2638888888889,2375,72,test
HierarchicalLocalMean,Region,RegionB,2393,13,61.2638888888889,61.2638888888889,2375,72,test
HierarchicalLocalMean,Region,RegionB,2394,78,61.2638888888889,61.2638888888889,2375,72,test
HierarchicalLocalMean,Region,RegionB,2395,114,61.2638888888889,61.2638888888889,2375,72,test
HierarchicalLocalMean,Region,RegionB,2396,82,61.2638888888889,61.2638888888889,2375,72,test
HierarchicalLocalMean,Region,RegionB,2397,26,61.2638888888889,61.2638888888889,2375,72,test
HierarchicalLocalMean,Region,RegionB,2398,72,61.2638888888889,61.2638888888889,2375,72,test
HierarchicalLocalMean,Region,RegionB,2399,76,61.2638888888889,61.2638888888889,2375,72,test
HierarchicalLocalMean,Region,RegionC,2376,7,39.5416666666667,39.5416666666667,2375,72,test
HierarchicalLocalMean,Region,RegionC,2377,114,39.5416666666667,39.5416666666667,2375,72,test
HierarchicalLocalMean,Region,RegionC,2378,38,39.5416666666667,39.5416666666667,2375,72,test
HierarchicalLocalMean,Region,RegionC,2379,28,39.5416666666667,39.5416666666667,2375,72,test
HierarchicalLocalMean,Region,RegionC,2380,34,39.5416666666667,39.5416666666667,2375,72,test
HierarchicalLocalMean,Region,RegionC,2381,117,39.5416666666667,39.5416666666667,2375,72,test
HierarchicalLocalMean,Region,RegionC,2382,99,39.5416666666667,39.5416666666667,2375,72,test
HierarchicalLocalMean,Region,RegionC,2383,2,39.5416666666667,39.5416666666667,2375,72,test
HierarchicalLocalMean,Region,RegionC,2384,23,39.5416666666667,39.5416666666667,2375,72,test
HierarchicalLocalMean,Region,RegionC,2385,40,39.5416666666667,39.5416666666667,2375,72,test
HierarchicalLocalMean,Region,RegionC,2386,19,39.5416666666667,39.5416666666667,2375,72,test
HierarchicalLocalMean,Region,RegionC,2387,116,39.5416666666667,39.5416666666667,2375,72,test
HierarchicalLocalMean,Region,RegionC,2388,18,39.5416666666667,39.5416666666667,2375,72,test
HierarchicalLocalMean,Region,RegionC,2389,13,39.5416666666667,39.5416666666667,2375,72,test
HierarchicalLocalMean,Region,RegionC,2390,7,39.5416666666667,39.5416666666667,2375,72,test
HierarchicalLocalMean,Region,RegionC,2391,8,39.5416666666667,39.5416666666667,2375,72,test
HierarchicalLocalMean,Region,RegionC,2392,34,39.5416666666667,39.5416666666667,2375,72,test
HierarchicalLocalMean,Region,RegionC,2393,22,39.5416666666667,39.5416666666667,2375,72,test
HierarchicalLocalMean,Region,RegionC,2394,0,39.5416666666667,39.5416666666667,2375,72,test
HierarchicalLocalMean,Region,RegionC,2395,13,39.5416666666667,39.5416666666667,2375,72,test
HierarchicalLocalMean,Region,RegionC,2396,32,39.5416666666667,39.5416666666667,2375,72,test
HierarchicalLocalMean,Region,RegionC,2397,16,39.5416666666667,39.5416666666667,2375,72,test
HierarchicalLocalMean,Region,RegionC,2398,28,39.5416666666667,39.5416666666667,2375,72,test
HierarchicalLocalMean,Region,RegionC,2399,61,39.5416666666667,39.5416666666667,2375,72,test
HierarchicalLocalMean,Region,RegionD,2376,129,186.444444444444,186.444444444444,2375,72,test
HierarchicalLocalMean,Region,RegionD,2377,209,186.444444444444,186.444444444444,2375,72,test
HierarchicalLocalMean,Region,RegionD,2378,170,186.444444444444,186.444444444444,2375,72,test
HierarchicalLocalMean,Region,RegionD,2379,394,186.444444444444,186.444444444444,2375,72,test
HierarchicalLocalMean,Region,RegionD,2380,105,186.444444444444,186.444444444444,2375,72,test
HierarchicalLocalMean,Region,RegionD,2381,178,186.444444444444,186.444444444444,2375,72,test
HierarchicalLocalMean,Region,RegionD,2382,117,186.444444444444,186.444444444444,2375,72,test
HierarchicalLocalMean,Region,RegionD,2383,129,186.444444444444,186.444444444444,2375,72,test
HierarchicalLocalMean,Region,RegionD,2384,74,186.444444444444,186.444444444444,2375,72,test
HierarchicalLocalMean,Region,RegionD,2385,98,186.444444444444,186.444444444444,2375,72,test
HierarchicalLocalMean,Region,RegionD,2386,180,186.444444444444,186.444444444444,2375,72,test
HierarchicalLocalMean,Region,RegionD,2387,141,186.444444444444,186.444444444444,2375,72,test
HierarchicalLocalMean,Region,RegionD,2388,92,186.444444444444,186.444444444444,2375,72,test
HierarchicalLocalMean,Region,RegionD,2389,276,186.444444444444,186.444444444444,2375,72,test
HierarchicalLocalMean,Region,RegionD,2390,353,186.444444444444,186.444444444444,2375,72,test
HierarchicalLocalMean,Region,RegionD,2391,144,186.444444444444,186.444444444444,2375,72,test
HierarchicalLocalMean,Region,RegionD,2392,250,186.444444444444,186.444444444444,2375,72,test
HierarchicalLocalMean,Region,RegionD,2393,43,186.444444444444,186.444444444444,2375,72,test
HierarchicalLocalMean,Region,RegionD,2394,255,186.444444444444,186.444444444444,2375,72,test
HierarchicalLocalMean,Region,RegionD,2395,157,186.444444444444,186.444444444444,2375,72,test
HierarchicalLocalMean,Region,RegionD,2396,235,186.444444444444,186.444444444444,2375,72,test
HierarchicalLocalMean,Region,RegionD,2397,64,186.444444444444,186.444444444444,2375,72,test
HierarchicalLocalMean,Region,RegionD,2398,400,186.444444444444,186.444444444444,2375,72,test
HierarchicalLocalMean,Region,RegionD,2399,0,186.444444444444,186.444444444444,2375,72,test
HierarchicalLocalMean,Region,RegionE,2376,145,125.055555555556,125.055555555556,2375,72,test
HierarchicalLocalMean,Region,RegionE,2377,381,125.055555555556,125.055555555556,2375,72,test
HierarchicalLocalMean,Region,RegionE,2378,379,125.055555555556,125.055555555556,2375,72,test
HierarchicalLocalMean,Region,RegionE,2379,70,125.055555555556,125.055555555556,2375,72,test
HierarchicalLocalMean,Region,RegionE,2380,93,125.055555555556,125.055555555556,2375,72,test
HierarchicalLocalMean,Region,RegionE,2381,168,125.055555555556,125.055555555556,2375,72,test
HierarchicalLocalMean,Region,RegionE,2382,29,125.055555555556,125.055555555556,2375,72,test
HierarchicalLocalMean,Region,RegionE,2383,300,125.055555555556,125.055555555556,2375,72,test
HierarchicalLocalMean,Region,RegionE,2384,163,125.055555555556,125.055555555556,2375,72,test
HierarchicalLocalMean,Region,RegionE,2385,144,125.055555555556,125.055555555556,2375,72,test
HierarchicalLocalMean,Region,RegionE,2386,118,125.055555555556,125.055555555556,2375,72,test
HierarchicalLocalMean,Region,RegionE,2387,436,125.055555555556,125.055555555556,2375,72,test
HierarchicalLocalMean,Region,RegionE,2388,0,125.055555555556,125.055555555556,2375,72,test
HierarchicalLocalMean,Region,RegionE,2389,150,125.055555555556,125.055555555556,2375,72,test
HierarchicalLocalMean,Region,RegionE,2390,533,125.055555555556,125.055555555556,2375,72,test
HierarchicalLocalMean,Region,RegionE,2391,316,125.055555555556,125.055555555556,2375,72,test
HierarchicalLocalMean,Region,RegionE,2392,118,125.055555555556,125.055555555556,2375,72,test
HierarchicalLocalMean,Region,RegionE,2393,0,125.055555555556,125.055555555556,2375,72,test
HierarchicalLocalMean,Region,RegionE,2394,278,125.055555555556,125.055555555556,2375,72,test
HierarchicalLocalMean,Region,RegionE,2395,269,125.055555555556,125.055555555556,2375,72,test
HierarchicalLocalMean,Region,RegionE,2396,121,125.055555555556,125.055555555556,2375,72,test
HierarchicalLocalMean,Region,RegionE,2397,148,125.055555555556,125.055555555556,2375,72,test
HierarchicalLocalMean,Region,RegionE,2398,191,125.055555555556,125.055555555556,2375,72,test
HierarchicalLocalMean,Region,RegionE,2399,132,125.055555555556,125.055555555556,2375,72,test
HierarchicalLocalMean,Region,RegionF,2376,141,146.569444444444,146.569444444444,2375,72,test
HierarchicalLocalMean,Region,RegionF,2377,323,146.569444444444,146.569444444444,2375,72,test
HierarchicalLocalMean,Region,RegionF,2378,305,146.569444444444,146.569444444444,2375,72,test
HierarchicalLocalMean,Region,RegionF,2379,111,146.569444444444,146.569444444444,2375,72,test
HierarchicalLocalMean,Region,RegionF,2380,345,146.569444444444,146.569444444444,2375,72,test
HierarchicalLocalMean,Region,RegionF,2381,191,146.569444444444,146.569444444444,2375,72,test
HierarchicalLocalMean,Region,RegionF,2382,181,146.569444444444,146.569444444444,2375,72,test
HierarchicalLocalMean,Region,RegionF,2383,159,146.569444444444,146.569444444444,2375,72,test
HierarchicalLocalMean,Region,RegionF,2384,179,146.569444444444,146.569444444444,2375,72,test
HierarchicalLocalMean,Region,RegionF,2385,400,146.569444444444,146.569444444444,2375,72,test
HierarchicalLocalMean,Region,RegionF,2386,126,146.569444444444,146.569444444444,2375,72,test
HierarchicalLocalMean,Region,RegionF,2387,226,146.569444444444,146.569444444444,2375,72,test
HierarchicalLocalMean,Region,RegionF,2388,345,146.569444444444,146.569444444444,2375,72,test
HierarchicalLocalMean,Region,RegionF,2389,48,146.569444444444,146.569444444444,2375,72,test
HierarchicalLocalMean,Region,RegionF,2390,102,146.569444444444,146.569444444444,2375,72,test
HierarchicalLocalMean,Region,RegionF,2391,79,146.569444444444,146.569444444444,2375,72,test
HierarchicalLocalMean,Region,RegionF,2392,251,146.569444444444,146.569444444444,2375,72,test
HierarchicalLocalMean,Region,RegionF,2393,246,146.569444444444,146.569444444444,2375,72,test
HierarchicalLocalMean,Region,RegionF,2394,356,146.569444444444,146.569444444444,2375,72,test
HierarchicalLocalMean,Region,RegionF,2395,149,146.569444444444,146.569444444444,2375,72,test
HierarchicalLocalMean,Region,RegionF,2396,135,146.569444444444,146.569444444444,2375,72,test
HierarchicalLocalMean,Region,RegionF,2397,115,146.569444444444,146.569444444444,2375,72,test
HierarchicalLocalMean,Region,RegionF,2398,161,146.569444444444,146.569444444444,2375,72,test
HierarchicalLocalMean,Region,RegionF,2399,272,146.569444444444,146.569444444444,2375,72,test
HierarchicalLocalMean,System,ALL,2376,473,610.666666666667,610.666666666667,2375,72,test
HierarchicalLocalMean,System,ALL,2377,1092,610.666666666667,610.666666666667,2375,72,test
HierarchicalLocalMean,System,ALL,2378,923,610.666666666667,610.666666666667,2375,72,test
HierarchicalLocalMean,System,ALL,2379,662,610.666666666667,610.666666666667,2375,72,test
HierarchicalLocalMean,System,ALL,2380,869,610.666666666667,610.666666666667,2375,72,test
HierarchicalLocalMean,System,ALL,2381,786,610.666666666667,610.666666666667,2375,72,test
HierarchicalLocalMean,System,ALL,2382,461,610.666666666667,610.666666666667,2375,72,test
HierarchicalLocalMean,System,ALL,2383,674,610.666666666667,610.666666666667,2375,72,test
HierarchicalLocalMean,System,ALL,2384,536,610.666666666667,610.666666666667,2375,72,test
HierarchicalLocalMean,System,ALL,2385,732,610.666666666667,610.666666666667,2375,72,test
HierarchicalLocalMean,System,ALL,2386,646,610.666666666667,610.666666666667,2375,72,test
HierarchicalLocalMean,System,ALL,2387,994,610.666666666667,610.666666666667,2375,72,test
HierarchicalLocalMean,System,ALL,2388,669,610.666666666667,610.666666666667,2375,72,test
HierarchicalLocalMean,System,ALL,2389,594,610.666666666667,610.666666666667,2375,72,test
HierarchicalLocalMean,System,ALL,2390,1049,610.666666666667,610.666666666667,2375,72,test
HierarchicalLocalMean,System,ALL,2391,781,610.666666666667,610.666666666667,2375,72,test
HierarchicalLocalMean,System,ALL,2392,723,610.666666666667,610.666666666667,2375,72,test
HierarchicalLocalMean,System,ALL,2393,358,610.666666666667,610.666666666667,2375,72,test
HierarchicalLocalMean,System,ALL,2394,987,610.666666666667,610.666666666667,2375,72,test
HierarchicalLocalMean,System,ALL,2395,733,610.666666666667,610.666666666667,2375,72,test
HierarchicalLocalMean,System,ALL,2396,722,610.666666666667,610.666666666667,2375,72,test
HierarchicalLocalMean,System,ALL,2397,573,610.666666666667,610.666666666667,2375,72,test
HierarchicalLocalMean,System,ALL,2398,867,610.666666666667,610.666666666667,2375,72,test
HierarchicalLocalMean,System,ALL,2399,545,610.666666666667,610.666666666667,2375,72,test
HierarchicalLocalMean,TaskType,AITraining,2376,354,489.111111111111,489.111111111111,2375,72,test
HierarchicalLocalMean,TaskType,AITraining,2377,961,489.111111111111,489.111111111111,2375,72,test
HierarchicalLocalMean,TaskType,AITraining,2378,795,489.111111111111,489.111111111111,2375,72,test
HierarchicalLocalMean,TaskType,AITraining,2379,546,489.111111111111,489.111111111111,2375,72,test
HierarchicalLocalMean,TaskType,AITraining,2380,749,489.111111111111,489.111111111111,2375,72,test
HierarchicalLocalMean,TaskType,AITraining,2381,669,489.111111111111,489.111111111111,2375,72,test
HierarchicalLocalMean,TaskType,AITraining,2382,338,489.111111111111,489.111111111111,2375,72,test
HierarchicalLocalMean,TaskType,AITraining,2383,557,489.111111111111,489.111111111111,2375,72,test
HierarchicalLocalMean,TaskType,AITraining,2384,478,489.111111111111,489.111111111111,2375,72,test
HierarchicalLocalMean,TaskType,AITraining,2385,601,489.111111111111,489.111111111111,2375,72,test
HierarchicalLocalMean,TaskType,AITraining,2386,444,489.111111111111,489.111111111111,2375,72,test
HierarchicalLocalMean,TaskType,AITraining,2387,811,489.111111111111,489.111111111111,2375,72,test
HierarchicalLocalMean,TaskType,AITraining,2388,507,489.111111111111,489.111111111111,2375,72,test
HierarchicalLocalMean,TaskType,AITraining,2389,504,489.111111111111,489.111111111111,2375,72,test
HierarchicalLocalMean,TaskType,AITraining,2390,903,489.111111111111,489.111111111111,2375,72,test
HierarchicalLocalMean,TaskType,AITraining,2391,652,489.111111111111,489.111111111111,2375,72,test
HierarchicalLocalMean,TaskType,AITraining,2392,593,489.111111111111,489.111111111111,2375,72,test
HierarchicalLocalMean,TaskType,AITraining,2393,245,489.111111111111,489.111111111111,2375,72,test
HierarchicalLocalMean,TaskType,AITraining,2394,814,489.111111111111,489.111111111111,2375,72,test
HierarchicalLocalMean,TaskType,AITraining,2395,640,489.111111111111,489.111111111111,2375,72,test
HierarchicalLocalMean,TaskType,AITraining,2396,548,489.111111111111,489.111111111111,2375,72,test
HierarchicalLocalMean,TaskType,AITraining,2397,380,489.111111111111,489.111111111111,2375,72,test
HierarchicalLocalMean,TaskType,AITraining,2398,724,489.111111111111,489.111111111111,2375,72,test
HierarchicalLocalMean,TaskType,AITraining,2399,423,489.111111111111,489.111111111111,2375,72,test
HierarchicalLocalMean,TaskType,BatchInference,2376,98,93.9166666666667,93.9166666666667,2375,72,test
HierarchicalLocalMean,TaskType,BatchInference,2377,94,93.9166666666667,93.9166666666667,2375,72,test
HierarchicalLocalMean,TaskType,BatchInference,2378,113,93.9166666666667,93.9166666666667,2375,72,test
HierarchicalLocalMean,TaskType,BatchInference,2379,104,93.9166666666667,93.9166666666667,2375,72,test
HierarchicalLocalMean,TaskType,BatchInference,2380,99,93.9166666666667,93.9166666666667,2375,72,test
HierarchicalLocalMean,TaskType,BatchInference,2381,91,93.9166666666667,93.9166666666667,2375,72,test
HierarchicalLocalMean,TaskType,BatchInference,2382,88,93.9166666666667,93.9166666666667,2375,72,test
HierarchicalLocalMean,TaskType,BatchInference,2383,89,93.9166666666667,93.9166666666667,2375,72,test
HierarchicalLocalMean,TaskType,BatchInference,2384,29,93.9166666666667,93.9166666666667,2375,72,test
HierarchicalLocalMean,TaskType,BatchInference,2385,102,93.9166666666667,93.9166666666667,2375,72,test
HierarchicalLocalMean,TaskType,BatchInference,2386,169,93.9166666666667,93.9166666666667,2375,72,test
HierarchicalLocalMean,TaskType,BatchInference,2387,132,93.9166666666667,93.9166666666667,2375,72,test
HierarchicalLocalMean,TaskType,BatchInference,2388,146,93.9166666666667,93.9166666666667,2375,72,test
HierarchicalLocalMean,TaskType,BatchInference,2389,69,93.9166666666667,93.9166666666667,2375,72,test
HierarchicalLocalMean,TaskType,BatchInference,2390,131,93.9166666666667,93.9166666666667,2375,72,test
HierarchicalLocalMean,TaskType,BatchInference,2391,98,93.9166666666667,93.9166666666667,2375,72,test
HierarchicalLocalMean,TaskType,BatchInference,2392,113,93.9166666666667,93.9166666666667,2375,72,test
HierarchicalLocalMean,TaskType,BatchInference,2393,77,93.9166666666667,93.9166666666667,2375,72,test
HierarchicalLocalMean,TaskType,BatchInference,2394,152,93.9166666666667,93.9166666666667,2375,72,test
HierarchicalLocalMean,TaskType,BatchInference,2395,69,93.9166666666667,93.9166666666667,2375,72,test
HierarchicalLocalMean,TaskType,BatchInference,2396,137,93.9166666666667,93.9166666666667,2375,72,test
HierarchicalLocalMean,TaskType,BatchInference,2397,186,93.9166666666667,93.9166666666667,2375,72,test
HierarchicalLocalMean,TaskType,BatchInference,2398,98,93.9166666666667,93.9166666666667,2375,72,test
HierarchicalLocalMean,TaskType,BatchInference,2399,99,93.9166666666667,93.9166666666667,2375,72,test
HierarchicalLocalMean,TaskType,RealTimeInference,2376,21,27.6388888888889,27.6388888888889,2375,72,test
HierarchicalLocalMean,TaskType,RealTimeInference,2377,37,27.6388888888889,27.6388888888889,2375,72,test
HierarchicalLocalMean,TaskType,RealTimeInference,2378,15,27.6388888888889,27.6388888888889,2375,72,test
HierarchicalLocalMean,TaskType,RealTimeInference,2379,12,27.6388888888889,27.6388888888889,2375,72,test
HierarchicalLocalMean,TaskType,RealTimeInference,2380,21,27.6388888888889,27.6388888888889,2375,72,test
HierarchicalLocalMean,TaskType,RealTimeInference,2381,26,27.6388888888889,27.6388888888889,2375,72,test
HierarchicalLocalMean,TaskType,RealTimeInference,2382,35,27.6388888888889,27.6388888888889,2375,72,test
HierarchicalLocalMean,TaskType,RealTimeInference,2383,28,27.6388888888889,27.6388888888889,2375,72,test
HierarchicalLocalMean,TaskType,RealTimeInference,2384,29,27.6388888888889,27.6388888888889,2375,72,test
HierarchicalLocalMean,TaskType,RealTimeInference,2385,29,27.6388888888889,27.6388888888889,2375,72,test
HierarchicalLocalMean,TaskType,RealTimeInference,2386,33,27.6388888888889,27.6388888888889,2375,72,test
HierarchicalLocalMean,TaskType,RealTimeInference,2387,51,27.6388888888889,27.6388888888889,2375,72,test
HierarchicalLocalMean,TaskType,RealTimeInference,2388,16,27.6388888888889,27.6388888888889,2375,72,test
HierarchicalLocalMean,TaskType,RealTimeInference,2389,21,27.6388888888889,27.6388888888889,2375,72,test
HierarchicalLocalMean,TaskType,RealTimeInference,2390,15,27.6388888888889,27.6388888888889,2375,72,test
HierarchicalLocalMean,TaskType,RealTimeInference,2391,31,27.6388888888889,27.6388888888889,2375,72,test
HierarchicalLocalMean,TaskType,RealTimeInference,2392,17,27.6388888888889,27.6388888888889,2375,72,test
HierarchicalLocalMean,TaskType,RealTimeInference,2393,36,27.6388888888889,27.6388888888889,2375,72,test
HierarchicalLocalMean,TaskType,RealTimeInference,2394,21,27.6388888888889,27.6388888888889,2375,72,test
HierarchicalLocalMean,TaskType,RealTimeInference,2395,24,27.6388888888889,27.6388888888889,2375,72,test
HierarchicalLocalMean,TaskType,RealTimeInference,2396,37,27.6388888888889,27.6388888888889,2375,72,test
HierarchicalLocalMean,TaskType,RealTimeInference,2397,7,27.6388888888889,27.6388888888889,2375,72,test
HierarchicalLocalMean,TaskType,RealTimeInference,2398,45,27.6388888888889,27.6388888888889,2375,72,test
HierarchicalLocalMean,TaskType,RealTimeInference,2399,23,27.6388888888889,27.6388888888889,2375,72,test
HierarchicalLocalMean,Region,RegionA,2352,23,52.7361111111111,52.7361111111111,2351,72,validation
HierarchicalLocalMean,Region,RegionA,2353,24,52.7361111111111,52.7361111111111,2351,72,validation
HierarchicalLocalMean,Region,RegionA,2354,12,52.7361111111111,52.7361111111111,2351,72,validation
HierarchicalLocalMean,Region,RegionA,2355,64,52.7361111111111,52.7361111111111,2351,72,validation
HierarchicalLocalMean,Region,RegionA,2356,125,52.7361111111111,52.7361111111111,2351,72,validation
HierarchicalLocalMean,Region,RegionA,2357,9,52.7361111111111,52.7361111111111,2351,72,validation
HierarchicalLocalMean,Region,RegionA,2358,24,52.7361111111111,52.7361111111111,2351,72,validation
HierarchicalLocalMean,Region,RegionA,2359,5,52.7361111111111,52.7361111111111,2351,72,validation
HierarchicalLocalMean,Region,RegionA,2360,20,52.7361111111111,52.7361111111111,2351,72,validation
HierarchicalLocalMean,Region,RegionA,2361,23,52.7361111111111,52.7361111111111,2351,72,validation
HierarchicalLocalMean,Region,RegionA,2362,8,52.7361111111111,52.7361111111111,2351,72,validation
HierarchicalLocalMean,Region,RegionA,2363,19,52.7361111111111,52.7361111111111,2351,72,validation
HierarchicalLocalMean,Region,RegionA,2364,95,52.7361111111111,52.7361111111111,2351,72,validation
HierarchicalLocalMean,Region,RegionA,2365,14,52.7361111111111,52.7361111111111,2351,72,validation
HierarchicalLocalMean,Region,RegionA,2366,27,52.7361111111111,52.7361111111111,2351,72,validation
HierarchicalLocalMean,Region,RegionA,2367,29,52.7361111111111,52.7361111111111,2351,72,validation
HierarchicalLocalMean,Region,RegionA,2368,11,52.7361111111111,52.7361111111111,2351,72,validation
HierarchicalLocalMean,Region,RegionA,2369,43,52.7361111111111,52.7361111111111,2351,72,validation
HierarchicalLocalMean,Region,RegionA,2370,94,52.7361111111111,52.7361111111111,2351,72,validation
HierarchicalLocalMean,Region,RegionA,2371,49,52.7361111111111,52.7361111111111,2351,72,validation
HierarchicalLocalMean,Region,RegionA,2372,0,52.7361111111111,52.7361111111111,2351,72,validation
HierarchicalLocalMean,Region,RegionA,2373,20,52.7361111111111,52.7361111111111,2351,72,validation
HierarchicalLocalMean,Region,RegionA,2374,151,52.7361111111111,52.7361111111111,2351,72,validation
HierarchicalLocalMean,Region,RegionA,2375,133,52.7361111111111,52.7361111111111,2351,72,validation
HierarchicalLocalMean,Region,RegionB,2352,26,56.375,56.375,2351,72,validation
HierarchicalLocalMean,Region,RegionB,2353,3,56.375,56.375,2351,72,validation
HierarchicalLocalMean,Region,RegionB,2354,40,56.375,56.375,2351,72,validation
HierarchicalLocalMean,Region,RegionB,2355,41,56.375,56.375,2351,72,validation
HierarchicalLocalMean,Region,RegionB,2356,30,56.375,56.375,2351,72,validation
HierarchicalLocalMean,Region,RegionB,2357,67,56.375,56.375,2351,72,validation
HierarchicalLocalMean,Region,RegionB,2358,50,56.375,56.375,2351,72,validation
HierarchicalLocalMean,Region,RegionB,2359,61,56.375,56.375,2351,72,validation
HierarchicalLocalMean,Region,RegionB,2360,15,56.375,56.375,2351,72,validation
HierarchicalLocalMean,Region,RegionB,2361,239,56.375,56.375,2351,72,validation
HierarchicalLocalMean,Region,RegionB,2362,45,56.375,56.375,2351,72,validation
HierarchicalLocalMean,Region,RegionB,2363,99,56.375,56.375,2351,72,validation
HierarchicalLocalMean,Region,RegionB,2364,13,56.375,56.375,2351,72,validation
HierarchicalLocalMean,Region,RegionB,2365,85,56.375,56.375,2351,72,validation
HierarchicalLocalMean,Region,RegionB,2366,9,56.375,56.375,2351,72,validation
HierarchicalLocalMean,Region,RegionB,2367,54,56.375,56.375,2351,72,validation
HierarchicalLocalMean,Region,RegionB,2368,124,56.375,56.375,2351,72,validation
HierarchicalLocalMean,Region,RegionB,2369,100,56.375,56.375,2351,72,validation
HierarchicalLocalMean,Region,RegionB,2370,5,56.375,56.375,2351,72,validation
HierarchicalLocalMean,Region,RegionB,2371,14,56.375,56.375,2351,72,validation
HierarchicalLocalMean,Region,RegionB,2372,104,56.375,56.375,2351,72,validation
HierarchicalLocalMean,Region,RegionB,2373,25,56.375,56.375,2351,72,validation
HierarchicalLocalMean,Region,RegionB,2374,48,56.375,56.375,2351,72,validation
HierarchicalLocalMean,Region,RegionB,2375,181,56.375,56.375,2351,72,validation
HierarchicalLocalMean,Region,RegionC,2352,16,39.4583333333333,39.4583333333333,2351,72,validation
HierarchicalLocalMean,Region,RegionC,2353,67,39.4583333333333,39.4583333333333,2351,72,validation
HierarchicalLocalMean,Region,RegionC,2354,30,39.4583333333333,39.4583333333333,2351,72,validation
HierarchicalLocalMean,Region,RegionC,2355,36,39.4583333333333,39.4583333333333,2351,72,validation
HierarchicalLocalMean,Region,RegionC,2356,27,39.4583333333333,39.4583333333333,2351,72,validation
HierarchicalLocalMean,Region,RegionC,2357,68,39.4583333333333,39.4583333333333,2351,72,validation
HierarchicalLocalMean,Region,RegionC,2358,21,39.4583333333333,39.4583333333333,2351,72,validation
HierarchicalLocalMean,Region,RegionC,2359,37,39.4583333333333,39.4583333333333,2351,72,validation
HierarchicalLocalMean,Region,RegionC,2360,51,39.4583333333333,39.4583333333333,2351,72,validation
HierarchicalLocalMean,Region,RegionC,2361,41,39.4583333333333,39.4583333333333,2351,72,validation
HierarchicalLocalMean,Region,RegionC,2362,8,39.4583333333333,39.4583333333333,2351,72,validation
HierarchicalLocalMean,Region,RegionC,2363,5,39.4583333333333,39.4583333333333,2351,72,validation
HierarchicalLocalMean,Region,RegionC,2364,138,39.4583333333333,39.4583333333333,2351,72,validation
HierarchicalLocalMean,Region,RegionC,2365,29,39.4583333333333,39.4583333333333,2351,72,validation
HierarchicalLocalMean,Region,RegionC,2366,74,39.4583333333333,39.4583333333333,2351,72,validation
HierarchicalLocalMean,Region,RegionC,2367,20,39.4583333333333,39.4583333333333,2351,72,validation
HierarchicalLocalMean,Region,RegionC,2368,19,39.4583333333333,39.4583333333333,2351,72,validation
HierarchicalLocalMean,Region,RegionC,2369,3,39.4583333333333,39.4583333333333,2351,72,validation
HierarchicalLocalMean,Region,RegionC,2370,4,39.4583333333333,39.4583333333333,2351,72,validation
HierarchicalLocalMean,Region,RegionC,2371,192,39.4583333333333,39.4583333333333,2351,72,validation
HierarchicalLocalMean,Region,RegionC,2372,17,39.4583333333333,39.4583333333333,2351,72,validation
HierarchicalLocalMean,Region,RegionC,2373,9,39.4583333333333,39.4583333333333,2351,72,validation
HierarchicalLocalMean,Region,RegionC,2374,5,39.4583333333333,39.4583333333333,2351,72,validation
HierarchicalLocalMean,Region,RegionC,2375,12,39.4583333333333,39.4583333333333,2351,72,validation
HierarchicalLocalMean,Region,RegionD,2352,207,193.083333333333,193.083333333333,2351,72,validation
HierarchicalLocalMean,Region,RegionD,2353,260,193.083333333333,193.083333333333,2351,72,validation
HierarchicalLocalMean,Region,RegionD,2354,210,193.083333333333,193.083333333333,2351,72,validation
HierarchicalLocalMean,Region,RegionD,2355,174,193.083333333333,193.083333333333,2351,72,validation
HierarchicalLocalMean,Region,RegionD,2356,68,193.083333333333,193.083333333333,2351,72,validation
HierarchicalLocalMean,Region,RegionD,2357,90,193.083333333333,193.083333333333,2351,72,validation
HierarchicalLocalMean,Region,RegionD,2358,308,193.083333333333,193.083333333333,2351,72,validation
HierarchicalLocalMean,Region,RegionD,2359,202,193.083333333333,193.083333333333,2351,72,validation
HierarchicalLocalMean,Region,RegionD,2360,195,193.083333333333,193.083333333333,2351,72,validation
HierarchicalLocalMean,Region,RegionD,2361,165,193.083333333333,193.083333333333,2351,72,validation
HierarchicalLocalMean,Region,RegionD,2362,21,193.083333333333,193.083333333333,2351,72,validation
HierarchicalLocalMean,Region,RegionD,2363,49,193.083333333333,193.083333333333,2351,72,validation
HierarchicalLocalMean,Region,RegionD,2364,43,193.083333333333,193.083333333333,2351,72,validation
HierarchicalLocalMean,Region,RegionD,2365,143,193.083333333333,193.083333333333,2351,72,validation
HierarchicalLocalMean,Region,RegionD,2366,182,193.083333333333,193.083333333333,2351,72,validation
HierarchicalLocalMean,Region,RegionD,2367,236,193.083333333333,193.083333333333,2351,72,validation
HierarchicalLocalMean,Region,RegionD,2368,294,193.083333333333,193.083333333333,2351,72,validation
HierarchicalLocalMean,Region,RegionD,2369,111,193.083333333333,193.083333333333,2351,72,validation
HierarchicalLocalMean,Region,RegionD,2370,129,193.083333333333,193.083333333333,2351,72,validation
HierarchicalLocalMean,Region,RegionD,2371,244,193.083333333333,193.083333333333,2351,72,validation
HierarchicalLocalMean,Region,RegionD,2372,201,193.083333333333,193.083333333333,2351,72,validation
HierarchicalLocalMean,Region,RegionD,2373,220,193.083333333333,193.083333333333,2351,72,validation
HierarchicalLocalMean,Region,RegionD,2374,144,193.083333333333,193.083333333333,2351,72,validation
HierarchicalLocalMean,Region,RegionD,2375,41,193.083333333333,193.083333333333,2351,72,validation
HierarchicalLocalMean,Region,RegionE,2352,120,134.736111111111,134.736111111111,2351,72,validation
HierarchicalLocalMean,Region,RegionE,2353,43,134.736111111111,134.736111111111,2351,72,validation
HierarchicalLocalMean,Region,RegionE,2354,96,134.736111111111,134.736111111111,2351,72,validation
HierarchicalLocalMean,Region,RegionE,2355,0,134.736111111111,134.736111111111,2351,72,validation
HierarchicalLocalMean,Region,RegionE,2356,62,134.736111111111,134.736111111111,2351,72,validation
HierarchicalLocalMean,Region,RegionE,2357,131,134.736111111111,134.736111111111,2351,72,validation
HierarchicalLocalMean,Region,RegionE,2358,273,134.736111111111,134.736111111111,2351,72,validation
HierarchicalLocalMean,Region,RegionE,2359,193,134.736111111111,134.736111111111,2351,72,validation
HierarchicalLocalMean,Region,RegionE,2360,338,134.736111111111,134.736111111111,2351,72,validation
HierarchicalLocalMean,Region,RegionE,2361,357,134.736111111111,134.736111111111,2351,72,validation
HierarchicalLocalMean,Region,RegionE,2362,223,134.736111111111,134.736111111111,2351,72,validation
HierarchicalLocalMean,Region,RegionE,2363,23,134.736111111111,134.736111111111,2351,72,validation
HierarchicalLocalMean,Region,RegionE,2364,44,134.736111111111,134.736111111111,2351,72,validation
HierarchicalLocalMean,Region,RegionE,2365,0,134.736111111111,134.736111111111,2351,72,validation
HierarchicalLocalMean,Region,RegionE,2366,19,134.736111111111,134.736111111111,2351,72,validation
HierarchicalLocalMean,Region,RegionE,2367,128,134.736111111111,134.736111111111,2351,72,validation
HierarchicalLocalMean,Region,RegionE,2368,182,134.736111111111,134.736111111111,2351,72,validation
HierarchicalLocalMean,Region,RegionE,2369,296,134.736111111111,134.736111111111,2351,72,validation
HierarchicalLocalMean,Region,RegionE,2370,27,134.736111111111,134.736111111111,2351,72,validation
HierarchicalLocalMean,Region,RegionE,2371,69,134.736111111111,134.736111111111,2351,72,validation
HierarchicalLocalMean,Region,RegionE,2372,0,134.736111111111,134.736111111111,2351,72,validation
HierarchicalLocalMean,Region,RegionE,2373,60,134.736111111111,134.736111111111,2351,72,validation
HierarchicalLocalMean,Region,RegionE,2374,264,134.736111111111,134.736111111111,2351,72,validation
HierarchicalLocalMean,Region,RegionE,2375,62,134.736111111111,134.736111111111,2351,72,validation
HierarchicalLocalMean,Region,RegionF,2352,127,140.555555555556,140.555555555556,2351,72,validation
HierarchicalLocalMean,Region,RegionF,2353,138,140.555555555556,140.555555555556,2351,72,validation
HierarchicalLocalMean,Region,RegionF,2354,31,140.555555555556,140.555555555556,2351,72,validation
HierarchicalLocalMean,Region,RegionF,2355,220,140.555555555556,140.555555555556,2351,72,validation
HierarchicalLocalMean,Region,RegionF,2356,445,140.555555555556,140.555555555556,2351,72,validation
HierarchicalLocalMean,Region,RegionF,2357,45,140.555555555556,140.555555555556,2351,72,validation
HierarchicalLocalMean,Region,RegionF,2358,51,140.555555555556,140.555555555556,2351,72,validation
HierarchicalLocalMean,Region,RegionF,2359,330,140.555555555556,140.555555555556,2351,72,validation
HierarchicalLocalMean,Region,RegionF,2360,245,140.555555555556,140.555555555556,2351,72,validation
HierarchicalLocalMean,Region,RegionF,2361,148,140.555555555556,140.555555555556,2351,72,validation
HierarchicalLocalMean,Region,RegionF,2362,127,140.555555555556,140.555555555556,2351,72,validation
HierarchicalLocalMean,Region,RegionF,2363,118,140.555555555556,140.555555555556,2351,72,validation
HierarchicalLocalMean,Region,RegionF,2364,125,140.555555555556,140.555555555556,2351,72,validation
HierarchicalLocalMean,Region,RegionF,2365,126,140.555555555556,140.555555555556,2351,72,validation
HierarchicalLocalMean,Region,RegionF,2366,198,140.555555555556,140.555555555556,2351,72,validation
HierarchicalLocalMean,Region,RegionF,2367,196,140.555555555556,140.555555555556,2351,72,validation
HierarchicalLocalMean,Region,RegionF,2368,13,140.555555555556,140.555555555556,2351,72,validation
HierarchicalLocalMean,Region,RegionF,2369,334,140.555555555556,140.555555555556,2351,72,validation
HierarchicalLocalMean,Region,RegionF,2370,122,140.555555555556,140.555555555556,2351,72,validation
HierarchicalLocalMean,Region,RegionF,2371,158,140.555555555556,140.555555555556,2351,72,validation
HierarchicalLocalMean,Region,RegionF,2372,176,140.555555555556,140.555555555556,2351,72,validation
HierarchicalLocalMean,Region,RegionF,2373,172,140.555555555556,140.555555555556,2351,72,validation
HierarchicalLocalMean,Region,RegionF,2374,105,140.555555555556,140.555555555556,2351,72,validation
HierarchicalLocalMean,Region,RegionF,2375,8,140.555555555556,140.555555555556,2351,72,validation
HierarchicalLocalMean,System,ALL,2352,519,616.944444444444,616.944444444444,2351,72,validation
HierarchicalLocalMean,System,ALL,2353,535,616.944444444444,616.944444444444,2351,72,validation
HierarchicalLocalMean,System,ALL,2354,419,616.944444444444,616.944444444444,2351,72,validation
HierarchicalLocalMean,System,ALL,2355,535,616.944444444444,616.944444444444,2351,72,validation
HierarchicalLocalMean,System,ALL,2356,757,616.944444444444,616.944444444444,2351,72,validation
HierarchicalLocalMean,System,ALL,2357,410,616.944444444444,616.944444444444,2351,72,validation
HierarchicalLocalMean,System,ALL,2358,727,616.944444444444,616.944444444444,2351,72,validation
HierarchicalLocalMean,System,ALL,2359,828,616.944444444444,616.944444444444,2351,72,validation
HierarchicalLocalMean,System,ALL,2360,864,616.944444444444,616.944444444444,2351,72,validation
HierarchicalLocalMean,System,ALL,2361,973,616.944444444444,616.944444444444,2351,72,validation
HierarchicalLocalMean,System,ALL,2362,432,616.944444444444,616.944444444444,2351,72,validation
HierarchicalLocalMean,System,ALL,2363,313,616.944444444444,616.944444444444,2351,72,validation
HierarchicalLocalMean,System,ALL,2364,458,616.944444444444,616.944444444444,2351,72,validation
HierarchicalLocalMean,System,ALL,2365,397,616.944444444444,616.944444444444,2351,72,validation
HierarchicalLocalMean,System,ALL,2366,509,616.944444444444,616.944444444444,2351,72,validation
HierarchicalLocalMean,System,ALL,2367,663,616.944444444444,616.944444444444,2351,72,validation
HierarchicalLocalMean,System,ALL,2368,643,616.944444444444,616.944444444444,2351,72,validation
HierarchicalLocalMean,System,ALL,2369,887,616.944444444444,616.944444444444,2351,72,validation
HierarchicalLocalMean,System,ALL,2370,381,616.944444444444,616.944444444444,2351,72,validation
HierarchicalLocalMean,System,ALL,2371,726,616.944444444444,616.944444444444,2351,72,validation
HierarchicalLocalMean,System,ALL,2372,498,616.944444444444,616.944444444444,2351,72,validation
HierarchicalLocalMean,System,ALL,2373,506,616.944444444444,616.944444444444,2351,72,validation
HierarchicalLocalMean,System,ALL,2374,717,616.944444444444,616.944444444444,2351,72,validation
HierarchicalLocalMean,System,ALL,2375,437,616.944444444444,616.944444444444,2351,72,validation
HierarchicalLocalMean,TaskType,AITraining,2352,415,490.263888888889,490.263888888889,2351,72,validation
HierarchicalLocalMean,TaskType,AITraining,2353,363,490.263888888889,490.263888888889,2351,72,validation
HierarchicalLocalMean,TaskType,AITraining,2354,321,490.263888888889,490.263888888889,2351,72,validation
HierarchicalLocalMean,TaskType,AITraining,2355,359,490.263888888889,490.263888888889,2351,72,validation
HierarchicalLocalMean,TaskType,AITraining,2356,631,490.263888888889,490.263888888889,2351,72,validation
HierarchicalLocalMean,TaskType,AITraining,2357,255,490.263888888889,490.263888888889,2351,72,validation
HierarchicalLocalMean,TaskType,AITraining,2358,612,490.263888888889,490.263888888889,2351,72,validation
HierarchicalLocalMean,TaskType,AITraining,2359,702,490.263888888889,490.263888888889,2351,72,validation
HierarchicalLocalMean,TaskType,AITraining,2360,755,490.263888888889,490.263888888889,2351,72,validation
HierarchicalLocalMean,TaskType,AITraining,2361,861,490.263888888889,490.263888888889,2351,72,validation
HierarchicalLocalMean,TaskType,AITraining,2362,308,490.263888888889,490.263888888889,2351,72,validation
HierarchicalLocalMean,TaskType,AITraining,2363,253,490.263888888889,490.263888888889,2351,72,validation
HierarchicalLocalMean,TaskType,AITraining,2364,309,490.263888888889,490.263888888889,2351,72,validation
HierarchicalLocalMean,TaskType,AITraining,2365,269,490.263888888889,490.263888888889,2351,72,validation
HierarchicalLocalMean,TaskType,AITraining,2366,403,490.263888888889,490.263888888889,2351,72,validation
HierarchicalLocalMean,TaskType,AITraining,2367,582,490.263888888889,490.263888888889,2351,72,validation
HierarchicalLocalMean,TaskType,AITraining,2368,536,490.263888888889,490.263888888889,2351,72,validation
HierarchicalLocalMean,TaskType,AITraining,2369,830,490.263888888889,490.263888888889,2351,72,validation
HierarchicalLocalMean,TaskType,AITraining,2370,313,490.263888888889,490.263888888889,2351,72,validation
HierarchicalLocalMean,TaskType,AITraining,2371,611,490.263888888889,490.263888888889,2351,72,validation
HierarchicalLocalMean,TaskType,AITraining,2372,329,490.263888888889,490.263888888889,2351,72,validation
HierarchicalLocalMean,TaskType,AITraining,2373,409,490.263888888889,490.263888888889,2351,72,validation
HierarchicalLocalMean,TaskType,AITraining,2374,635,490.263888888889,490.263888888889,2351,72,validation
HierarchicalLocalMean,TaskType,AITraining,2375,346,490.263888888889,490.263888888889,2351,72,validation
HierarchicalLocalMean,TaskType,BatchInference,2352,78,98.5416666666667,98.5416666666667,2351,72,validation
HierarchicalLocalMean,TaskType,BatchInference,2353,163,98.5416666666667,98.5416666666667,2351,72,validation
HierarchicalLocalMean,TaskType,BatchInference,2354,79,98.5416666666667,98.5416666666667,2351,72,validation
HierarchicalLocalMean,TaskType,BatchInference,2355,140,98.5416666666667,98.5416666666667,2351,72,validation
HierarchicalLocalMean,TaskType,BatchInference,2356,77,98.5416666666667,98.5416666666667,2351,72,validation
HierarchicalLocalMean,TaskType,BatchInference,2357,106,98.5416666666667,98.5416666666667,2351,72,validation
HierarchicalLocalMean,TaskType,BatchInference,2358,83,98.5416666666667,98.5416666666667,2351,72,validation
HierarchicalLocalMean,TaskType,BatchInference,2359,109,98.5416666666667,98.5416666666667,2351,72,validation
HierarchicalLocalMean,TaskType,BatchInference,2360,90,98.5416666666667,98.5416666666667,2351,72,validation
HierarchicalLocalMean,TaskType,BatchInference,2361,87,98.5416666666667,98.5416666666667,2351,72,validation
HierarchicalLocalMean,TaskType,BatchInference,2362,90,98.5416666666667,98.5416666666667,2351,72,validation
HierarchicalLocalMean,TaskType,BatchInference,2363,53,98.5416666666667,98.5416666666667,2351,72,validation
HierarchicalLocalMean,TaskType,BatchInference,2364,115,98.5416666666667,98.5416666666667,2351,72,validation
HierarchicalLocalMean,TaskType,BatchInference,2365,81,98.5416666666667,98.5416666666667,2351,72,validation
HierarchicalLocalMean,TaskType,BatchInference,2366,71,98.5416666666667,98.5416666666667,2351,72,validation
HierarchicalLocalMean,TaskType,BatchInference,2367,49,98.5416666666667,98.5416666666667,2351,72,validation
HierarchicalLocalMean,TaskType,BatchInference,2368,76,98.5416666666667,98.5416666666667,2351,72,validation
HierarchicalLocalMean,TaskType,BatchInference,2369,41,98.5416666666667,98.5416666666667,2351,72,validation
HierarchicalLocalMean,TaskType,BatchInference,2370,51,98.5416666666667,98.5416666666667,2351,72,validation
HierarchicalLocalMean,TaskType,BatchInference,2371,86,98.5416666666667,98.5416666666667,2351,72,validation
HierarchicalLocalMean,TaskType,BatchInference,2372,132,98.5416666666667,98.5416666666667,2351,72,validation
HierarchicalLocalMean,TaskType,BatchInference,2373,59,98.5416666666667,98.5416666666667,2351,72,validation
HierarchicalLocalMean,TaskType,BatchInference,2374,68,98.5416666666667,98.5416666666667,2351,72,validation
HierarchicalLocalMean,TaskType,BatchInference,2375,75,98.5416666666667,98.5416666666667,2351,72,validation
HierarchicalLocalMean,TaskType,RealTimeInference,2352,26,28.1388888888889,28.1388888888889,2351,72,validation
HierarchicalLocalMean,TaskType,RealTimeInference,2353,9,28.1388888888889,28.1388888888889,2351,72,validation
HierarchicalLocalMean,TaskType,RealTimeInference,2354,19,28.1388888888889,28.1388888888889,2351,72,validation
HierarchicalLocalMean,TaskType,RealTimeInference,2355,36,28.1388888888889,28.1388888888889,2351,72,validation
HierarchicalLocalMean,TaskType,RealTimeInference,2356,49,28.1388888888889,28.1388888888889,2351,72,validation
HierarchicalLocalMean,TaskType,RealTimeInference,2357,49,28.1388888888889,28.1388888888889,2351,72,validation
HierarchicalLocalMean,TaskType,RealTimeInference,2358,32,28.1388888888889,28.1388888888889,2351,72,validation
HierarchicalLocalMean,TaskType,RealTimeInference,2359,17,28.1388888888889,28.1388888888889,2351,72,validation
HierarchicalLocalMean,TaskType,RealTimeInference,2360,19,28.1388888888889,28.1388888888889,2351,72,validation
HierarchicalLocalMean,TaskType,RealTimeInference,2361,25,28.1388888888889,28.1388888888889,2351,72,validation
HierarchicalLocalMean,TaskType,RealTimeInference,2362,34,28.1388888888889,28.1388888888889,2351,72,validation
HierarchicalLocalMean,TaskType,RealTimeInference,2363,7,28.1388888888889,28.1388888888889,2351,72,validation
HierarchicalLocalMean,TaskType,RealTimeInference,2364,34,28.1388888888889,28.1388888888889,2351,72,validation
HierarchicalLocalMean,TaskType,RealTimeInference,2365,47,28.1388888888889,28.1388888888889,2351,72,validation
HierarchicalLocalMean,TaskType,RealTimeInference,2366,35,28.1388888888889,28.1388888888889,2351,72,validation
HierarchicalLocalMean,TaskType,RealTimeInference,2367,32,28.1388888888889,28.1388888888889,2351,72,validation
HierarchicalLocalMean,TaskType,RealTimeInference,2368,31,28.1388888888889,28.1388888888889,2351,72,validation
HierarchicalLocalMean,TaskType,RealTimeInference,2369,16,28.1388888888889,28.1388888888889,2351,72,validation
HierarchicalLocalMean,TaskType,RealTimeInference,2370,17,28.1388888888889,28.1388888888889,2351,72,validation
HierarchicalLocalMean,TaskType,RealTimeInference,2371,29,28.1388888888889,28.1388888888889,2351,72,validation
HierarchicalLocalMean,TaskType,RealTimeInference,2372,37,28.1388888888889,28.1388888888889,2351,72,validation
HierarchicalLocalMean,TaskType,RealTimeInference,2373,38,28.1388888888889,28.1388888888889,2351,72,validation
HierarchicalLocalMean,TaskType,RealTimeInference,2374,14,28.1388888888889,28.1388888888889,2351,72,validation
HierarchicalLocalMean,TaskType,RealTimeInference,2375,16,28.1388888888889,28.1388888888889,2351,72,validation
