WindowStart,Stage,Metric,Value,Status,ElapsedSeconds,SolveMessage,BoundSource,CertifiedSafeBound,ExactIdealPoint,FallbackSourceMetric
768,ContinuousLowerBound,Cost,-9345815.2,0,1.66135879999638,Optimization terminated successfully. (HiGHS Status 7: Optimal),OptimalContinuousRelaxation,True,True,
768,ContinuousLowerBound,Carbon,0,0,1.80855689999589,Optimization terminated successfully. (HiGHS Status 7: Optimal),OptimalContinuousRelaxation,True,True,
768,ContinuousLowerBound,Latency,0.0746360185814638,0,1.11909019999439,Optimization terminated successfully. (HiGHS Status 7: Optimal),OptimalContinuousRelaxation,True,True,
768,ContinuousLowerBound,Delay,0.000103390361856262,0,1.84788349999872,Optimization terminated successfully. (HiGHS Status 7: Optimal),OptimalContinuousRelaxation,True,True,
768,CertifiedSafeBound,RenewableUnusedRate,0,LP_NO_CERTIFIED_OPTIMUM,,窗口768没有得到可行解：Time limit reached. (HiGHS Status 13: model_status is Time limit reached; primal_status is None),CertifiedVariableBox,True,False,
768,ContinuousLowerBound,Peak,0,0,3.96378600000025,Optimization terminated successfully. (HiGHS Status 7: Optimal),OptimalContinuousRelaxation,True,True,
768,FeasibleReference,Cost,-9345815.2,0,16.221238099999,Optimization terminated successfully. (HiGHS Status 7: Optimal),FeasibleReferenceNotLowerBound,False,False,
768,FeasibleReference,Carbon,0,0,16.221238099999,Optimization terminated successfully. (HiGHS Status 7: Optimal),FeasibleReferenceNotLowerBound,False,False,
768,FeasibleReference,Latency,0.076822584397615,0,16.221238099999,Optimization terminated successfully. (HiGHS Status 7: Optimal),FeasibleReferenceNotLowerBound,False,False,
768,FeasibleReference,Delay,0.000513541538665338,0,16.221238099999,Optimization terminated successfully. (HiGHS Status 7: Optimal),FeasibleReferenceNotLowerBound,False,False,
768,FeasibleReference,RenewableUnusedRate,0.296707971411802,0,16.221238099999,Optimization terminated successfully. (HiGHS Status 7: Optimal),FeasibleReferenceNotLowerBound,False,False,
768,FeasibleReference,Peak,0,0,16.221238099999,Optimization terminated successfully. (HiGHS Status 7: Optimal),FeasibleReferenceNotLowerBound,False,False,
1176,ContinuousLowerBound,Cost,-9250564.5,0,1.85547109999607,Optimization terminated successfully. (HiGHS Status 7: Optimal),OptimalContinuousRelaxation,True,True,
1176,ContinuousLowerBound,Carbon,0,0,7.00832490000175,Optimization terminated successfully. (HiGHS Status 7: Optimal),OptimalContinuousRelaxation,True,True,
1176,ContinuousLowerBound,Latency,0.0669461714659686,0,1.41876650000631,Optimization terminated successfully. (HiGHS Status 7: Optimal),OptimalContinuousRelaxation,True,True,
1176,ContinuousLowerBound,Delay,0.000144218546394518,0,2.55696999999782,Optimization terminated successfully. (HiGHS Status 7: Optimal),OptimalContinuousRelaxation,True,True,
1176,CertifiedSafeBound,RenewableUnusedRate,0,LP_NO_CERTIFIED_OPTIMUM,,窗口1176没有得到可行解：Time limit reached. (HiGHS Status 13: model_status is Time limit reached; primal_status is None),CertifiedVariableBox,True,False,
1176,ContinuousLowerBound,Peak,0,0,3.45315969999501,Optimization terminated successfully. (HiGHS Status 7: Optimal),OptimalContinuousRelaxation,True,True,
1176,FeasibleReference,Cost,-9250564.5,0,21.1446579000039,Optimization terminated successfully. (HiGHS Status 7: Optimal),FeasibleReferenceNotLowerBound,False,False,
1176,FeasibleReference,Carbon,0,0,21.1446579000039,Optimization terminated successfully. (HiGHS Status 7: Optimal),FeasibleReferenceNotLowerBound,False,False,
1176,FeasibleReference,Latency,0.0697233883947066,0,21.1446579000039,Optimization terminated successfully. (HiGHS Status 7: Optimal),FeasibleReferenceNotLowerBound,False,False,
1176,FeasibleReference,Delay,0.000611211223846349,0,21.1446579000039,Optimization terminated successfully. (HiGHS Status 7: Optimal),FeasibleReferenceNotLowerBound,False,False,
1176,FeasibleReference,RenewableUnusedRate,0.297985232901368,0,21.1446579000039,Optimization terminated successfully. (HiGHS Status 7: Optimal),FeasibleReferenceNotLowerBound,False,False,
1176,FeasibleReference,Peak,0,0,21.1446579000039,Optimization terminated successfully. (HiGHS Status 7: Optimal),FeasibleReferenceNotLowerBound,False,False,
2352,ContinuousLowerBound,Cost,-8922723.36,0,0.917625200003386,Optimization terminated successfully. (HiGHS Status 7: Optimal),OptimalContinuousRelaxation,True,True,
2352,ContinuousLowerBound,Carbon,0,0,1.86720500000229,Optimization terminated successfully. (HiGHS Status 7: Optimal),OptimalContinuousRelaxation,True,True,
2352,ContinuousLowerBound,Latency,0.0994338056625569,0,0.701952699993853,Optimization terminated successfully. (HiGHS Status 7: Optimal),OptimalContinuousRelaxation,True,True,
2352,ContinuousLowerBound,Delay,0.0200992441792159,0,0.703084799999488,Optimization terminated successfully. (HiGHS Status 7: Optimal),OptimalContinuousRelaxation,True,True,
2352,ContinuousLowerBound,RenewableUnusedRate,0.272935268379842,0,51.594354199995,Optimization terminated successfully. (HiGHS Status 7: Optimal),OptimalContinuousRelaxation,True,True,
2352,ContinuousLowerBound,Peak,0,0,1.83412459999818,Optimization terminated successfully. (HiGHS Status 7: Optimal),OptimalContinuousRelaxation,True,True,
2352,FeasibleReference,Cost,-8922723.36,0,7.81276160000562,Optimization terminated successfully. (HiGHS Status 7: Optimal),FeasibleReferenceNotLowerBound,False,False,
2352,FeasibleReference,Carbon,0,0,7.81276160000562,Optimization terminated successfully. (HiGHS Status 7: Optimal),FeasibleReferenceNotLowerBound,False,False,
2352,FeasibleReference,Latency,0.103861090590131,0,7.81276160000562,Optimization terminated successfully. (HiGHS Status 7: Optimal),FeasibleReferenceNotLowerBound,False,False,
2352,FeasibleReference,Delay,0.0201252054605609,0,7.81276160000562,Optimization terminated successfully. (HiGHS Status 7: Optimal),FeasibleReferenceNotLowerBound,False,False,
2352,FeasibleReference,RenewableUnusedRate,0.283617764479644,0,7.81276160000562,Optimization terminated successfully. (HiGHS Status 7: Optimal),FeasibleReferenceNotLowerBound,False,False,
2352,FeasibleReference,Peak,0,0,7.81276160000562,Optimization terminated successfully. (HiGHS Status 7: Optimal),FeasibleReferenceNotLowerBound,False,False,
