Hour,Region,AI_IT_Load_MW,NonAI_IT_Load_MW,Total_IT_Load_MW,Facility_Load_MW,AvailableRenewable_MW,RenewableDirectUse_MW,RenewableCharge_MW,GridCharge_MW,ChargePower_MW,DischargePower_MW,GridPurchase_MW,GridSell_MW,RenewableCurtailment_MW,NetGridImport_MW,SOCStart_MWh,SOCEnd_MWh,ElectricityPrice_CNY_per_MWh,SellPrice_CNY_per_MWh,CarbonIntensity_tCO2_per_MWh,CarbonEmission_tCO2,Available_GPU,Max_IT_Power_MW,Max_Facility_Power_MW,PUE,DecisionWindowStart
0,RegionA,0.72,367.981667,368.701667,497.74725045,540.19,397.74725045,0,0,0,100,0,0,142.44274955,0,157.5,48.804347826087,468,0,0.6679,0,630,420,567,1.35,0
0,RegionB,0.96,325.436667,326.396667,440.63550045,540.19,440.63550045,0,0,0,-0,0,0,99.5544995500001,0,144,144,448.5,0,0.6248,0,585,410,553.5,1.35,0
0,RegionC,0.250666666666667,337.659333,337.909999666667,466.31579954,540.19,381.31579954,0,0,0,85,0,0,158.87420046,0,135,42.6086956521739,435.5,0,0.5925,0,540,405,558.9,1.38,0
0,RegionD,0,296.44,296.44,379.4432,540.19,360.19,0,0,0,19.2531999999999,0,180,0,-180,405,384.297634408602,279.5,218.01,0.4525,0,1472,720,921.6,1.28,0
0,RegionE,0,346.67,346.67,433.3375,540.19,323.82541625,0,0,0,109.51208375,0,216.36458375,0,-216.36458375,370,252.245071236559,247,192.66,0.237,0,1012,560,700,1.25,0
0,RegionF,0,358.41,358.41,455.1807,540.19,239.631862760078,0,0,0,215.548837239922,0,220,80.558137239922,-220,382.5,150.727056731267,260,202.8,0.2801,0,966,540,685.8,1.27,0
1,RegionA,0.88,393.03,393.91,531.7785,587.87,531.7785,56.0915,0,56.0915,0,-0,0,0,-0,48.804347826087,100.969442826087,468.31,0,0.6703,-0,630,420,567,1.35,0
1,RegionB,1.23466666666667,381.385333,382.619999666667,516.53699955,587.87,516.53699955,0,0,0,0,0,0,71.33300045,0,144,144,448.79,0,0.6271,0,585,410,553.5,1.35,0
1,RegionC,0.0373333333333333,357.876,357.913333333333,493.9204,587.87,493.9204,85,0,85,0,-0,0,8.94960000000003,-0,42.6086956521739,121.658695652174,435.78,0,0.5946,-0,540,405,558.9,1.38,0
1,RegionD,0.208,304.584,304.792,390.13376,587.87,390.13376,0,0,0,0,0,180,17.73624,-180,384.297634408602,384.297634408602,279.68,218.15,0.4541,0,1472,720,921.6,1.28,0
1,RegionE,0,382.138333,382.138333,477.67291625,587.87,367.87,0,0,0,109.80291625,0,220,0,-220,252.245071236559,134.177419354839,247.16,192.78,0.2378,0,1012,560,700,1.25,0
1,RegionF,0,314.83,314.83,399.8341,587.87,367.87,0,0,0,31.9641,0,220,0,-220,150.727056731267,116.357056731267,260.17,202.93,0.2811,0,966,540,685.8,1.27,0
2,RegionA,2.236,395.664,397.9,537.165,650,537.165,0,0,0,0,0,0,112.835,0,100.969442826087,100.969442826087,468.61,0,0.6693,0,630,420,567,1.35,0
2,RegionB,1.904,361.789333,363.693333,490.98599955,650,490.98599955,90,0,90,0,-0,0,69.0140004499999,-0,144,227.7,449.08,0,0.6261,-0,585,410,553.5,1.35,0
2,RegionC,0.08,357.1,357.18,492.9084,650,492.9084,0,0,0,0,0,0,157.0916,0,121.658695652174,121.658695652174,436.07,0,0.5937,0,540,405,558.9,1.38,0
2,RegionD,0,309.091667,309.091667,395.63733376,650,395.63733376,0,0,0,0,0,180,74.36266624,-180,384.297634408602,384.297634408602,279.86,218.29,0.4534,0,1472,720,921.6,1.28,0
2,RegionE,0,382.82,382.82,478.525,650,430,0,0,0,48.525,0,220,0,-220,134.177419354839,82,247.32,192.91,0.2375,0,1012,560,700,1.25,0
2,RegionF,0,319.95,319.95,406.3365,650,406.3365,0,0,0,0,0,220,23.6635,-220,116.357056731267,116.357056731267,260.34,203.07,0.2807,0,966,540,685.8,1.27,0
3,RegionA,3.84,392.285,396.125,534.76875,722.35,534.76875,0,0,0,0,0,0,187.58125,0,100.969442826087,100.969442826087,468.91,0,0.665,0,630,420,567,1.35,0
3,RegionB,1.61066666666667,363.532,365.142666666667,492.9426,722.35,492.9426,0,0,0,0,0,0,229.4074,0,227.7,227.7,449.38,0,0.6221,0,585,410,553.5,1.35,0
3,RegionC,0.08,357.1,357.18,492.9084,722.35,492.9084,0,0,0,0,0,0,229.4416,0,121.658695652174,121.658695652174,436.35,0,0.59,0,540,405,558.9,1.38,0
3,RegionD,0,310.994333,310.994333,398.07274624,722.35,398.07274624,0,0,0,0,0,180,144.27725376,-180,384.297634408602,384.297634408602,280.05,218.44,0.4505,0,1472,720,921.6,1.28,0
3,RegionE,0,390.24,390.24,487.8,722.35,487.8,0,0,0,0,0,220,14.55,-220,82,82,247.48,193.03,0.236,0,1012,560,700,1.25,0
3,RegionF,0,331.53,331.53,421.0431,722.35,421.0431,0,0,0,0,0,220,81.3069,-220,116.357056731267,116.357056731267,260.51,203.2,0.2789,0,966,540,685.8,1.27,0
4,RegionA,4.68,390.553333,395.233333,533.56499955,800,533.56499955,0,0,0,0,0,0,266.43500045,0,100.969442826087,100.969442826087,469.22,0,0.6578,0,630,420,567,1.35,0
4,RegionB,1.432,364.354667,365.786667,493.81200045,800,493.81200045,0,0,0,0,0,0,306.18799955,0,227.7,227.7,449.67,0,0.6154,0,585,410,553.5,1.35,0
4,RegionC,0.48,355.5,355.98,491.2524,800,491.2524,0,0,0,0,0,0,308.7476,0,121.658695652174,121.658695652174,436.63,0,0.5836,0,540,405,558.9,1.38,0
4,RegionD,0,357.345667,357.345667,457.40245376,800,457.40245376,0,0,0,0,0,180,162.59754624,-180,384.297634408602,384.297634408602,280.23,218.58,0.4456,0,1472,720,921.6,1.28,0
4,RegionE,0,376.258333,376.258333,470.32291625,800,470.32291625,0,0,0,0,0,220,109.67708375,-220,82,82,247.64,193.16,0.2334,0,1012,560,700,1.25,0
4,RegionF,0,339.75,339.75,431.4825,800,431.4825,0,0,0,0,0,220,148.5175,-220,116.357056731267,116.357056731267,260.68,203.33,0.2759,0,966,540,685.8,1.27,0
5,RegionA,5.2,390.19,395.39,533.7765,877.65,533.7765,0,0,0,0,0,0,343.8735,0,100.969442826087,100.969442826087,469.52,0,0.6483,0,630,420,567,1.35,0
5,RegionB,1.78,376.153333,377.933333,510.20999955,877.65,510.20999955,0,0,0,0,0,0,367.44000045,0,227.7,227.7,449.96,0,0.6064,0,585,410,553.5,1.35,0
5,RegionC,0.72,362.527333,363.247333,501.28131954,877.65,501.28131954,0,0,0,0,0,0,376.36868046,0,121.658695652174,121.658695652174,436.91,0,0.5751,0,540,405,558.9,1.38,0
5,RegionD,0.24,359.761333,360.001333,460.80170624,877.65,460.80170624,0,0,0,0,0,180,236.84829376,-180,384.297634408602,384.297634408602,280.41,218.72,0.4391,0,1472,720,921.6,1.28,0
5,RegionE,0.24,402.854,403.094,503.8675,877.65,503.8675,0,0,0,0,0,220,153.7825,-220,82,82,247.8,193.28,0.23,0,1012,560,700,1.25,0
5,RegionF,0,374.923333,374.923333,476.15263291,877.65,476.15263291,0,0,0,0,0,220,181.49736709,-220,116.357056731267,116.357056731267,260.84,203.46,0.2719,0,966,540,685.8,1.27,0
6,RegionA,4.61733333333333,392.482667,397.100000333333,536.08500045,950,536.08500045,0,0,0,0,0,0,413.91499955,0,100.969442826087,100.969442826087,469.82,0,0.637,0,630,420,567,1.35,0
6,RegionB,3.51333333333333,379.895,383.408333333333,517.60125,950,517.60125,0,0,0,0,0,0,432.39875,0,227.7,227.7,450.24,0,0.5959,0,585,410,553.5,1.35,0
6,RegionC,1.052,356.012,357.064,492.74832,950,492.74832,0,0,0,0,0,0,457.25168,0,121.658695652174,121.658695652174,437.19,0,0.5651,0,540,405,558.9,1.38,0
6,RegionD,0.24,376.36,376.6,482.048,950,482.048,0,0,0,0,0,180,287.952,-180,384.297634408602,384.297634408602,280.59,218.86,0.4315,0,1472,720,921.6,1.28,0
6,RegionE,0.24,438.076667,438.316667,547.89583375,950,547.89583375,0,0,0,0,0,220,182.10416625,-220,82,82,247.96,193.41,0.226,0,1012,560,700,1.25,0
6,RegionF,0,408.834667,408.834667,519.22002709,950,519.22002709,0,0,0,0,0,220,210.77997291,-220,116.357056731267,116.357056731267,261.01,203.59,0.2671,0,966,540,685.8,1.27,0
7,RegionA,3.30933333333333,391.310667,394.620000333333,532.73700045,1012.13,532.73700045,0,0,0,0,0,0,479.39299955,0,100.969442826087,100.969442826087,723.26,0,0.6248,0,630,420,567,1.35,0
7,RegionB,3.36533333333333,378.021333,381.386666333333,514.87199955,1012.13,514.87199955,0,0,0,0,0,0,497.25800045,0,227.7,227.7,693.12,0,0.5845,0,585,410,553.5,1.35,0
7,RegionC,0.64,352.289333,352.929333,487.04247954,1012.13,487.04247954,0,0,0,0,0,0,525.08752046,0,121.658695652174,121.658695652174,673.03,0,0.5543,0,540,405,558.9,1.38,0
7,RegionD,0.0759999999999999,367.372333,367.448333,470.33386624,1012.13,470.33386624,0,0,0,0,0,180,361.79613376,-180,384.297634408602,384.297634408602,431.95,336.92,0.4233,0,1472,720,921.6,1.28,0
7,RegionE,0.24,428.322667,428.562667,535.70333375,1012.13,535.70333375,0,0,0,0,0,220,256.42666625,-220,82,82,381.72,297.74,0.2217,0,1012,560,700,1.25,0
7,RegionF,0,371.44,371.44,471.7288,1012.13,471.7288,0,0,0,0,0,220,320.4012,-220,116.357056731267,116.357056731267,401.81,313.41,0.262,0,966,540,685.8,1.27,0
8,RegionA,2.3,379.82,382.12,515.862,1059.81,515.862,0,0,0,0,0,0,543.948,0,100.969442826087,100.969442826087,723.71,0,0.6126,0,630,420,567,1.35,0
8,RegionB,4.55466666666667,377.305333,381.859999666667,515.51099955,1059.81,515.51099955,0,0,0,0,0,0,544.29900045,0,227.7,227.7,693.56,0,0.5731,0,585,410,553.5,1.35,0
8,RegionC,2.32,351.746667,354.066667,488.61200046,1059.81,488.61200046,0,0,0,0,0,0,571.19799954,0,121.658695652174,121.658695652174,673.45,0,0.5435,0,540,405,558.9,1.38,0
8,RegionD,0,363.737333,363.737333,465.58378624,1059.81,465.58378624,0,0,0,0,0,180,414.22621376,-180,384.297634408602,384.297634408602,432.22,337.13,0.415,0,1472,720,921.6,1.28,0
8,RegionE,0.412,394.935667,395.347667,494.18458375,1059.81,494.18458375,0,0,0,0,0,220,345.62541625,-220,82,82,381.96,297.93,0.2174,0,1012,560,700,1.25,0
8,RegionF,0,349.92,349.92,444.3984,1059.81,444.3984,0,0,0,0,0,220,395.4116,-220,116.357056731267,116.357056731267,402.06,313.61,0.2569,0,966,540,685.8,1.27,0
9,RegionA,1.55866666666667,381.911333,383.469999666667,517.68449955,1089.78,517.68449955,0,0,0,0,0,0,572.09550045,0,100.969442826087,100.969442826087,724.16,0,0.6013,0,630,420,567,1.35,0
9,RegionB,5.052,376.248,381.3,514.755,1089.78,514.755,0,0,0,0,0,0,575.025,0,227.7,227.7,693.99,0,0.5625,0,585,410,553.5,1.35,0
9,RegionC,2.32,359.160667,361.480667,498.84332046,1089.78,498.84332046,0,0,0,0,0,0,590.93667954,0,121.658695652174,121.658695652174,673.87,0,0.5334,0,540,405,558.9,1.38,0
9,RegionD,0,344.891333,344.891333,441.46090624,1089.78,441.46090624,0,0,0,0,0,180,468.31909376,-180,384.297634408602,384.297634408602,432.48,337.33,0.4074,0,1472,720,921.6,1.28,0
9,RegionE,0.64,413.19,413.83,517.2875,1089.78,517.2875,0,0,0,0,0,220,352.4925,-220,82,82,382.2,298.12,0.2134,0,1012,560,700,1.25,0
9,RegionF,0,402.599333,402.599333,511.30115291,1089.78,511.30115291,0,0,0,0,0,220,358.47884709,-220,116.357056731267,116.357056731267,402.31,313.8,0.2522,0,966,540,685.8,1.27,0
10,RegionA,1.21333333333333,374.416667,375.630000333333,507.10050045,1100,507.10050045,0,0,0,0,0,0,592.89949955,0,100.969442826087,100.969442826087,724.61,0,0.5917,0,630,420,567,1.35,0
10,RegionB,5.208,378.72,383.928,518.3028,1100,518.3028,0,0,0,0,0,0,581.6972,0,227.7,227.7,694.41,0,0.5535,0,585,410,553.5,1.35,0
10,RegionC,2.472,365.219667,367.691667,507.41450046,1100,507.41450046,0,0,0,0,0,0,592.58549954,0,121.658695652174,121.658695652174,674.29,0,0.5249,0,540,405,558.9,1.38,0
10,RegionD,0,347.351333,347.351333,444.60970624,1100,444.60970624,0,0,0,0,0,180,475.39029376,-180,384.297634408602,384.297634408602,432.75,337.55,0.4008,0,1472,720,921.6,1.28,0
10,RegionE,0.64,340.493333,341.133333,426.41666625,1100,426.41666625,0,0,0,0,0,220,453.58333375,-220,82,82,382.43,298.3,0.21,0,1012,560,700,1.25,0
10,RegionF,0,352.333333,352.333333,447.46333291,1100,447.46333291,0,0,0,0,0,220,432.53666709,-220,116.357056731267,116.357056731267,402.56,314,0.2481,0,966,540,685.8,1.27,0
11,RegionA,2.24,355.858,358.098,483.4323,1089.78,483.4323,0,0,0,0,0,0,606.3477,0,100.969442826087,100.969442826087,725.04,0,0.5845,0,630,420,567,1.35,0
11,RegionB,4.44666666666667,380.863333,385.309999666667,520.16849955,1089.78,520.16849955,0,0,0,0,0,0,569.61150045,0,227.7,227.7,694.83,0,0.5468,0,585,410,553.5,1.35,0
11,RegionC,2.49466666666667,359.438,361.932666666667,499.46708,1089.78,499.46708,0,0,0,0,0,0,590.31292,0,121.658695652174,121.658695652174,674.69,0,0.5185,0,540,405,558.9,1.38,0
11,RegionD,0,304.246,304.246,389.43488,1089.78,389.43488,0,0,0,0,0,180,520.34512,-180,384.297634408602,384.297634408602,433.01,337.75,0.3959,0,1472,720,921.6,1.28,0
11,RegionE,0.64,296.71,297.35,371.6875,1089.78,371.6875,0,0,0,0,0,220,498.0925,-220,82,82,382.66,298.47,0.2074,0,1012,560,700,1.25,0
11,RegionF,0,311.191333,311.191333,395.21299291,1089.78,395.21299291,0,0,0,0,0,220,474.56700709,-220,116.357056731267,116.357056731267,402.8,314.18,0.2451,0,966,540,685.8,1.27,0
12,RegionA,2.34933333333333,331.547333,333.896666333333,450.76049955,1059.81,450.76049955,0,0,0,0,0,0,609.04950045,0,100.969442826087,100.969442826087,725.48,0,0.5802,0,630,420,567,1.35,0
12,RegionB,3.868,331.360333,335.228333,452.55824955,1059.81,452.55824955,0,0,0,0,0,0,607.25175045,0,227.7,227.7,695.25,0,0.5427,0,585,410,553.5,1.35,0
12,RegionC,1.82666666666667,331.413333,333.239999666667,459.87119954,1059.81,459.87119954,0,0,0,0,0,0,599.93880046,0,121.658695652174,121.658695652174,675.1,0,0.5147,0,540,405,558.9,1.38,0
12,RegionD,0,271.27,271.27,347.2256,1059.81,347.2256,0,0,0,0,0,180,532.5844,-180,384.297634408602,384.297634408602,433.27,337.95,0.393,0,1472,720,921.6,1.28,0
12,RegionE,0.504,285.225333,285.729333,357.16166625,1059.81,357.16166625,0,0,0,0,0,220,482.64833375,-220,82,82,382.89,298.65,0.2059,0,1012,560,700,1.25,0
12,RegionF,0.64,335.506667,336.146667,426.90626709,1059.81,426.90626709,0,0,0,0,0,220,412.90373291,-220,116.357056731267,116.357056731267,403.04,314.37,0.2433,0,966,540,685.8,1.27,0
13,RegionA,1.6,315.802,317.402,428.4927,1012.13,428.4927,0,0,0,0,0,0,583.6373,0,100.969442826087,100.969442826087,725.9,0,0.5791,0,630,420,567,1.35,0
13,RegionB,2.20666666666667,303.576333,305.782999666667,412.80704955,1012.13,412.80704955,0,0,0,0,0,0,599.32295045,0,227.7,227.7,695.66,0,0.5417,0,585,410,553.5,1.35,0
13,RegionC,1.62933333333333,318.768667,320.398000333333,442.14924046,1012.13,442.14924046,0,0,0,0,0,0,569.98075954,0,121.658695652174,121.658695652174,675.49,0,0.5137,0,540,405,558.9,1.38,0
13,RegionD,0,289.992,289.992,371.18976,1012.13,371.18976,0,0,0,0,0,180,460.94024,-180,384.297634408602,384.297634408602,433.53,338.15,0.3923,0,1472,720,921.6,1.28,0
13,RegionE,0.4,239.157333,239.557333,299.44666625,1012.13,299.44666625,0,0,0,0,0,220,492.68333375,-220,82,82,383.12,298.83,0.2055,0,1012,560,700,1.25,0
13,RegionF,0.96,282.996,283.956,360.62412,1012.13,360.62412,0,0,0,0,0,220,431.50588,-220,116.357056731267,116.357056731267,403.28,314.56,0.2428,0,966,540,685.8,1.27,0
14,RegionA,2.11866666666667,306.239333,308.357999666667,416.28329955,950,416.28329955,0,0,0,0,0,0,533.71670045,0,100.969442826087,100.969442826087,726.32,0,0.5814,0,630,420,567,1.35,0
14,RegionB,2.19066666666667,287.683333,289.873999666667,391.32989955,950,391.32989955,0,0,0,0,0,0,558.67010045,0,227.7,227.7,696.06,0,0.5439,0,585,410,553.5,1.35,0
14,RegionC,2.24,295.744,297.984,411.21792,950,411.21792,0,0,0,0,0,0,538.78208,0,121.658695652174,121.658695652174,675.88,0,0.5157,0,540,405,558.9,1.38,0
14,RegionD,0.16,209.709333,209.869333,268.63274624,950,268.63274624,0,0,0,0,0,180,501.36725376,-180,384.297634408602,384.297634408602,433.78,338.35,0.3938,0,1472,720,921.6,1.28,0
14,RegionE,0.00666666666666629,212.674,212.680666666667,265.850833333333,950,265.850833333333,0,0,0,0,0,220,464.149166666667,-220,82,82,383.34,299.01,0.2063,0,1012,560,700,1.25,0
14,RegionF,0.96,246.254,247.214,313.96178,950,313.96178,0,0,0,0,0,220,416.03822,-220,116.357056731267,116.357056731267,403.51,314.74,0.2438,0,966,540,685.8,1.27,0
15,RegionA,2.228,274.162,276.39,373.1265,877.65,373.1265,0,0,0,0,0,0,504.5235,0,100.969442826087,100.969442826087,726.74,0,0.5869,0,630,420,567,1.35,0
15,RegionB,3.98266666666667,236.227333,240.209999666667,324.28349955,877.65,324.28349955,0,0,0,0,0,0,553.36650045,0,227.7,227.7,696.45,0,0.5491,0,585,410,553.5,1.35,0
15,RegionC,3.408,266.480667,269.888667,372.44636046,877.65,372.44636046,0,0,0,0,0,0,505.20363954,0,121.658695652174,121.658695652174,676.27,0,0.5207,0,540,405,558.9,1.38,0
15,RegionD,0.16,204.339333,204.499333,261.75914624,877.65,151.006787913984,0,0,0,110.752358326016,0,180,546.643212086016,-180,384.297634408602,265.2090770688,434.02,338.54,0.3976,0,1472,720,921.6,1.28,0
15,RegionE,0.136,220.633333,220.769333,275.96166625,877.65,275.96166625,0,0,0,0,0,220,381.68833375,-220,82,82,383.55,299.17,0.2083,0,1012,560,700,1.25,0
15,RegionF,0.96,177.93,178.89,227.1903,877.65,227.1903,0,0,0,0,0,220,430.4597,-220,116.357056731267,116.357056731267,403.74,314.92,0.2461,0,966,540,685.8,1.27,0
16,RegionA,1.95066666666667,229.189333,231.139999666667,312.03899955,800,312.03899955,0,0,0,0,0,0,487.96100045,0,100.969442826087,100.969442826087,727.14,0,0.5954,0,630,420,567,1.35,0
16,RegionB,3.24266666666667,197.768,201.010666666667,271.3644,800,271.3644,0,0,0,0,0,0,528.6356,0,227.7,227.7,696.84,0,0.557,0,585,410,553.5,1.35,0
16,RegionC,3.73333333333333,238.387667,242.121000333333,334.12698046,800,334.12698046,0,0,0,0,0,0,465.87301954,0,121.658695652174,121.658695652174,676.64,0,0.5282,0,540,405,558.9,1.38,0
16,RegionD,0.64,186.41,187.05,239.424,800,239.424,0,0,0,0,0,180,380.576,-180,265.2090770688,265.2090770688,434.26,338.72,0.4033,0,1472,720,921.6,1.28,0
16,RegionE,0,227.071333,227.071333,283.83916625,800,283.83916625,240,0,240,0,-0,220,56.1608337499999,-220,82,307.6,383.77,299.34,0.2113,-0,1012,560,700,1.25,0
16,RegionF,0.674666666666666,162.106667,162.781333666667,206.732293756667,800,206.732293756667,0,0,0,0,0,220,373.267706243333,-220,116.357056731267,116.357056731267,403.97,315.1,0.2497,0,966,540,685.8,1.27,0
17,RegionA,2.068,217.430333,219.498333,296.32274955,722.35,296.32274955,0,0,0,0,0,0,426.02725045,0,100.969442826087,100.969442826087,1054.92,0,0.6062,0,630,420,567,1.35,0
17,RegionB,3.776,212.509667,216.285667,291.98565045,722.35,291.94165045,0,0,0,0.0439999999999714,0,0,430.40834955,0,227.7,227.652173913043,1010.97,0,0.5671,0,585,410,553.5,1.35,0
17,RegionC,3.48666666666667,256.505,259.991666666667,358.7885,722.35,358.7885,0,0,0,0,0,0,363.5615,0,121.658695652174,121.658695652174,981.67,0,0.5378,0,540,405,558.9,1.38,0
17,RegionD,0.456,167.765333,168.221333,215.32330624,722.35,215.32330624,0,0,0,0,0,180,327.02669376,-180,265.2090770688,265.2090770688,630.02,491.42,0.4107,0,1472,720,921.6,1.28,0
17,RegionE,0.56,219.966,220.526,275.6575,722.35,275.6575,226.6925,0,226.6925,0,-0,220,0,-220,307.6,520.69095,556.77,434.28,0.2151,-0,1012,560,700,1.25,0
17,RegionF,0.56,160.028667,160.588667,203.94760709,722.35,203.94760709,250,0,250,0,-0,220,48.40239291,-220,116.357056731267,351.357056731267,586.07,457.13,0.2542,-0,966,540,685.8,1.27,0
18,RegionA,2.528,204.150333,206.678333,279.01574955,650,279.01574955,0,0,0,0,0,0,370.98425045,0,100.969442826087,100.969442826087,1055.49,0,0.6188,0,630,420,567,1.35,0
18,RegionB,3.71866666666667,158.044667,161.763333666667,218.38050045,650,128.38050045,0,0,0,90,0,0,521.61949955,0,227.652173913043,129.826086956522,1011.51,0,0.5788,0,585,410,553.5,1.35,0
18,RegionC,2.49466666666667,193.717,196.211666666667,270.7721,650,186.4461,0,0,0,84.326,0,0,463.5539,0,121.658695652174,30,982.19,0,0.5489,0,540,405,558.9,1.38,0
18,RegionD,0,128.204,128.204,164.10112,650,164.10112,260,0,260,0,-0,180,45.89888,-180,265.2090770688,509.6090770688,630.36,491.68,0.4192,-0,1472,720,921.6,1.28,0
18,RegionE,0.56,192.447333,193.007333,241.25916625,650,241.25916625,188.74083375,0,188.74083375,0,-0,220,0,-220,520.69095,698.107333725,557.06,434.51,0.2196,-0,1012,560,700,1.25,0
18,RegionF,0.326666666666666,159.312667,159.639333666667,202.741953756667,650,202.741953756667,227.258046243333,0,227.258046243333,0,-0,220,0,-220,351.357056731267,564.9796202,586.38,457.38,0.2595,-0,966,540,685.8,1.27,0
19,RegionA,2.55733333333333,227.419333,229.976666333333,310.46849955,587.87,310.46849955,0,0,0,0,0,0,277.40150045,0,100.969442826087,100.969442826087,1056.03,0,0.6321,0,630,420,567,1.35,0
19,RegionB,3.69066666666667,178.952333,182.642999666667,246.56804955,587.87,156.56804955,0,0,0,90,0,0,431.30195045,0,129.826086956522,32,1012.03,0,0.5913,0,585,410,553.5,1.35,0
19,RegionC,1.80266666666667,207.644,209.446666666667,289.0364,587.87,289.0364,85,0,85,0,-0,0,213.8336,-0,30,109.05,982.7,0,0.5608,-0,540,405,558.9,1.38,0
19,RegionD,0,142.655667,142.655667,182.59925376,587.87,182.59925376,225.27074624,0,225.27074624,0,-0,180,0,-180,509.6090770688,721.3635785344,630.69,491.94,0.4282,-0,1472,720,921.6,1.28,0
19,RegionE,0.149333333333333,244.270667,244.420000333333,305.525000416667,587.87,305.525000416667,0,0,0,0,0,220,62.3449995833333,-220,698.107333725,698.107333725,557.35,434.73,0.2243,0,1012,560,700,1.25,0
19,RegionF,0,137.827,137.827,175.04029,587.87,175.04029,192.82971,0,192.82971,0,-0,220,0,-220,564.9796202,746.2395476,586.68,457.61,0.2651,-0,966,540,685.8,1.27,0
20,RegionA,1.872,187.096333,188.968333,255.10724955,540.19,227.53536215,0,0,0,27.5718874,0,0,312.65463785,0,100.969442826087,71,1056.56,0,0.6455,0,630,420,567,1.35,0
20,RegionB,2.668,204.582,207.25,279.7875,540.19,279.7875,90,0,90,0,-0,0,170.4025,-0,32,115.7,1012.54,0,0.6038,-0,585,410,553.5,1.35,0
20,RegionC,1.51066666666667,236.909333,238.419999666667,329.01959954,540.19,329.01959954,85,0,85,0,-0,0,126.17040046,-0,109.05,188.1,983.19,0,0.5726,-0,540,405,558.9,1.38,0
20,RegionD,0.08,132.850667,132.930667,170.15125376,540.19,170.15125376,190.03874624,0,190.03874624,0,-0,180,0,-180,721.3635785344,900,631,492.18,0.4373,-0,1472,720,921.6,1.28,0
20,RegionE,0,204.61,204.61,255.7625,540.19,255.7625,0,0,0,0,0,220,64.4275,-220,698.107333725,698.107333725,557.63,434.95,0.229,0,1012,560,700,1.25,0
20,RegionF,0,165.202,165.202,209.80654,540.19,209.80654,110.38346,0,110.38346,0,-0,220,0,-220,746.2395476,850,586.98,457.84,0.2707,-0,966,540,685.8,1.27,0
21,RegionA,2.15733333333333,212.461,214.618333333333,289.73475,510.22,289.73475,100,0,100,0,-0,0,120.48525,-0,71,164,1057.08,0,0.658,-0,630,420,567,1.35,0
21,RegionB,1.344,219.931,221.275,298.72125,510.22,298.72125,39.6774193548387,0,39.6774193548387,0,-0,0,171.821330645161,-0,115.7,152.6,1013.04,0,0.6155,-0,585,410,553.5,1.35,0
21,RegionC,0.86,252.873333,253.733333,350.15199954,510.22,350.15199954,85,0,85,0,-0,0,75.0680004600001,-0,188.1,267.15,983.67,0,0.5837,-0,540,405,558.9,1.38,0
21,RegionD,0.08,150.805,150.885,193.1328,510.22,193.1328,0,0,0,0,0,180,137.0872,-180,900,900,631.31,492.42,0.4457,0,1472,720,921.6,1.28,0
21,RegionE,0,175.528,175.528,219.41,510.22,219.41,0,0,0,0,0,220,70.81,-220,698.107333725,698.107333725,557.9,435.16,0.2335,0,1012,560,700,1.25,0
21,RegionF,0,136.434333,136.434333,173.27160291,510.22,173.27160291,0,0,0,0,0,220,116.94839709,-220,850,850,587.27,458.07,0.2759,0,966,540,685.8,1.27,0
22,RegionA,2.86266666666667,220.847333,223.709999666667,302.00849955,500,302.00849955,100,0,100,0,-0,0,97.99150045,-0,164,257,656.43,0,0.6687,-0,630,420,567,1.35,0
22,RegionB,1.89333333333333,275.023333,276.916666333333,373.83749955,500,373.83749955,90,0,90,0,-0,0,36.16250045,-0,152.6,236.3,629.08,0,0.6256,-0,585,410,553.5,1.35,0
22,RegionC,1.43866666666667,283.544667,284.983333666667,393.27700046,500,373.867527173576,0,0,0,19.409473286424,0,0,126.132472826424,0,267.15,246.0527464278,610.85,0,0.5932,0,540,405,558.9,1.38,0
22,RegionD,0.0266666666666666,176.678667,176.705333666667,226.182827093333,500,226.182827093333,0,0,0,0,0,180,93.8171729066667,-180,900,900,392.04,305.79,0.453,0,1472,720,921.6,1.28,0
22,RegionE,0,235.15,235.15,293.9375,500,280,0,0,0,13.9375,0,220,0,-220,698.107333725,683.120774585215,346.45,270.23,0.2373,0,1012,560,700,1.25,0
22,RegionF,0.4,211.309333,211.709333,268.87085291,500,268.87085291,0,0,0,0,0,220,11.12914709,-220,850,850,364.68,284.45,0.2804,0,966,540,685.8,1.27,0
23,RegionA,2.94666666666667,221.735333,224.681999666667,303.32069955,510.22,303.32069955,100,0,100,0,-0,0,106.89930045,-0,257,350,656.73,0,0.6771,-0,630,420,567,1.35,0
23,RegionB,2.07733333333333,292.435667,294.513000333333,397.59255045,510.22,397.59255045,90,0,90,0,-0,0,22.62744955,-0,236.3,320,629.37,0,0.6334,-0,585,410,553.5,1.35,0
23,RegionC,1.64533333333333,326.044667,327.690000333333,452.21220046,510.22,452.21220046,58.0077995400001,0,58.0077995400001,0,-0,0,0,-0,246.0527464278,300,611.13,0,0.6006,-0,540,405,558.9,1.38,0
23,RegionD,0,244.746667,244.746667,313.27573376,510.22,313.27573376,0,0,0,0,0,180,16.94426624,-180,900,900,392.22,305.93,0.4586,0,1472,720,921.6,1.28,0
23,RegionE,0,287.022667,287.022667,358.77833375,510.22,290.22,0,0,0,68.55833375,0,220,0,-220,683.120774585215,609.402136144355,346.61,270.36,0.2402,0,1012,560,700,1.25,0
23,RegionF,0.88,240.361,241.241,306.37607,510.22,290.22,0,0,0,16.1560699999999,0,220,0,-220,850,832.62788172043,364.85,284.58,0.2839,0,966,540,685.8,1.27,0
24,RegionA,3.98133333333333,297.296667,301.278000333333,406.72530045,540.19,306.72530045,0,0,0,100,0,0,233.46469955,0,350,241.304347826087,474.52,0,0.6825,0,630,420,567,1.35,24
24,RegionB,3.58933333333333,327.626,331.215333333333,447.1407,540.19,357.1407,0,0,0,90,0,0,183.0493,0,320,222.173913043478,454.75,0,0.6384,0,585,410,553.5,1.35,24
24,RegionC,11.48,337.84,349.32,482.0616,540.19,397.0616,0,0,0,85,0,0,143.1284,0,300,207.608695652174,441.56,0,0.6054,0,540,405,558.9,1.38,24
24,RegionD,195.665333333333,274.789,470.454333333333,602.181546666667,540.19,360.19,0,0,0,241.991546666667,0,180,0,-180,900,639.794035842294,283.39,221.04,0.4623,0,1472,720,921.6,1.28,24
24,RegionE,158.72,275.55,434.27,542.8375,540.19,320.19,0,0,0,222.6475,0,220,0,-220,609.402136144355,369.99622216586,250.44,195.34,0.2422,0,1012,560,700,1.25,24
24,RegionF,150.64,267.935667,418.575667,531.59109709,540.19,320.19,0,0,0,211.40109709,0,220,0,-220,832.62788172043,605.314874096774,263.62,205.62,0.2862,0,966,540,685.8,1.27,24
25,RegionA,5.66933333333333,345.349333,351.018666333333,473.87519955,587.87,473.87519955,0,0,0,0,0,0,113.99480045,0,241.304347826087,241.304347826087,474.72,0,0.6846,0,630,420,567,1.35,24
25,RegionB,24.6706666666667,365.876333,390.546999666667,527.23844955,587.87,527.23844955,0,0,0,0,0,0,60.6315504500001,0,222.173913043478,222.173913043478,454.94,0,0.6404,0,585,410,553.5,1.35,24
25,RegionC,13.6,384.88,398.48,549.9024,587.87,549.9024,0,0,0,0,0,0,37.9675999999999,0,207.608695652174,207.608695652174,441.75,0,0.6073,0,540,405,558.9,1.38,24
25,RegionD,194.390666666667,312.02,506.410666666667,648.205653333333,587.87,407.87,0,0,0,240.335653333333,-0,180,0,-180,639.794035842294,381.368602150538,283.51,221.14,0.4637,-0,1472,720,921.6,1.28,24
25,RegionE,105.68,322.796,428.476,535.595,587.87,367.87,0,0,0,167.725,0,220,0,-220,369.99622216586,189.646759800269,250.55,195.43,0.2429,0,1012,560,700,1.25,24
25,RegionF,138.598666666667,328.328,466.926666666667,592.996866666667,587.87,367.87,0,0,0,225.126866666667,0,220,0,-220,605.314874096774,363.242974455197,263.73,205.71,0.2871,0,966,540,685.8,1.27,24
26,RegionA,6.69333333333333,392.358667,399.052000333333,538.72020045,650,538.72020045,0,0,0,0,0,0,111.27979955,0,241.304347826087,241.304347826087,474.91,0,0.6833,0,630,420,567,1.35,24
26,RegionB,22.268,383.777667,406.045667,548.16165045,650,548.16165045,0,0,0,0,0,0,101.83834955,0,222.173913043478,222.173913043478,455.13,0,0.6392,0,585,410,553.5,1.35,24
26,RegionC,15.9933333333333,371.44,387.433333333333,534.658,650,534.658,0,0,0,0,0,0,115.342,0,207.608695652174,207.608695652174,441.93,0,0.6061,0,540,405,558.9,1.38,24
26,RegionD,169.196,366.438333,535.634333,685.61194624,650,470,0,0,0,215.61194624,0,180,0,-180,381.368602150538,149.527799741936,283.63,221.23,0.4629,0,1472,720,921.6,1.28,24
26,RegionE,18.2946666666666,386.19,404.484666666667,505.605833333333,650,430,0,0,0,75.6058333333333,0,220,0,-220,189.646759800269,108.35016481819,250.65,195.51,0.2425,0,1012,560,700,1.25,24
26,RegionF,145.197333333333,340.716,485.913333333333,617.109933333333,650,430,0,0,0,187.109933333333,0,220,0,-220,363.242974455197,162.049497752688,263.84,205.8,0.2865,0,966,540,685.8,1.27,24
27,RegionA,22.08,397.85,419.93,566.9055,722.35,566.9055,0,0,0,0,0,0,155.4445,0,241.304347826087,241.304347826087,475.1,0,0.6787,0,630,420,567,1.35,24
27,RegionB,22.408,387.552,409.96,553.446,722.35,553.446,0,0,0,0,0,0,168.904,0,222.173913043478,222.173913043478,455.31,0,0.6349,0,585,410,553.5,1.35,24
27,RegionC,14.7006666666667,363.676,378.376666666667,522.1598,722.35,522.1598,0,0,0,0,0,0,200.1902,0,207.608695652174,207.608695652174,442.11,0,0.6021,0,540,405,558.9,1.38,24
27,RegionD,66.363,342.975333,409.338333,523.95306624,722.35,523.95306624,0,0,0,0,0,180,18.39693376,-180,149.527799741936,149.527799741936,283.74,221.32,0.4598,0,1472,720,921.6,1.28,24
27,RegionE,9.34,391.1,400.44,500.55,722.35,500.55,0,0,0,0,0,220,1.80000000000001,-220,108.35016481819,108.35016481819,250.75,195.59,0.2408,0,1012,560,700,1.25,24
27,RegionF,62.0166666666666,334.62,396.636666666667,503.728566666667,722.35,502.35,0,0,0,1.37856666666659,0,220,0,-220,162.049497752688,160.567168003584,263.94,205.87,0.2846,0,966,540,685.8,1.27,24
28,RegionA,22.824,396.64,419.464,566.2764,800,566.2764,0,0,0,0,0,0,233.7236,0,241.304347826087,241.304347826087,475.28,0,0.6712,0,630,420,567,1.35,24
28,RegionB,19.666,386.12,405.786,547.8111,800,547.8111,0,0,0,0,0,0,252.1889,0,222.173913043478,222.173913043478,455.48,0,0.6279,0,585,410,553.5,1.35,24
28,RegionC,11.9466666666667,369.153333,381.099999666667,525.91799954,800,525.91799954,0,0,0,0,0,0,274.08200046,0,207.608695652174,207.608695652174,442.27,0,0.5954,0,540,405,558.9,1.38,24
28,RegionD,144.157333333333,320.44,464.597333333333,594.684586666667,800,594.684586666667,0,0,0,0,0,180,25.3154133333334,-180,149.527799741936,149.527799741936,283.85,221.4,0.4547,0,1472,720,921.6,1.28,24
28,RegionE,51.2906666666667,399.183667,450.474333666667,563.092917083333,800,563.092917083333,16.9070829166667,0,16.9070829166667,0,-0,220,0,-220,108.35016481819,124.242822759857,250.84,195.66,0.2382,-0,1012,560,700,1.25,24
28,RegionF,149.525333333333,258.082,407.607333333333,517.661313333333,800,517.661313333333,0,0,0,0,0,220,62.3386866666667,-220,160.567168003584,160.567168003584,264.04,205.95,0.2815,0,966,540,685.8,1.27,24
29,RegionA,37.721,379.377333,417.098333,563.08274955,877.65,563.08274955,0,0,0,0,0,0,314.56725045,0,241.304347826087,241.304347826087,475.45,0,0.6612,0,630,420,567,1.35,24
29,RegionB,18.4546666666667,386.485333,404.939999666667,546.66899955,877.65,546.66899955,0,0,0,0,0,0,330.98100045,0,222.173913043478,222.173913043478,455.64,0,0.6186,0,585,410,553.5,1.35,24
29,RegionC,17.4963333333333,367.992,385.488333333333,531.9739,877.65,531.9739,0,0,0,0,0,0,345.6761,0,207.608695652174,207.608695652174,442.43,0,0.5866,0,540,405,558.9,1.38,24
29,RegionD,183.745,339.493333,523.238333,669.74506624,877.65,669.74506624,0,0,0,0,0,180,27.9049337599999,-180,149.527799741936,149.527799741936,283.95,221.48,0.4479,0,1472,720,921.6,1.28,24
29,RegionE,134.312666666667,396.141667,530.454333666667,663.067917083333,877.65,657.65,0,0,0,5.41791708333324,0,220,0,-220,124.242822759857,118.41710546595,250.93,195.73,0.2346,0,1012,560,700,1.25,24
29,RegionF,148.1,357.664,505.764,642.32028,877.65,642.32028,0,0,0,0,0,220,15.3297200000001,-220,160.567168003584,160.567168003584,264.14,206.03,0.2773,0,966,540,685.8,1.27,24
30,RegionA,54.7133333333333,356.301667,411.015000333333,554.87025045,950,554.87025045,0,0,0,0,0,0,395.12974955,0,241.304347826087,241.304347826087,475.61,0,0.6496,0,630,420,567,1.35,24
30,RegionB,18.5786666666667,371.976333,390.554999666667,527.24924955,950,527.24924955,0,0,0,0,0,0,422.75075045,0,222.173913043478,222.173913043478,455.79,0,0.6077,0,585,410,553.5,1.35,24
30,RegionC,17.977,368.290667,386.267667,533.04938046,950,533.04938046,0,0,0,0,0,0,416.95061954,0,207.608695652174,207.608695652174,442.58,0,0.5763,0,540,405,558.9,1.38,24
30,RegionD,212.728,375.696,588.424,753.18272,950,753.18272,0,0,0,0,0,180,16.81728,-180,149.527799741936,149.527799741936,284.04,221.55,0.44,0,1472,720,921.6,1.28,24
30,RegionE,147.181666666667,389.288333,536.469999666667,670.587499583333,950,670.587499583333,0,0,0,0,0,220,59.4125004166667,-220,118.41710546595,118.41710546595,251.02,195.8,0.2305,0,1012,560,700,1.25,24
30,RegionF,128.886666666667,409.034,537.920666666667,683.159246666667,950,683.159246666667,0,0,0,0,0,220,46.8407533333334,-220,160.567168003584,160.567168003584,264.23,206.1,0.2724,0,966,540,685.8,1.27,24
31,RegionA,54.988,346.030333,401.018333,541.37474955,1012.13,541.37474955,0,0,0,0,0,0,470.75525045,0,241.304347826087,241.304347826087,731.94,0,0.637,0,630,420,567,1.35,24
31,RegionB,17.464,371.708,389.172,525.3822,1012.13,525.3822,0,0,0,0,0,0,486.7478,0,222.173913043478,222.173913043478,701.44,0,0.5959,0,585,410,553.5,1.35,24
31,RegionC,13.96,381.238333,395.198333,545.37369954,1012.13,545.37369954,0,0,0,0,0,0,466.75630046,0,207.608695652174,207.608695652174,681.11,0,0.5651,0,540,405,558.9,1.38,24
31,RegionD,225.921666666667,375.308667,601.230333666667,769.574827093333,1012.13,769.574827093333,0,0,0,0,0,180,62.5551729066666,-180,149.527799741936,149.527799741936,437.13,340.96,0.4315,0,1472,720,921.6,1.28,24
31,RegionE,148.688333333333,390.455333,539.143666333333,673.929582916667,1012.13,673.929582916667,0,0,0,0,0,220,118.200417083333,-220,118.41710546595,118.41710546595,386.3,301.31,0.226,0,1012,560,700,1.25,24
31,RegionF,114.812,420.017,534.829,679.23283,1012.13,679.23283,0,0,0,0,0,220,112.89717,-220,160.567168003584,160.567168003584,406.63,317.17,0.2671,0,966,540,685.8,1.27,24
32,RegionA,37.2413333333333,363.262667,400.504000333333,540.68040045,1059.81,540.68040045,0,0,0,0,0,0,519.12959955,0,241.304347826087,241.304347826087,732.16,0,0.6245,0,630,420,567,1.35,24
32,RegionB,21.816,368.347333,390.163333,526.72049955,1059.81,526.72049955,0,0,0,0,0,0,533.08950045,0,222.173913043478,222.173913043478,701.66,0,0.5842,0,585,410,553.5,1.35,24
32,RegionC,42.498,347.712,390.21,538.4898,1059.81,538.4898,0,0,0,0,0,0,521.3202,0,207.608695652174,207.608695652174,681.32,0,0.554,0,540,405,558.9,1.38,24
32,RegionD,210.2,362.314,572.514,732.81792,1059.81,732.81792,0,0,0,0,0,180,146.99208,-180,149.527799741936,149.527799741936,437.26,341.06,0.423,0,1472,720,921.6,1.28,24
32,RegionE,146.757333333333,361.386333,508.143666333333,635.179582916667,1059.81,635.179582916667,0,0,0,0,0,220,204.630417083333,-220,118.41710546595,118.41710546595,386.42,301.41,0.2216,0,1012,560,700,1.25,24
32,RegionF,134.572,369.103,503.675,639.66725,1059.81,639.66725,0,0,0,0,0,220,200.14275,-220,160.567168003584,160.567168003584,406.76,317.27,0.2619,0,966,540,685.8,1.27,24
33,RegionA,32.6063333333333,371.739,404.345333333333,545.8662,1089.78,545.8662,0,0,0,0,0,0,543.9138,0,241.304347826087,241.304347826087,732.37,0,0.6128,0,630,420,567,1.35,24
33,RegionB,26.538,371.185333,397.723333,536.92649955,1089.78,536.92649955,0,0,0,0,0,0,552.85350045,0,222.173913043478,222.173913043478,701.85,0,0.5732,0,585,410,553.5,1.35,24
33,RegionC,44.824,336.899333,381.723333,526.77819954,1089.78,526.77819954,0,0,0,0,0,0,563.00180046,0,207.608695652174,207.608695652174,681.51,0,0.5436,0,540,405,558.9,1.38,24
33,RegionD,218.746666666667,394.727333,613.473999666666,785.246719573333,1089.78,785.246719573333,0,0,0,0,0,180,124.533280426667,-180,149.527799741936,149.527799741936,437.39,341.16,0.4151,0,1472,720,921.6,1.28,24
33,RegionE,142.826666666667,371.328,514.154666666667,642.693333333333,1089.78,642.693333333333,0,0,0,0,0,220,227.086666666667,-220,118.41710546595,118.41710546595,386.53,301.49,0.2174,0,1012,560,700,1.25,24
33,RegionF,129.928,361.943333,491.871333,624.67659291,1089.78,624.67659291,0,0,0,0,0,220,245.10340709,-220,160.567168003584,160.567168003584,406.87,317.36,0.257,0,966,540,685.8,1.27,24
34,RegionA,46.97,362.323333,409.293333,552.54599955,1100,552.54599955,0,0,0,0,0,0,547.45400045,0,241.304347826087,241.304347826087,732.56,0,0.6027,0,630,420,567,1.35,24
34,RegionB,18.2703333333333,369.669333,387.939666333333,523.71854955,1100,523.71854955,0,0,0,0,0,0,576.28145045,0,222.173913043478,222.173913043478,702.04,0,0.5638,0,585,410,553.5,1.35,24
34,RegionC,39.3426666666667,344.553667,383.896333666667,529.77694046,1100,529.77694046,0,0,0,0,0,0,570.22305954,0,207.608695652174,207.608695652174,681.69,0,0.5347,0,540,405,558.9,1.38,24
34,RegionD,230.277333333333,319.663333,549.940666333333,703.924052906667,1100,703.924052906667,0,0,0,0,0,180,216.075947093333,-180,149.527799741936,149.527799741936,437.5,341.25,0.4083,0,1472,720,921.6,1.28,24
34,RegionE,138.453333333333,283.343333,421.796666333333,527.245832916667,1100,527.245832916667,0,0,0,0,0,220,352.754167083333,-220,118.41710546595,118.41710546595,386.63,301.57,0.2139,0,1012,560,700,1.25,24
34,RegionF,130.002666666667,283.486667,413.489333666667,525.131453756667,1100,525.131453756667,0,0,0,0,0,220,354.868546243333,-220,160.567168003584,160.567168003584,406.98,317.44,0.2527,0,966,540,685.8,1.27,24
35,RegionA,47.3280000000001,364.628667,411.956667,556.14150045,1089.78,556.14150045,0,0,0,0,0,0,533.63849955,0,241.304347826087,241.304347826087,732.74,0,0.595,0,630,420,567,1.35,24
35,RegionB,32.3556666666667,367.168,399.523666666667,539.35695,1089.78,539.35695,0,0,0,0,0,0,550.42305,0,222.173913043478,222.173913043478,702.21,0,0.5566,0,585,410,553.5,1.35,24
35,RegionC,34.8346666666667,343.248667,378.083333666667,521.75500046,1089.78,521.75500046,0,0,0,0,0,0,568.02499954,0,207.608695652174,207.608695652174,681.85,0,0.5278,0,540,405,558.9,1.38,24
35,RegionD,228.749333333333,308.657,537.406333333333,687.880106666667,1089.78,687.880106666667,0,0,0,0,0,180,221.899893333333,-180,149.527799741936,149.527799741936,437.61,341.34,0.4031,0,1472,720,921.6,1.28,24
35,RegionE,153.629333333333,298.431667,452.061000333333,565.076250416667,1089.78,565.076250416667,0,0,0,0,0,220,304.703749583333,-220,118.41710546595,118.41710546595,386.72,301.64,0.2111,0,1012,560,700,1.25,24
35,RegionF,116.626666666667,292.686667,409.313333666667,519.827933756667,1089.78,519.827933756667,0,0,0,0,0,220,349.952066243333,-220,160.567168003584,160.567168003584,407.08,317.52,0.2495,0,966,540,685.8,1.27,24
36,RegionA,84.4193333333333,314.984,399.403333333333,539.1945,1059.81,539.1945,0,0,0,0,0,0,520.6155,0,241.304347826087,241.304347826087,732.9,0,0.5902,0,630,420,567,1.35,24
36,RegionB,67.52,334.88,402.4,543.24,1059.81,543.24,0,0,0,0,0,0,516.57,0,222.173913043478,222.173913043478,702.36,0,0.5521,0,585,410,553.5,1.35,24
36,RegionC,59.0453333333333,309.524667,368.570000333333,508.62660046,1059.81,508.62660046,0,0,0,0,0,0,551.18339954,0,207.608695652174,207.608695652174,682,0,0.5236,0,540,405,558.9,1.38,24
36,RegionD,232.861333333333,213.238333,446.099666333333,571.007572906666,1059.81,571.007572906667,0,0,0,0,0,180,308.802427093333,-180,149.527799741936,149.527799741936,437.7,341.41,0.3998,0,1472,720,921.6,1.28,24
36,RegionE,146.850666666667,272.351333,419.201999666667,524.002499583333,1059.81,524.002499583333,0,0,0,0,0,220,315.807500416667,-220,118.41710546595,118.41710546595,386.81,301.71,0.2094,0,1012,560,700,1.25,24
36,RegionF,119.988,272.396,392.384,498.32768,1059.81,498.32768,0,0,0,0,0,220,341.48232,-220,160.567168003584,160.567168003584,407.17,317.59,0.2475,0,966,540,685.8,1.27,24
37,RegionA,74.5586666666667,287.213667,361.772333666667,488.39265045,1012.13,488.39265045,0,0,0,0,0,0,523.73734955,0,241.304347826087,241.304347826087,733.05,0,0.5887,0,630,420,567,1.35,24
37,RegionB,81.7326666666667,313.805667,395.538333666667,533.97675045,1012.13,533.97675045,0,0,0,0,0,0,478.15324955,0,222.173913043478,222.173913043478,702.51,0,0.5507,0,585,410,553.5,1.35,24
37,RegionC,68.192,319.545333,387.737333,535.07751954,1012.13,535.07751954,0,0,0,0,0,0,477.05248046,0,207.608695652174,207.608695652174,682.14,0,0.5222,0,540,405,558.9,1.38,24
37,RegionD,216.772,218.228667,435.000667,556.80085376,1012.13,556.80085376,0,0,0,0,0,180,275.32914624,-180,149.527799741936,149.527799741936,437.79,341.48,0.3988,0,1472,720,921.6,1.28,24
37,RegionE,160.906666666667,229.532,390.438666666667,488.048333333333,1012.13,488.048333333333,240,0,240,0,-0,220,64.0816666666666,-220,118.41710546595,344.01710546595,386.89,301.77,0.2089,-0,1012,560,700,1.25,24
37,RegionF,134.82,245.626333,380.446333,483.16684291,1012.13,483.16684291,0,0,0,0,0,220,308.96315709,-220,160.567168003584,160.567168003584,407.25,317.66,0.2469,0,966,540,685.8,1.27,24
38,RegionA,86.098,277.904,364.002,491.4027,950,491.4027,0,0,0,0,0,0,458.5973,0,241.304347826087,241.304347826087,733.18,0,0.5905,0,630,420,567,1.35,24
38,RegionB,77.081,293.57,370.651,500.37885,950,500.37885,0,0,0,0,0,0,449.62115,0,222.173913043478,222.173913043478,702.63,0,0.5524,0,585,410,553.5,1.35,24
38,RegionC,67.48,299.369,366.849,506.25162,950,427.85162,0,0,0,78.4,0,0,522.14838,0,207.608695652174,122.391304347826,682.27,0,0.5238,0,540,405,558.9,1.38,24
38,RegionD,199.810666666667,179.738667,379.549333666667,485.823147093333,950,485.823147093333,260,0,260,0,-0,180,24.1768529066667,-180,149.527799741936,393.927799741936,437.87,341.54,0.4,-0,1472,720,921.6,1.28,24
38,RegionE,143.418666666667,227.268333,370.686999666667,463.358749583333,950,463.358749583333,240,0,240,0,-0,220,26.6412504166667,-220,344.01710546595,569.61710546595,386.96,301.83,0.2095,-0,1012,560,700,1.25,24
38,RegionF,68.74,289.364,358.104,454.79208,950,454.79208,250,0,250,0,-0,220,25.2079200000001,-220,160.567168003584,395.567168003584,407.32,317.71,0.2476,-0,966,540,685.8,1.27,24
39,RegionA,77.5123333333333,267.354667,344.867000333333,465.57045045,877.65,465.57045045,0,0,0,0,0,0,412.07954955,0,241.304347826087,241.304347826087,733.3,0,0.5955,0,630,420,567,1.35,24
39,RegionB,71.664,266.34,338.004,456.3054,877.65,456.3054,0,0,0,0,0,0,421.3446,0,222.173913043478,222.173913043478,702.75,0,0.5571,0,585,410,553.5,1.35,24
39,RegionC,76.7766666666667,265.478,342.254666666667,472.31144,877.65,387.31144,0,0,0,85,0,0,490.33856,0,122.391304347826,30,682.38,0,0.5283,0,540,405,558.9,1.38,24
39,RegionD,175.449333333333,171.684667,347.134000333333,444.331520426667,877.65,444.331520426667,253.318479573333,0,253.318479573333,0,-0,180,0,-180,393.927799741936,632.047170540869,437.94,341.59,0.4034,-0,1472,720,921.6,1.28,24
39,RegionE,113.953333333333,213.527667,327.481000333333,409.351250416667,877.65,409.351250416667,240,0,240,0,-0,220,8.29874958333323,-220,569.61710546595,795.21710546595,387.02,301.88,0.2113,-0,1012,560,700,1.25,24
39,RegionF,53.2233333333333,248.650667,301.874000333333,383.379980423333,877.65,383.379980423333,250,0,250,0,-0,220,24.2700195766666,-220,395.567168003584,630.567168003584,407.39,317.76,0.2497,-0,966,540,685.8,1.27,24
40,RegionA,83.716,261.053333,344.769333,465.43859955,800,465.43859955,0,0,0,0,0,0,334.56140045,0,241.304347826087,241.304347826087,733.4,0,0.6035,0,630,420,567,1.35,24
40,RegionB,73.5646666666667,218.339,291.903666666667,394.06995,800,394.06995,0,0,0,0,0,0,405.93005,0,222.173913043478,222.173913043478,702.85,0,0.5645,0,585,410,553.5,1.35,24
40,RegionC,74.5486666666667,236.16,310.708666666667,428.77796,800,428.77796,85,0,85,0,-0,0,286.22204,-0,30,109.05,682.47,0,0.5353,-0,540,405,558.9,1.38,24
40,RegionD,111.345,158.062333,269.407333,344.84138624,800,344.84138624,260,0,260,0,-0,180,15.1586137600001,-180,632.047170540869,876.447170540869,438.01,341.65,0.4088,-0,1472,720,921.6,1.28,24
40,RegionE,133.426,212.746667,346.172667,432.71583375,800,432.71583375,0,0,0,0,0,220,147.28416625,-220,795.21710546595,795.21710546595,387.07,301.91,0.2141,0,1012,560,700,1.25,24
40,RegionF,118.457666666667,158.324,276.781666666667,351.512716666667,800,351.512716666667,228.487283333333,0,228.487283333333,0,-0,220,0,-220,630.567168003584,845.345214336918,407.45,317.81,0.2531,-0,966,540,685.8,1.27,24
41,RegionA,88.3226666666666,232.056667,320.379333666667,432.51210045,722.35,349.66220549,0,0,0,82.8498949599999,0,0,372.68779451,0,241.304347826087,151.250114173913,1063.56,0,0.6138,0,630,420,567,1.35,24
41,RegionB,67.1186666666666,188.030667,255.149333666667,344.45160045,722.35,259.49160045,0,0,0,84.96,0,0,462.85839955,0,222.173913043478,129.826086956522,1019.25,0,0.5742,0,585,410,553.5,1.35,24
41,RegionC,58.828,193.568,252.396,348.30648,722.35,348.30648,0,0,0,0,0,0,374.04352,0,109.05,109.05,989.71,0,0.5445,0,540,405,558.9,1.38,24
41,RegionD,221.038,162.287,383.325,490.656,722.35,490.656,0,0,0,0,0,180,51.694,-180,876.447170540869,876.447170540869,635.18,495.44,0.4158,0,1472,720,921.6,1.28,24
41,RegionE,133.866666666667,173.899333,307.765999666667,384.707499583333,722.35,384.707499583333,0,0,0,0,0,220,117.642500416667,-220,795.21710546595,795.21710546595,561.33,437.84,0.2178,0,1012,560,700,1.25,24
41,RegionF,88.0286666666667,152.268333,240.296999666667,305.177189576667,722.35,305.177189576667,0,0,0,0,0,220,197.172810423333,-220,845.345214336918,845.345214336918,590.87,460.88,0.2574,0,966,540,685.8,1.27,24
42,RegionA,82.8113333333333,200.420667,283.232000333333,382.36320045,650,282.36320045,0,0,0,100,0,0,367.63679955,0,151.250114173913,42.5544620000001,1063.67,0,0.6258,0,630,420,567,1.35,24
42,RegionB,58.3306666666667,221.176,279.506666666667,377.334,650,287.334,0,0,0,90,0,0,362.666,0,129.826086956522,32,1019.35,0,0.5854,0,585,410,553.5,1.35,24
42,RegionC,69.2173333333333,222.197333,291.414666333333,402.15223954,650,341.113085836,0,0,0,61.0391537040001,0,0,308.886914164,0,109.05,42.7030937999998,989.8,0,0.5551,0,540,405,558.9,1.38,24
42,RegionD,194.749,156.541667,351.290667,449.65205376,650,449.65205376,0,0,0,0,0,180,20.34794624,-180,876.447170540869,876.447170540869,635.25,495.5,0.4239,0,1472,720,921.6,1.28,24
42,RegionE,128.042666666667,187.964,316.006666666667,395.008333333333,650,395.008333333333,0,0,0,0,0,220,34.9916666666668,-220,795.21710546595,795.21710546595,561.38,437.88,0.222,0,1012,560,700,1.25,24
42,RegionF,149.3,120.509667,269.809667,342.65827709,650,342.65827709,0,0,0,0,0,220,87.34172291,-220,845.345214336918,845.345214336918,590.93,460.93,0.2624,0,966,540,685.8,1.27,24
43,RegionA,80.004,201.789,281.793,380.42055,587.87,380.42055,100,0,100,0,-0,0,107.44945,-0,42.5544620000001,135.554462,1063.75,0,0.6386,-0,630,420,567,1.35,24
43,RegionB,68.096,203.090667,271.186667,366.10200045,587.87,366.10200045,90,0,90,0,-0,0,131.76799955,-0,32,115.7,1019.43,0,0.5974,-0,585,410,553.5,1.35,24
43,RegionC,72.1076666666667,193.576,265.683666666667,366.64346,587.87,366.64346,85,0,85,0,-0,0,136.22654,-0,42.7030937999998,121.7530938,989.88,0,0.5665,-0,540,405,558.9,1.38,24
43,RegionD,159.113,147.677,306.79,392.6912,587.87,392.6912,0,0,0,0,0,180,15.1788,-180,876.447170540869,876.447170540869,635.3,495.53,0.4326,0,1472,720,921.6,1.28,24
43,RegionE,104.843333333333,166.596667,271.440000333333,339.300000416667,587.87,339.300000416667,0,0,0,0,0,220,28.5699995833334,-220,795.21710546595,795.21710546595,561.43,437.92,0.2266,0,1012,560,700,1.25,24
43,RegionF,144.772666666667,109.314,254.086666666667,322.690066666667,587.87,322.690066666667,0,0,0,0,0,220,45.1799333333333,-220,845.345214336918,845.345214336918,590.97,460.96,0.2678,0,966,540,685.8,1.27,24
44,RegionA,90.7853333333333,226.008,316.793333333333,427.671,540.19,427.671,100,0,100,0,-0,0,12.5190000000001,-0,135.554462,228.554462,1063.82,0,0.6514,-0,630,420,567,1.35,24
44,RegionB,70.672,215.833333,286.505333,386.78219955,540.19,386.78219955,90,0,90,0,-0,0,63.40780045,-0,115.7,199.4,1019.49,0,0.6094,-0,585,410,553.5,1.35,24
44,RegionC,72.5733333333333,189.823333,262.396666333333,362.10739954,540.19,362.10739954,85,0,85,0,-0,0,93.0826004600001,-0,121.7530938,200.8030938,989.94,0,0.5778,-0,540,405,558.9,1.38,24
44,RegionD,43.336,156.484,199.82,255.7696,540.19,255.7696,0,0,0,0,0,180,104.4204,-180,876.447170540869,876.447170540869,635.33,495.56,0.4413,0,1472,720,921.6,1.28,24
44,RegionE,65.4969999999999,184.928,250.425,313.03125,540.19,313.03125,0,0,0,0,0,220,7.15875000000017,-220,795.21710546595,795.21710546595,561.46,437.94,0.2311,0,1012,560,700,1.25,24
44,RegionF,148.486666666667,100.272667,248.759333666667,315.924353756667,540.19,315.924353756667,0,0,0,0,0,220,4.26564624333338,-220,845.345214336918,845.345214336918,591.01,460.99,0.2732,0,966,540,685.8,1.27,24
45,RegionA,87.316,214.410667,301.726667,407.33100045,510.22,407.33100045,100,0,100,0,-0,0,2.88899955000005,-0,228.554462,321.554462,1063.86,0,0.6633,-0,630,420,567,1.35,24
45,RegionB,64.9693333333333,237.610667,302.580000333333,408.48300045,510.22,408.48300045,90,0,90,0,-0,0,11.73699955,-0,199.4,283.1,1019.53,0,0.6205,-0,585,410,553.5,1.35,24
45,RegionC,80.3,232.738333,313.038333,431.99289954,510.22,431.99289954,78.2271004600001,0,78.2271004600001,0,-0,0,0,-0,200.8030938,273.5542972278,989.98,0,0.5884,-0,540,405,558.9,1.38,24
45,RegionD,74.4696666666667,185.405333,259.874999666667,332.639999573334,510.22,330.219999999999,0,0,0,2.41999957333422,0,180.000000000001,0,-180.000000000001,876.447170540869,873.845020462015,635.36,495.58,0.4493,0,1472,720,921.6,1.28,24
45,RegionE,35.0056666666667,191.304,226.309666666667,282.887083333333,510.22,282.887083333333,0,0,0,0,0,220,7.33291666666673,-220,795.21710546595,795.21710546595,561.48,437.95,0.2354,0,1012,560,700,1.25,24
45,RegionF,60.7976666666666,167.805333,228.602999666667,290.325809576667,510.22,290.22,0,0,0,0.105809576666559,0,220,0,-220,845.345214336918,845.231440598567,591.03,461,0.2782,0,966,540,685.8,1.27,24
46,RegionA,94.5076666666667,271.582333,366.089999666667,494.22149955,500,494.22149955,0,0,0,0,0,0,5.77850044999997,0,321.554462,321.554462,660.34,0,0.6735,0,630,420,567,1.35,24
46,RegionB,64.54,263.05,327.59,442.2465,500,442.2465,26.7722193548387,0,26.7722193548387,0,-0,0,30.9812806451612,-0,283.1,307.998164,632.82,0,0.63,-0,585,410,553.5,1.35,24
46,RegionC,80.7853333333333,227.322667,308.108000333333,425.18904046,500,425.18904046,0,0,0,0,0,0,74.81095954,0,273.5542972278,273.5542972278,614.48,0,0.5974,0,540,405,558.9,1.38,24
46,RegionD,27.898,217.961667,245.859667,314.70037376,500,314.70037376,0,0,0,0,0,180,5.29962624000001,-180,873.845020462015,873.845020462015,394.37,307.61,0.4562,0,1472,720,921.6,1.28,24
46,RegionE,10.176,222.699333,232.875333,291.09416625,500,280,0,0,0,11.0941662499999,0,220,0,-220,795.21710546595,783.287894444445,348.51,271.84,0.239,0,1012,560,700,1.25,24
46,RegionF,22.8133333333333,211.020667,233.834000333333,296.969180423333,500,280,0,0,0,16.9691804233333,0,220,0,-220,845.231440598567,826.985010035842,366.85,286.14,0.2824,0,966,540,685.8,1.27,24
47,RegionA,71.8280000000001,283.456,355.284,479.6334,510.22,479.6334,30.5865999999999,0,30.5865999999999,0,-0,0,0,-0,321.554462,350,660.33,0,0.6812,-0,630,420,567,1.35,24
47,RegionB,74.5133333333333,293.868,368.381333333333,497.3148,510.22,497.3148,12.9052,0,12.9052,0,-0,0,0,-0,307.998164,320,632.82,0,0.6373,-0,585,410,553.5,1.35,24
47,RegionC,75.3509999999999,273.767667,349.118667,481.78376046,510.22,481.78376046,28.4362395400001,0,28.4362395400001,0,-0,0,0,-0,273.5542972278,300,614.48,0,0.6043,-0,540,405,558.9,1.38,24
47,RegionD,20.08,260.154,280.234,358.69952,510.22,330.22,0,0,0,28.47952,0,180,0,-180,873.845020462015,843.221880677068,394.37,307.61,0.4615,0,1472,720,921.6,1.28,24
47,RegionE,4.8,224.238667,229.038667,286.29833375,510.22,286.29833375,0,0,0,0,0,220,3.92166624999999,-220,783.287894444445,783.287894444445,348.51,271.84,0.2417,0,1012,560,700,1.25,24
47,RegionF,21.28,218.796,240.076,304.89652,510.22,290.22,0,0,0,14.67652,0,220,0,-220,826.985010035842,811.203805734767,366.85,286.14,0.2857,0,966,540,685.8,1.27,24
48,RegionA,34.54,299.653667,334.193667,451.16145045,540.19,351.16145045,0,0,0,100,0,0,189.02854955,0,350,241.304347826087,476.9,0,0.686,0,630,420,567,1.35,48
48,RegionB,56.46,319.901333,376.361333,508.08779955,540.19,418.08779955,0,0,0,90,0,0,122.10220045,0,320,222.173913043478,457.03,0,0.6418,0,585,410,553.5,1.35,48
48,RegionC,51.7916666666667,294.181667,345.973333666667,477.44320046,540.19,392.44320046,0,0,0,85,0,0,147.74679954,0,300,207.608695652174,443.78,0,0.6086,0,540,405,558.9,1.38,48
48,RegionD,37.76,286.583333,324.343333,415.15946624,540.19,155.15946624,0,0,0,260,0,180,205.03053376,-180,843.221880677068,563.65198820395,284.81,222.15,0.4647,0,1472,720,921.6,1.28,48
48,RegionE,11.0666666666667,280.196,291.262666666667,364.078333333333,540.19,124.078333333333,0,0,0,240,0,220,196.111666666667,-220,783.287894444445,525.223378315413,251.7,196.33,0.2434,0,1012,560,700,1.25,48
48,RegionF,57.82,316.846667,374.666667,475.82666709,540.19,230.356732623255,0,0,0,245.469934466745,0,220,89.8332673767448,-220,811.203805734767,547.257639641493,264.94,206.65,0.2877,0,966,540,685.8,1.27,48
49,RegionA,30.1333333333333,353.456667,383.590000333333,517.84650045,587.87,517.84650045,0,0,0,0,0,0,70.02349955,0,241.304347826087,241.304347826087,476.88,0,0.6876,0,630,420,567,1.35,48
49,RegionB,31.7043333333333,355.685667,387.390000333333,522.97650045,587.87,522.97650045,0,0,0,0,0,0,64.8934995499999,0,222.173913043478,222.173913043478,457.01,0,0.6432,0,585,410,553.5,1.35,48
49,RegionC,29.92,340.5,370.42,511.1796,587.87,511.1796,0,0,0,0,0,0,76.6904000000001,0,207.608695652174,207.608695652174,443.76,0,0.6099,0,540,405,558.9,1.38,48
49,RegionD,29.3583333333333,308.566667,337.925000333333,432.544000426667,587.87,407.87,0,0,0,24.6740004266666,0,180,0,-180,563.65198820395,537.12080494947,284.8,222.14,0.4658,0,1472,720,921.6,1.28,48
49,RegionE,2,305.973333,307.973333,384.96666625,587.87,367.87,0,0,0,17.09666625,0,220,0,-220,525.223378315413,506.839866218638,251.68,196.31,0.244,0,1012,560,700,1.25,48
49,RegionF,36.0020000000001,316.678333,352.680333,447.90402291,587.87,367.87,0,0,0,80.0340229100001,0,220,0,-220,547.257639641493,461.199550490956,264.93,206.65,0.2883,0,966,540,685.8,1.27,48
50,RegionA,12.575,367.556,380.131,513.17685,650,513.17685,0,0,0,0,0,0,136.82315,0,241.304347826087,241.304347826087,476.85,0,0.6857,0,630,420,567,1.35,48
50,RegionB,15.9906666666667,375.368667,391.359333666667,528.33510045,650,528.33510045,0,0,0,0,0,0,121.66489955,0,222.173913043478,222.173913043478,456.98,0,0.6414,0,585,410,553.5,1.35,48
50,RegionC,37.3733333333333,361.685333,399.058666333333,550.70095954,650,550.70095954,0,0,0,0,0,0,99.29904046,0,207.608695652174,207.608695652174,443.73,0,0.6083,0,540,405,558.9,1.38,48
50,RegionD,26.5733333333334,373.227333,399.800666333333,511.744852906667,650,470,0,0,0,41.7448529066667,0,180,0,-180,537.12080494947,492.233866340151,284.78,222.13,0.4645,0,1472,720,921.6,1.28,48
50,RegionE,5.80133333333331,317.958667,323.760000333333,404.700000416667,650,404.700000416667,0,0,0,0,0,220,25.2999995833334,-220,506.839866218638,506.839866218638,251.67,196.3,0.2433,0,1012,560,700,1.25,48
50,RegionF,15.8046666666667,357.371,373.175666666667,473.933096666667,650,430,0,0,0,43.9330966666667,0,220,0,-220,461.199550490956,413.959661602067,264.91,206.63,0.2875,0,966,540,685.8,1.27,48
51,RegionA,17.871,368.969,386.84,522.234,722.35,522.234,0,0,0,0,0,0,200.116,0,241.304347826087,241.304347826087,476.81,0,0.6805,0,630,420,567,1.35,48
51,RegionB,5.17733333333333,374.812667,379.990000333333,512.98650045,722.35,512.98650045,0,0,0,0,0,0,209.36349955,0,222.173913043478,222.173913043478,456.94,0,0.6366,0,585,410,553.5,1.35,48
51,RegionC,44.283,351.342,395.625,545.9625,722.35,545.9625,0,0,0,0,0,0,176.3875,0,207.608695652174,207.608695652174,443.7,0,0.6037,0,540,405,558.9,1.38,48
51,RegionD,36.64,394.837667,431.477667,552.29141376,722.35,542.35,0,0,0,9.94141375999993,0,180,0,-180,492.233866340151,481.544174125097,284.76,222.11,0.461,0,1472,720,921.6,1.28,48
51,RegionE,0.4,399.896,400.296,500.37,722.35,500.37,0,0,0,0,0,220,1.98000000000002,-220,506.839866218638,506.839866218638,251.65,196.29,0.2415,0,1012,560,700,1.25,48
51,RegionF,29.1893333333333,360.258667,389.448000333333,494.598960423333,722.35,494.598960423333,0,0,0,0,0,220,7.7510395766667,-220,413.959661602067,413.959661602067,264.89,206.61,0.2854,0,966,540,685.8,1.27,48
52,RegionA,23.4093333333333,367.018667,390.428000333333,527.07780045,800,527.07780045,0,0,0,0,0,0,272.92219955,0,241.304347826087,241.304347826087,476.76,0,0.6724,0,630,420,567,1.35,48
52,RegionB,5.50466666666667,373.632,379.136666666667,511.8345,800,511.8345,0,0,0,0,0,0,288.1655,0,222.173913043478,222.173913043478,456.89,0,0.629,0,585,410,553.5,1.35,48
52,RegionC,39.0046666666667,354.712333,393.716999666667,543.32945954,800,464.92945954,0,0,0,78.4,0,0,335.07054046,0,207.608695652174,122.391304347826,443.65,0,0.5965,0,540,405,558.9,1.38,48
52,RegionD,55.4506666666667,405.689,461.139666666667,590.258773333333,800,590.258773333333,0,0,0,0,0,180,29.7412266666666,-180,481.544174125097,481.544174125097,284.73,222.09,0.4555,0,1472,720,921.6,1.28,48
52,RegionE,0.56,420.4,420.96,526.2,800,526.2,0,0,0,0,0,220,53.8,-220,506.839866218638,506.839866218638,251.62,196.26,0.2386,0,1012,560,700,1.25,48
52,RegionF,29.7253333333333,404.673667,434.399000333333,551.686730423333,800,551.686730423333,0,0,0,0,0,220,28.3132695766666,-220,413.959661602067,413.959661602067,264.87,206.6,0.282,0,966,540,685.8,1.27,48
53,RegionA,18.62,365.62,384.24,518.724,877.65,518.724,0,0,0,0,0,0,358.926,0,241.304347826087,241.304347826087,476.7,0,0.6618,0,630,420,567,1.35,48
53,RegionB,3.776,374.350667,378.126667,510.47100045,877.65,510.47100045,0,0,0,0,0,0,367.17899955,0,222.173913043478,222.173913043478,456.84,0,0.6191,0,585,410,553.5,1.35,48
53,RegionC,39.18,350.66,389.84,537.9792,877.65,452.9792,0,0,0,85,0,0,424.6708,0,122.391304347826,30,443.6,0,0.5871,0,540,405,558.9,1.38,48
53,RegionD,74.83,394.26,469.09,600.4352,877.65,600.4352,0,0,0,0,0,180,97.2148,-180,481.544174125097,481.544174125097,284.7,222.07,0.4483,0,1472,720,921.6,1.28,48
53,RegionE,0.56,374.23,374.79,468.4875,877.65,468.4875,0,0,0,0,0,220,189.1625,-220,506.839866218638,506.839866218638,251.59,196.24,0.2348,0,1012,560,700,1.25,48
53,RegionF,77.3506666666667,412.111333,489.461999666667,621.616739576667,877.65,621.616739576667,0,0,0,0,0,220,36.0332604233332,-220,413.959661602067,413.959661602067,264.83,206.57,0.2775,0,966,540,685.8,1.27,48
54,RegionA,20.5826666666667,363.447333,384.029999666667,518.44049955,950,518.44049955,0,0,0,0,0,0,431.55950045,0,241.304347826087,241.304347826087,476.63,0,0.6496,0,630,420,567,1.35,48
54,RegionB,5.00266666666667,376.582,381.584666666667,515.1393,950,515.1393,0,0,0,0,0,0,434.8607,0,222.173913043478,222.173913043478,456.77,0,0.6077,0,585,410,553.5,1.35,48
54,RegionC,43.3466666666667,352.974667,396.321333666667,546.92344046,950,546.92344046,85,0,85,0,-0,0,318.07655954,-0,30,109.05,443.53,0,0.5763,-0,540,405,558.9,1.38,48
54,RegionD,109.778333333333,383.845333,493.623666333333,631.838292906667,950,631.838292906667,0,0,0,0,0,180,138.161707093333,-180,481.544174125097,481.544174125097,284.66,222.03,0.44,0,1472,720,921.6,1.28,48
54,RegionE,17.68,394.69,412.37,515.4625,950,515.4625,0,0,0,0,0,220,214.5375,-220,506.839866218638,506.839866218638,251.56,196.22,0.2305,0,1012,560,700,1.25,48
54,RegionF,120.488,410.888667,531.376667,674.84836709,950,674.84836709,0,0,0,0,0,220,55.15163291,-220,413.959661602067,413.959661602067,264.8,206.54,0.2724,0,966,540,685.8,1.27,48
55,RegionA,29.9336666666667,384.070667,414.004333666667,558.90585045,1012.13,558.90585045,0,0,0,0,0,0,453.22414955,0,241.304347826087,241.304347826087,733.16,0,0.6364,0,630,420,567,1.35,48
55,RegionB,5.796,362.800667,368.596667,497.60550045,1012.13,497.60550045,0,0,0,0,0,0,514.52449955,0,222.173913043478,222.173913043478,702.62,0,0.5954,0,585,410,553.5,1.35,48
55,RegionC,37.982,364.162333,402.144333,554.95917954,1012.13,554.95917954,0,0,0,0,0,0,457.17082046,0,109.05,109.05,682.25,0,0.5646,0,540,405,558.9,1.38,48
55,RegionD,137.214333333333,381.221333,518.435666333333,663.597652906667,1012.13,663.597652906667,0,0,0,0,0,180,168.532347093333,-180,481.544174125097,481.544174125097,437.86,341.53,0.4311,0,1472,720,921.6,1.28,48
55,RegionE,76.86,360.728,437.588,546.985,1012.13,546.985,0,0,0,0,0,220,245.145,-220,506.839866218638,506.839866218638,386.95,301.82,0.2258,0,1012,560,700,1.25,48
55,RegionF,137.515666666667,397.77,535.285666666667,679.812796666667,1012.13,679.812796666667,0,0,0,0,0,220,112.317203333333,-220,413.959661602067,413.959661602067,407.31,317.7,0.2669,0,966,540,685.8,1.27,48
56,RegionA,21.437,395.708,417.145,563.14575,1059.81,563.14575,0,0,0,0,0,0,496.66425,0,241.304347826087,241.304347826087,733.03,0,0.6233,0,630,420,567,1.35,48
56,RegionB,5.26533333333333,363.474667,368.740000333333,497.79900045,1059.81,497.79900045,0,0,0,0,0,0,562.01099955,0,222.173913043478,222.173913043478,702.49,0,0.5831,0,585,410,553.5,1.35,48
56,RegionC,29.0053333333334,369.144,398.149333333333,549.44608,1059.81,549.44608,0,0,0,0,0,0,510.36392,0,109.05,109.05,682.13,0,0.5529,0,540,405,558.9,1.38,48
56,RegionD,150.837,354.405333,505.242333,646.71018624,1059.81,646.71018624,0,0,0,0,0,180,233.09981376,-180,481.544174125097,481.544174125097,437.78,341.47,0.4222,0,1472,720,921.6,1.28,48
56,RegionE,59.0759999999999,328.697333,387.773333,484.71666625,1059.81,484.71666625,0,0,0,0,0,220,355.09333375,-220,506.839866218638,506.839866218638,386.88,301.77,0.2212,0,1012,560,700,1.25,48
56,RegionF,140.998666666667,390.491,531.489666666667,674.991876666667,1059.81,674.991876666667,0,0,0,0,0,220,164.818123333333,-220,413.959661602067,413.959661602067,407.24,317.65,0.2614,0,966,540,685.8,1.27,48
57,RegionA,5.82466666666665,394.839,400.663666666667,540.89595,1089.78,540.89595,0,0,0,0,0,0,548.88405,0,241.304347826087,241.304347826087,732.89,0,0.6109,0,630,420,567,1.35,48
57,RegionB,3.65866666666667,350.683333,354.341999666667,478.36169955,1089.78,478.36169955,0,0,0,0,0,0,611.41830045,0,222.173913043478,222.173913043478,702.35,0,0.5715,0,585,410,553.5,1.35,48
57,RegionC,9.42133333333332,380.521333,389.942666333333,538.12087954,1089.78,538.12087954,0,0,0,0,0,0,551.65912046,0,109.05,109.05,682,0,0.542,0,540,405,558.9,1.38,48
57,RegionD,173.014666666667,283.035333,456.049999666667,583.743999573333,1089.78,583.743999573333,0,0,0,0,0,180,326.036000426667,-180,481.544174125097,481.544174125097,437.7,341.41,0.4139,0,1472,720,921.6,1.28,48
57,RegionE,160.47,326.703333,487.173333,608.96666625,1089.78,608.96666625,0,0,0,0,0,220,260.81333375,-220,506.839866218638,506.839866218638,386.8,301.7,0.2168,0,1012,560,700,1.25,48
57,RegionF,133.595,367.804,501.399,636.77673,1089.78,636.77673,0,0,0,0,0,220,233.00327,-220,413.959661602067,413.959661602067,407.16,317.58,0.2562,0,966,540,685.8,1.27,48
58,RegionA,1.608,393.742,395.35,533.7225,1100,533.7225,0,0,0,0,0,0,566.2775,0,241.304347826087,241.304347826087,732.74,0,0.6003,0,630,420,567,1.35,48
58,RegionB,3.58,352.103333,355.683333,480.17249955,1100,480.17249955,0,0,0,0,0,0,619.82750045,0,222.173913043478,222.173913043478,702.2,0,0.5616,0,585,410,553.5,1.35,48
58,RegionC,18.3093333333333,375.805667,394.115000333333,543.87870046,1100,543.87870046,0,0,0,0,0,0,556.12129954,0,109.05,109.05,681.85,0,0.5325,0,540,405,558.9,1.38,48
58,RegionD,156.882666666667,250.433,407.315666666667,521.364053333333,1100,521.364053333333,0,0,0,0,0,180,398.635946666667,-180,481.544174125097,481.544174125097,437.61,341.34,0.4067,0,1472,720,921.6,1.28,48
58,RegionE,114.818666666667,345.775,460.593666666667,575.742083333333,1100,575.742083333333,0,0,0,0,0,220,304.257916666667,-220,506.839866218638,506.839866218638,386.72,301.64,0.213,0,1012,560,700,1.25,48
58,RegionF,74.4940000000001,348.414667,422.908667,537.09400709,1100,537.09400709,0,0,0,0,0,220,342.90599291,-220,413.959661602067,413.959661602067,407.08,317.52,0.2517,0,966,540,685.8,1.27,48
59,RegionA,1.444,355.772667,357.216667,482.24250045,1089.78,482.24250045,0,0,0,0,0,0,607.53749955,0,241.304347826087,241.304347826087,732.57,0,0.592,0,630,420,567,1.35,48
59,RegionB,9.05333333333333,336.06,345.113333333333,465.903,1089.78,465.903,0,0,0,0,0,0,623.877,0,222.173913043478,222.173913043478,702.04,0,0.5538,0,585,410,553.5,1.35,48
59,RegionC,17.3133333333333,366.89,384.203333333333,530.2006,1089.78,530.2006,0,0,0,0,0,0,559.5794,0,109.05,109.05,681.69,0,0.5252,0,540,405,558.9,1.38,48
59,RegionD,152.236,265.384667,417.620667,534.55445376,1089.78,534.55445376,0,0,0,0,0,180,375.22554624,-180,481.544174125097,481.544174125097,437.51,341.26,0.401,0,1472,720,921.6,1.28,48
59,RegionE,114.66,328.249333,442.909333,553.63666625,1089.78,553.63666625,0,0,0,0,0,220,316.14333375,-220,506.839866218638,506.839866218638,386.63,301.57,0.2101,0,1012,560,700,1.25,48
59,RegionF,82.5336666666667,340.433333,422.966999666667,537.168089576667,1089.78,537.168089576667,0,0,0,0,0,220,332.611910423333,-220,413.959661602067,413.959661602067,406.98,317.44,0.2483,0,966,540,685.8,1.27,48
60,RegionA,1.64666666666667,342.323333,343.969999666667,464.35949955,1059.81,464.35949955,0,0,0,0,0,0,595.45050045,0,241.304347826087,241.304347826087,732.39,0,0.5866,0,630,420,567,1.35,48
60,RegionB,9.00266666666667,334.288333,343.290999666667,463.44284955,1059.81,463.44284955,0,0,0,0,0,0,596.36715045,0,222.173913043478,222.173913043478,701.87,0,0.5488,0,585,410,553.5,1.35,48
60,RegionC,3.01599999999996,317.704333,320.720333,442.59405954,1059.81,442.59405954,0,0,0,0,0,0,617.21594046,0,109.05,109.05,681.53,0,0.5204,0,540,405,558.9,1.38,48
60,RegionD,121.724333333333,198.047667,319.772000333333,409.308160426667,1059.81,409.308160426667,0,0,0,0,0,180,470.501839573333,-180,481.544174125097,481.544174125097,437.4,341.17,0.3974,0,1472,720,921.6,1.28,48
60,RegionE,142.202666666667,295.396667,437.599333666667,546.999167083333,1059.81,546.999167083333,0,0,0,0,0,220,292.810832916667,-220,506.839866218638,506.839866218638,386.54,301.5,0.2082,0,1012,560,700,1.25,48
60,RegionF,66.3993333333333,330.826,397.225333333333,504.476173333333,1059.81,504.476173333333,0,0,0,0,0,220,335.333826666667,-220,413.959661602067,413.959661602067,406.88,317.37,0.246,0,966,540,685.8,1.27,48
61,RegionA,3.132,339.249667,342.381667,462.21525045,1012.13,462.21525045,0,0,0,0,0,0,549.91474955,0,241.304347826087,241.304347826087,732.19,0,0.5845,0,630,420,567,1.35,48
61,RegionB,8.18666666666667,328.121,336.307666666667,454.01535,1012.13,454.01535,0,0,0,0,0,0,558.11465,0,222.173913043478,222.173913043478,701.69,0,0.5468,0,585,410,553.5,1.35,48
61,RegionC,18.2,316.767,334.967,462.25446,1012.13,462.25446,0,0,0,0,0,0,549.87554,0,109.05,109.05,681.35,0,0.5185,0,540,405,558.9,1.38,48
61,RegionD,178.54,175.836,354.376,453.60128,1012.13,453.60128,0,0,0,0,0,180,378.52872,-180,481.544174125097,481.544174125097,437.28,341.08,0.396,0,1472,720,921.6,1.28,48
61,RegionE,142.601333333333,285.347,427.948333333333,534.935416666667,1012.13,492.244557811833,0,0,0,42.6908588548337,0,220,299.885442188167,-220,506.839866218638,460.935716912366,386.44,301.42,0.2074,0,1012,560,700,1.25,48
61,RegionF,36.4773333333334,312.475667,348.953000333333,443.170310423333,1012.13,443.170310423333,0,0,0,0,0,220,348.959689576667,-220,413.959661602067,413.959661602067,406.77,317.28,0.2451,0,966,540,685.8,1.27,48
62,RegionA,3.25333333333333,308.241,311.494333333333,420.51735,950,420.51735,0,0,0,0,0,0,529.48265,0,241.304347826087,241.304347826087,731.99,0,0.5857,0,630,420,567,1.35,48
62,RegionB,10.3946666666667,311.455333,321.849999666667,434.49749955,950,434.49749955,0,0,0,0,0,0,515.50250045,0,222.173913043478,222.173913043478,701.49,0,0.5479,0,585,410,553.5,1.35,48
62,RegionC,34.716,298.518,333.234,459.86292,950,459.86292,0,0,0,0,0,0,490.13708,0,109.05,109.05,681.16,0,0.5196,0,540,405,558.9,1.38,48
62,RegionD,152.934666666667,204.373333,357.307999666667,457.354239573333,950,457.354239573333,0,0,0,0,0,180,312.645760426667,-180,481.544174125097,481.544174125097,437.16,340.98,0.3968,0,1472,720,921.6,1.28,48
62,RegionE,146.113,271.802333,417.915333,522.39416625,950,282.39416625,0,0,0,240,0,220,447.60583375,-220,460.935716912366,202.871200783333,386.33,301.34,0.2078,0,1012,560,700,1.25,48
62,RegionF,75.5439999999999,286.006,361.55,459.1685,950,459.1685,0,0,0,0,0,220,270.8315,-220,413.959661602067,413.959661602067,406.66,317.19,0.2456,0,966,540,685.8,1.27,48
63,RegionA,5.04666666666666,286.419667,291.466333666667,393.47955045,877.65,393.47955045,0,0,0,0,0,0,484.17044955,0,241.304347826087,241.304347826087,731.77,0,0.5902,0,630,420,567,1.35,48
63,RegionB,44.9346666666667,279.583667,324.518333666667,438.09975045,877.65,438.09975045,0,0,0,0,0,0,439.55024955,0,222.173913043478,222.173913043478,701.28,0,0.5521,0,585,410,553.5,1.35,48
63,RegionC,50.2093333333333,259.678667,309.888000333333,427.64544046,877.65,427.64544046,0,0,0,0,0,0,450.00455954,0,109.05,109.05,680.96,0,0.5236,0,540,405,558.9,1.38,48
63,RegionD,189.451,144.096667,333.547667,426.94101376,877.65,190.994420746668,0,0,0,235.946593013332,0,180,506.655579253332,-180,481.544174125097,227.838160132267,437.03,340.88,0.3998,0,1472,720,921.6,1.28,48
63,RegionE,104.64,237.860667,342.500667,428.12583375,877.65,428.12583375,229.52416625,0,229.52416625,0,-0,220,0,-220,202.871200783333,418.623917058333,386.21,301.24,0.2094,-0,1012,560,700,1.25,48
63,RegionF,34.5106666666667,241.45,275.960666666667,350.470046666667,877.65,350.470046666667,0,0,0,0,0,220,307.179953333333,-220,413.959661602067,413.959661602067,406.54,317.1,0.2475,0,966,540,685.8,1.27,48
64,RegionA,8.10533333333333,236.52,244.625333333333,330.2442,800,330.2442,0,0,0,0,0,0,469.7558,0,241.304347826087,241.304347826087,731.55,0,0.5976,0,630,420,567,1.35,48
64,RegionB,77.5366666666667,245.72,323.256666666667,436.3965,800,436.3965,0,0,0,0,0,0,363.6035,0,222.173913043478,222.173913043478,701.07,0,0.559,0,585,410,553.5,1.35,48
64,RegionC,53.528,227.540667,281.068667,387.87476046,800,387.87476046,0,0,0,0,0,0,412.12523954,0,109.05,109.05,680.75,0,0.5301,0,540,405,558.9,1.38,48
64,RegionD,197.225666666667,76.120667,273.346333666667,349.883307093333,800,349.883307093333,260,0,260,0,-0,180,10.1166929066665,-180,227.838160132267,472.238160132267,436.9,340.78,0.4048,-0,1472,720,921.6,1.28,48
64,RegionE,59.2399999999999,227.440667,286.680667,358.35083375,800,358.35083375,221.64916625,0,221.64916625,0,-0,220,0,-220,418.623917058333,626.974133333333,386.1,301.16,0.212,-0,1012,560,700,1.25,48
64,RegionF,43.9146666666667,226.945333,270.859999666667,343.992199576667,800,343.992199576667,236.007800423333,0,236.007800423333,0,-0,220,0,-220,413.959661602067,635.806994,406.42,317.01,0.2506,-0,966,540,685.8,1.27,48
65,RegionA,10.6826666666667,239.890667,250.573333666667,338.27400045,722.35,248.47400045,0,0,0,89.8,0,0,473.87599955,0,241.304347826087,143.695652173913,1060.4,0,0.6073,0,630,420,567,1.35,48
65,RegionB,77.1866666666667,227.763333,304.949999666667,411.68249955,722.35,411.68249955,0,0,0,0,0,0,310.66750045,0,222.173913043478,222.173913043478,1016.22,0,0.5681,0,585,410,553.5,1.35,48
65,RegionC,57.4223333333333,245.517333,302.939666333333,418.05673954,722.35,345.33073954,0,0,0,72.726,0,0,377.01926046,0,109.05,30,986.76,0,0.5388,0,540,405,558.9,1.38,48
65,RegionD,153.752,94.344667,248.096667,317.56373376,722.35,317.56373376,224.78626624,0,224.78626624,0,-0,180,0,-180,472.238160132267,683.537250397867,633.3,493.97,0.4114,-0,1472,720,921.6,1.28,48
65,RegionE,28.6426666666667,208.96,237.602666666667,297.003333333333,722.35,297.003333333333,205.346666666667,0,205.346666666667,0,-0,220,0,-220,626.974133333333,820,559.66,436.53,0.2155,-0,1012,560,700,1.25,48
65,RegionF,46.068,170.062,216.13,274.4851,722.35,274.4851,227.8649,0,227.8649,0,-0,220,0,-220,635.806994,850,589.11,459.51,0.2547,-0,966,540,685.8,1.27,48
66,RegionA,32.86,209.495333,242.355333,327.17969955,650,227.17969955,0,0,0,100,0,0,422.82030045,0,143.695652173913,35,1060.05,0,0.6188,0,630,420,567,1.35,48
66,RegionB,64.585,236.126667,300.711667,405.96075045,650,316.07705355,0,0,0,89.8836969,0,0,333.92294645,0,222.173913043478,124.4742425,1015.88,0,0.5788,0,585,410,553.5,1.35,48
66,RegionC,59.0173333333333,220.44,279.457333333333,385.65112,650,385.65112,85,0,85,0,-0,0,179.34888,-0,30,109.05,986.43,0,0.5489,-0,540,405,558.9,1.38,48
66,RegionD,142.808666666667,82.288,225.096666666667,288.123733333333,650,288.123733333333,0,0,0,0,0,180,181.876266666667,-180,683.537250397867,683.537250397867,633.08,493.8,0.4192,0,1472,720,921.6,1.28,48
66,RegionE,34.92,185.9,220.82,276.025,650,276.025,0,0,0,0,0,220,153.975,-220,820,820,559.47,436.39,0.2196,0,1012,560,700,1.25,48
66,RegionF,51.2136666666666,177.836333,229.049999666667,290.893499576667,650,290.893499576667,0,0,0,0,0,220,139.106500423333,-220,850,850,588.91,459.35,0.2595,0,966,540,685.8,1.27,48
67,RegionA,79.7563333333333,168.972,248.728333333333,335.78325,587.87,335.78325,100,0,100,0,-0,0,152.08675,-0,35,128,1059.68,0,0.631,-0,630,420,567,1.35,48
67,RegionB,69.1633333333334,198.035333,267.198666333333,360.71819955,587.87,360.71819955,90,0,90,0,-0,0,137.15180045,-0,124.4742425,208.1742425,1015.52,0,0.5903,-0,585,410,553.5,1.35,48
67,RegionC,70.8513333333335,231.301667,302.153000333333,416.97114046,587.87,416.97114046,85,0,85,0,-0,0,85.8988595399999,-0,109.05,188.1,986.09,0,0.5598,-0,540,405,558.9,1.38,48
67,RegionD,91.8116666666667,107.298333,199.109999666667,254.860799573333,587.87,254.860799573333,153.009200426667,0,153.009200426667,0,-0,180,0,-180,683.537250397867,827.365898798933,632.86,493.63,0.4275,-0,1472,720,921.6,1.28,48
67,RegionE,45.6480000000001,195.692,241.34,301.675,587.87,301.675,0,0,0,0,0,220,66.1949999999999,-220,820,820,559.27,436.23,0.2239,0,1012,560,700,1.25,48
67,RegionF,56.9386666666666,158.181333,215.119999666667,273.202399576667,587.87,273.202399576667,0,0,0,0,0,220,94.6676004233334,-220,850,850,588.71,459.19,0.2646,0,966,540,685.8,1.27,48
68,RegionA,76.3133333333333,228.786667,305.100000333333,411.88500045,540.19,411.88500045,100,0,100,0,-0,0,28.30499955,-0,128,221,1059.29,0,0.6433,-0,630,420,567,1.35,48
68,RegionB,60.5753333333333,263.133,323.708333333333,437.00625,540.19,437.00625,90,0,90,0,-0,0,13.18375,-0,208.1742425,291.8742425,1015.16,0,0.6018,-0,585,410,553.5,1.35,48
68,RegionC,77.645,253.163333,330.808333,456.51549954,540.19,456.51549954,50.1910206451612,0,50.1910206451612,0,-0,0,33.483479814839,-0,188.1,234.7776492,985.73,0,0.5707,-0,540,405,558.9,1.38,48
68,RegionD,95.7206666666667,125.310333,221.030999666667,282.919679573333,540.19,282.919679573333,77.2703204266667,0,77.2703204266667,0,-0,180,0,-180,827.365898798933,900,632.63,493.45,0.4358,-0,1472,720,921.6,1.28,48
68,RegionE,33.39,197.27,230.66,288.325,540.19,288.325,0,0,0,0,0,220,31.8650000000001,-220,820,820,559.07,436.07,0.2283,0,1012,560,700,1.25,48
68,RegionF,42.6880000000002,177.382,220.07,279.4889,540.19,279.4889,0,0,0,0,0,220,40.7010999999998,-220,850,850,588.5,459.03,0.2698,0,966,540,685.8,1.27,48
69,RegionA,87.489,211.915,299.404,404.1954,510.22,404.1954,100,0,100,0,-0,0,6.02459999999991,-0,221,314,1058.9,0,0.6547,-0,630,420,567,1.35,48
69,RegionB,75.8923333333333,244.470667,320.363000333333,432.49005045,510.22,432.49005045,0,0,0,0,0,0,77.7299495500001,0,291.8742425,291.8742425,1014.78,0,0.6125,0,585,410,553.5,1.35,48
69,RegionC,74.0446666666666,244.86,318.904666666667,440.08844,510.22,440.08844,70.1315600000001,0,70.1315600000001,0,-0,0,0,-0,234.7776492,300,985.36,0,0.5808,-0,540,405,558.9,1.38,48
69,RegionD,102.142666666667,143.030667,245.173333666667,313.821867093334,510.22,313.821867093334,0,0,0,0,0,180,16.3981329066664,-180,900,900,632.4,493.27,0.4435,0,1472,720,921.6,1.28,48
69,RegionE,52.8906666666666,188.409333,241.299999666667,301.624999583333,510.22,290.219999999997,0,0,0,11.4049995833357,0,220.000000000003,0,-220.000000000003,820,807.736559587811,558.86,435.91,0.2323,0,1012,560,700,1.25,48
69,RegionF,11.5506666666666,212.939333,224.489999666667,285.102299576667,510.22,285.102299576667,0,0,0,0,0,220,5.11770042333342,-220,850,850,588.28,458.86,0.2745,0,966,540,685.8,1.27,48
70,RegionA,86.7693333333334,227.495333,314.264666333333,424.25729955,500,424.25729955,38.7096774193548,0,38.7096774193548,0,-0,0,37.033023030645,-0,314,350,656.99,0,0.6644,-0,630,420,567,1.35,48
70,RegionB,82.3693333333333,265.599,347.968333333333,469.75725,500,469.75725,30.24275,0,30.24275,0,-0,0,0,-0,291.8742425,320,629.62,0,0.6215,-0,585,410,553.5,1.35,48
70,RegionC,71.7266666666666,267.538333,339.264999666667,468.18569954,500,454.69630994,0,0,0,13.4893896,0,0,45.30369006,0,300,285.33762,611.37,0,0.5894,0,540,405,558.9,1.38,48
70,RegionD,53.91,188,241.91,309.6448,500,309.6448,0,0,0,0,0,180,10.3552,-180,900,900,392.37,306.05,0.4501,0,1472,720,921.6,1.28,48
70,RegionE,39.344,184.696,224.04,280.05,500,280,0,0,0,0.0499999999999545,0,220,0,-220,807.736559587811,807.682796146951,346.75,270.47,0.2357,0,1012,560,700,1.25,48
70,RegionF,4.97233333333334,218.657667,223.630000333333,284.010100423333,500,280,0,0,0,4.01010042333337,0,220,0,-220,850,845.688064060932,365,284.7,0.2786,0,966,540,685.8,1.27,48
71,RegionA,56.1896666666667,318.438667,374.628333666667,505.74825045,510.22,505.74825045,0,0,0,0,0,0,4.47174955000003,0,350,350,656.73,0,0.6716,0,630,420,567,1.35,48
71,RegionB,66.1813333333334,322.898667,389.080000333333,525.25800045,510.22,510.22,0,0,0,15.0380004500001,-0,0,-0,-0,320,303.654347336956,629.37,0,0.6283,-0,585,410,553.5,1.35,48
71,RegionC,69.2690000000001,289.031,358.3,494.454,510.22,494.454,15.766,0,15.766,0,-0,0,0,-0,285.33762,300,611.13,0,0.5958,-0,540,405,558.9,1.38,48
71,RegionD,33.7680000000002,245.928667,279.696667,358.01173376,510.22,330.22,0,0,0,27.7917337600002,-0,180,0,-180,900,870.116415311828,392.22,305.93,0.455,-0,1472,720,921.6,1.28,48
71,RegionE,22.8740000000001,238.149333,261.023333,326.27916625,510.22,290.22,0,0,0,36.0591662500001,0,220,0,-220,807.682796146951,768.90949910394,346.61,270.36,0.2383,0,1012,560,700,1.25,48
71,RegionF,22.585,215.715,238.3,302.641,510.22,290.22,0,0,0,12.421,0,220,0,-220,845.688064060932,832.332150082437,364.85,284.58,0.2817,0,966,540,685.8,1.27,48
