WindowStart,DecisionEnd,PlanEnd,TaskCount,HOptionCount,KOptionCount,VariableCount,ConstraintCount,Beta,BlockHours,ModelMode,DueTaskCount,TimeLimitSeconds,SolveAttemptCount,HeuristicIncumbentAvailable,IncomingWarmHintTaskCount,OutgoingWarmHintTaskCount,RefinementReason,KCapacityViolation,RemainingTaskCount,IndividuallyFeasibleTaskCount,SolverStatus,SolverMessage,ObjectiveValue,MIPGap,MIPNodeCount,ElapsedSeconds,WindowCost,WindowCarbon,WindowLatency,WindowDelay,WindowRenewableUnusedRate,WindowPeak,ModelSignature,HTailCapacityProtection,HTailProtectionEnd,HTailCapacityConstraintCount
0,24,24,506,23990,0,25311,1964,0,4,HOnlyBalanced,185,240,2,True,0,0,Automatic2HourRefinementDisabled,0,49815,49815,0,Optimization terminated successfully. (HiGHS Status 7: Optimal),496892.661885328,1.6330483019239e-11,1,2.61046850000275,-4619574.40070528,0,0.0914031620553359,0,0.363534854107791,0,39ecfa59c8c9eed650bbe18740b32c4953c7c2b626aaf0cee3847b74d4079833,,,
24,48,48,834,72072,0,73393,2292,0,4,HOnlyBalanced,162,240,2,True,0,0,Automatic2HourRefinementDisabled,0,49192,49192,0,Optimization terminated successfully. (HiGHS Status 7: Optimal),491972.575221318,1.72602670838155e-10,1,32.8889194000003,-4664661.4,0,0.0790067945643485,0.002836454837634,0.247526533645392,0,39ecfa59c8c9eed650bbe18740b32c4953c7c2b626aaf0cee3847b74d4079833,,,
48,72,72,689,54604,0,55925,2219,0,4,HOnlyBalanced,138,240,1,True,0,0,Window48RepairWithHTailCapacityProtection,0,48716,48716,0,Optimization terminated successfully. (HiGHS Status 7: Optimal),492523.456194194,4.8761278548734e-11,1,12.1624505,-4659613.2,0,0.0796165940977262,0.00183035033795391,0.289076839761658,0,39ecfa59c8c9eed650bbe18740b32c4953c7c2b626aaf0cee3847b74d4079833,True,78,72
72,96,96,729,53195,0,54516,2259,0,4,HOnlyBalanced,187,240,2,True,0,0,Window72AfterWindow48TailCapacityRepair,0,48315,48315,0,Optimization terminated successfully. (HiGHS Status 7: Optimal),498821.065761954,0.00317822345961255,1,7.84243529999367,-4601902.72238456,3.30544480675599e-14,0.079868541380887,0.000540591626316496,0.307025302915376,0,39ecfa59c8c9eed650bbe18740b32c4953c7c2b626aaf0cee3847b74d4079833,True,102,72
96,120,168,1815,67890,72657,144460,5865,0.5,4,NormalHK,160,120,1,True,0,1156,Automatic2HourRefinementDisabled,2.50111042987555e-12,47656,-1,0,Optimization terminated successfully. (HiGHS Status 7: Optimal),55.1473054987646,0,1,99.1671376000013,-9172529,0,0.0803386652366638,0.0037857754324028,0.29866880910016,-5.6843418860808e-14,39ecfa59c8c9eed650bbe18740b32c4953c7c2b626aaf0cee3847b74d4079833,False,120,0
120,144,144,655,48111,0,49432,2185,0,4,HOnlyBalanced,155,240,2,True,1156,0,Automatic2HourRefinementDisabled,0,47243,47243,0,Optimization terminated successfully. (HiGHS Status 7: Optimal),501876.054575091,6.92489650198474e-11,1,6.47485799999413,-4573907.2,0,0.0794541984732825,0.000747956084888119,0.294376222497717,-5.6843418860808e-14,39ecfa59c8c9eed650bbe18740b32c4953c7c2b626aaf0cee3847b74d4079833,True,150,72
144,168,168,743,59159,0,60480,2273,0,4,HOnlyBalanced,154,240,2,True,0,0,Automatic2HourRefinementDisabled,0,46757,46757,0,Optimization terminated successfully. (HiGHS Status 7: Optimal),496727.705982508,8.45721740305794e-11,1,9.5759332000016,-4621086,0,0.0787337371018394,0.00147002075971052,0.300916416330838,-5.6843418860808e-14,39ecfa59c8c9eed650bbe18740b32c4953c7c2b626aaf0cee3847b74d4079833,True,174,72
168,192,192,754,60217,0,61538,2284,0,4,HOnlyBalanced,149,240,2,True,0,0,Automatic2HourRefinementDisabled,0,46247,46247,0,Optimization terminated successfully. (HiGHS Status 7: Optimal),489424.307240946,4.31251676481586e-11,1,11.4535018999959,-4688013.4,0,0.0788693633952255,0.0015990323332306,0.29756309503078,-5.6843418860808e-14,39ecfa59c8c9eed650bbe18740b32c4953c7c2b626aaf0cee3847b74d4079833,True,198,72
192,216,216,758,59853,0,61174,2288,0,4,HOnlyBalanced,159,240,2,True,0,0,Automatic2HourRefinementDisabled,0,45787,45787,0,Optimization terminated successfully. (HiGHS Status 7: Optimal),484846.232087813,0.000269748757648811,1,7.95944759999838,-4729966.288124,0,0.0781585312225154,0.000707634709802616,0.305488789889549,-5.6843418860808e-14,39ecfa59c8c9eed650bbe18740b32c4953c7c2b626aaf0cee3847b74d4079833,True,222,72
216,240,240,790,67966,0,69287,2320,0,4,HOnlyBalanced,142,240,2,True,0,0,Automatic2HourRefinementDisabled,0,45240,45240,0,Optimization terminated successfully. (HiGHS Status 7: Optimal),485430.274399988,7.60525473612027e-11,1,9.81957500000135,-4724614.2,0,0.0786350210970464,0.00235225134519032,0.305076563744418,-5.6843418860808e-14,39ecfa59c8c9eed650bbe18740b32c4953c7c2b626aaf0cee3847b74d4079833,True,246,72
240,264,264,774,57549,0,58870,2304,0,4,HOnlyBalanced,190,240,2,True,0,0,Automatic2HourRefinementDisabled,0,44793,44793,0,Optimization terminated successfully. (HiGHS Status 7: Optimal),492356.71141024,0.00410824709168269,1,6.62820259999717,-4661141.22838429,0,0.0797448320413437,0.000538115741879757,0.306262532612029,-5.6843418860808e-14,39ecfa59c8c9eed650bbe18740b32c4953c7c2b626aaf0cee3847b74d4079833,True,270,72
264,288,288,840,70549,0,71870,2370,0,4,HOnlyBalanced,159,240,2,True,0,0,Automatic2HourRefinementDisabled,0,44235,44235,0,Optimization terminated successfully. (HiGHS Status 7: Optimal),496234.084454034,0.00234500111177775,1,10.8510529999985,-4625609.483889,0,0.0782103174603175,0.00127043292216525,0.303878468300711,-5.6843418860808e-14,39ecfa59c8c9eed650bbe18740b32c4953c7c2b626aaf0cee3847b74d4079833,True,294,72
288,312,312,747,62190,0,63511,2277,0,4,HOnlyBalanced,149,240,2,True,0,0,Automatic2HourRefinementDisabled,0,43784,43784,0,Optimization terminated successfully. (HiGHS Status 7: Optimal),495545.667936951,0.000217558107617175,1,8.41599319999659,-4631918.04366669,0,0.0773728246318608,0.00115863792314267,0.303369581981235,-5.6843418860808e-14,39ecfa59c8c9eed650bbe18740b32c4953c7c2b626aaf0cee3847b74d4079833,True,318,72
312,336,336,812,67684,0,69005,2342,0,4,HOnlyBalanced,158,240,2,True,0,0,Automatic2HourRefinementDisabled,0,43300,43300,0,Optimization terminated successfully. (HiGHS Status 7: Optimal),490564.415027686,6.16940359754112e-11,1,9.80442390000098,-4677565.6,0,0.0785098522167488,0.000567962802528829,0.299636832938255,-5.6843418860808e-14,39ecfa59c8c9eed650bbe18740b32c4953c7c2b626aaf0cee3847b74d4079833,True,342,72
336,360,360,830,68227,0,69548,2360,0,4,HOnlyBalanced,179,240,2,True,0,0,Automatic2HourRefinementDisabled,0,42828,42828,0,Optimization terminated successfully. (HiGHS Status 7: Optimal),485120.470815233,0.00323012897465719,1,10.0164567000029,-4727453.199836,0,0.0789508032128514,0.000695167859858153,0.30309883954256,-1.13686837721616e-13,39ecfa59c8c9eed650bbe18740b32c4953c7c2b626aaf0cee3847b74d4079833,True,366,72
360,384,384,852,71619,0,72940,2382,0,4,HOnlyBalanced,179,240,2,True,0,0,Automatic2HourRefinementDisabled,0,42336,42336,0,Optimization terminated successfully. (HiGHS Status 7: Optimal),479162.507947538,9.53862785716375e-11,1,10.3668442999988,-4782051.2,0,0.077660406885759,0.000883554271702405,0.305362631326814,-1.13686837721616e-13,39ecfa59c8c9eed650bbe18740b32c4953c7c2b626aaf0cee3847b74d4079833,True,390,72
384,408,408,826,72396,0,73717,2356,0,4,HOnlyBalanced,145,240,2,True,0,0,Automatic2HourRefinementDisabled,0,41840,41840,0,Optimization terminated successfully. (HiGHS Status 7: Optimal),480218.000799897,9.60995246273436e-11,1,10.2029057999971,-4772378.8,0,0.0776432606941082,0.00478010217437809,0.300839537387602,-1.70530256582424e-13,39ecfa59c8c9eed650bbe18740b32c4953c7c2b626aaf0cee3847b74d4079833,True,414,72
408,432,432,868,71700,0,73021,2398,0,4,HOnlyBalanced,179,240,2,True,0,0,Automatic2HourRefinementDisabled,0,41322,41322,0,Optimization terminated successfully. (HiGHS Status 7: Optimal),485481.191724135,5.7648918650545e-11,1,11.4454278999983,-4724147.6,0,0.0801113671274962,0.000691743007587131,0.299875781091888,-1.70530256582424e-13,39ecfa59c8c9eed650bbe18740b32c4953c7c2b626aaf0cee3847b74d4079833,True,438,72
432,456,456,880,74834,0,76155,2410,0,4,HOnlyBalanced,175,240,2,True,0,0,Automatic2HourRefinementDisabled,0,40819,40819,0,Optimization terminated successfully. (HiGHS Status 7: Optimal),490598.636403153,9.12008376365224e-11,1,11.2729918000041,-4677252,0,0.0797045454545455,0.00067324053409558,0.305197419350236,-1.70530256582424e-13,39ecfa59c8c9eed650bbe18740b32c4953c7c2b626aaf0cee3847b74d4079833,True,462,72
456,480,480,853,73154,0,74475,2383,0,4,HOnlyBalanced,173,240,2,True,0,0,Automatic2HourRefinementDisabled,0,40350,40350,0,Optimization terminated successfully. (HiGHS Status 7: Optimal),492163.362415197,0.00162495562231211,1,9.12382630000502,-4662913.05346338,4.20641299569979e-15,0.0783343102774521,0.00207475075211198,0.304732650524987,-1.70530256582424e-13,39ecfa59c8c9eed650bbe18740b32c4953c7c2b626aaf0cee3847b74d4079833,True,486,72
480,504,504,869,77285,0,78606,2399,0,4,HOnlyBalanced,164,240,2,True,0,0,Automatic2HourRefinementDisabled,0,39849,39849,0,Optimization terminated successfully. (HiGHS Status 7: Optimal),486902.250690035,1.19784213438581e-10,1,12.7645833999995,-4711125.2,0,0.0779305715381665,0.00281303098747782,0.30674607851339,-1.70530256582424e-13,39ecfa59c8c9eed650bbe18740b32c4953c7c2b626aaf0cee3847b74d4079833,True,510,72
504,528,528,868,75590,0,76911,2398,0,4,HOnlyBalanced,162,240,2,True,0,0,Automatic2HourRefinementDisabled,0,39386,39386,0,Optimization terminated successfully. (HiGHS Status 7: Optimal),480557.952544848,0.000495819211883292,1,10.7556914000015,-4769263.5262,9.45931333262706e-14,0.0787154377880184,0.000868464923325436,0.299983969275448,-1.70530256582424e-13,39ecfa59c8c9eed650bbe18740b32c4953c7c2b626aaf0cee3847b74d4079833,True,534,72
528,552,552,918,79822,0,81143,2448,0,4,HOnlyBalanced,176,240,2,True,0,0,Automatic2HourRefinementDisabled,0,38872,38872,0,Optimization terminated successfully. (HiGHS Status 7: Optimal),478668.635784994,0.00480046155773962,1,12.3371049999987,-4786576.98047068,-3.7704239730374e-14,0.0772748729121278,0.000773301198645139,0.303998135258099,-1.70530256582424e-13,39ecfa59c8c9eed650bbe18740b32c4953c7c2b626aaf0cee3847b74d4079833,True,558,72
552,576,624,1946,80008,75124,159045,5996,0.5,4,NormalHK,193,120,1,True,0,1379,Automatic2HourRefinementDisabled,2.27373675443232e-13,38305,-1,0,Optimization terminated successfully. (HiGHS Status 7: Optimal),23.0800163220897,0.00341471793130936,1,56.8778912999987,-9360479.99776113,0,0.0803386652366639,0.0137229294526675,0.297453540955689,0,39ecfa59c8c9eed650bbe18740b32c4953c7c2b626aaf0cee3847b74d4079833,False,576,0
576,600,600,854,70549,0,71870,2384,0,4,HOnlyBalanced,198,240,2,True,1379,0,Automatic2HourRefinementDisabled,0,37849,37849,0,Optimization terminated successfully. (HiGHS Status 7: Optimal),485161.83230842,0.00321510564891986,1,8.19046399999934,-4727074.16851599,3.095124156971e-15,0.0781654957064793,0.000823616743554728,0.304123307247905,-1.70530256582424e-13,39ecfa59c8c9eed650bbe18740b32c4953c7c2b626aaf0cee3847b74d4079833,True,606,72
600,624,624,923,80888,0,82209,2453,0,4,HOnlyBalanced,176,240,2,True,0,0,Automatic2HourRefinementDisabled,0,37353,37353,0,Optimization terminated successfully. (HiGHS Status 7: Optimal),489187.114928965,8.38158850042137e-11,1,11.3227635000003,-4690187,0,0.0781807511737089,0.00111172643609034,0.305787056028272,-1.70530256582424e-13,39ecfa59c8c9eed650bbe18740b32c4953c7c2b626aaf0cee3847b74d4079833,True,630,72
624,648,696,1918,83141,78229,165283,5968,0.5,4,NormalHK,181,120,1,True,0,1366,Automatic2HourRefinementDisabled,2.27373675443232e-13,36801,-1,0,Optimization terminated successfully. (HiGHS Status 7: Optimal),34.398358637451,0.00477573526985691,1,120.201622700006,-9373090.7328799,8.3576878751046e-14,0.0803386652366626,0.0171267462236362,0.295511453966448,0,39ecfa59c8c9eed650bbe18740b32c4953c7c2b626aaf0cee3847b74d4079833,False,648,0
648,672,672,872,77212,0,78533,2402,0,4,HOnlyBalanced,160,240,2,True,1366,0,Automatic2HourRefinementDisabled,0,36312,36312,0,Optimization terminated successfully. (HiGHS Status 7: Optimal),486863.916643217,0.000864790380756082,1,10.8196917999958,-4711476.488125,4.94608798362606e-14,0.0774159021406728,0.00536354039500965,0.304210959033299,-2.8421709430404e-13,39ecfa59c8c9eed650bbe18740b32c4953c7c2b626aaf0cee3847b74d4079833,True,678,72
672,696,744,1864,77202,76216,157331,5914,0.5,4,NormalHK,148,120,1,True,0,1351,Automatic2HourRefinementDisabled,2.27373675443232e-13,35799,-1,0,Optimization terminated successfully. (HiGHS Status 7: Optimal),39.5126921199988,0.0017458469946315,1,56.0131102000014,-9512092.96813866,0,0.0803386652366632,0.0186648004914231,0.29637553360019,0,39ecfa59c8c9eed650bbe18740b32c4953c7c2b626aaf0cee3847b74d4079833,False,696,0
696,720,720,850,73257,0,74578,2380,0,4,HOnlyBalanced,159,240,2,True,1351,0,Automatic2HourRefinementDisabled,0,35333,35333,0,Optimization terminated successfully. (HiGHS Status 7: Optimal),477318.463356188,0.000941869087508009,1,9.50386009999784,-4798949.785536,-6.85986378812231e-14,0.0763029411764706,0.00165008671396321,0.29955514990205,-2.8421709430404e-13,39ecfa59c8c9eed650bbe18740b32c4953c7c2b626aaf0cee3847b74d4079833,True,726,72
720,744,792,1887,78079,75726,157718,5937,0.5,4,NormalHK,161,120,1,True,0,1367,Automatic2HourRefinementDisabled,2.27373675443232e-13,34813,-1,0,Optimization terminated successfully. (HiGHS Status 7: Optimal),45.1489569716848,0.00401265450142379,1,62.7782061999969,-9436427.51357937,0,0.080338665236663,0.0203598158448014,0.298303169903494,0,39ecfa59c8c9eed650bbe18740b32c4953c7c2b626aaf0cee3847b74d4079833,False,744,0
744,768,768,869,74011,0,75332,2399,0,4,HOnlyBalanced,174,240,2,True,1367,0,Automatic2HourRefinementDisabled,0,34319,34319,0,Optimization terminated successfully. (HiGHS Status 7: Optimal),485389.33306876,0.000694871518433068,1,11.1861321000033,-4724989.38074997,9.81174252956407e-14,0.0756693517453011,0.00131463607517871,0.298320699569538,-2.8421709430404e-13,39ecfa59c8c9eed650bbe18740b32c4953c7c2b626aaf0cee3847b74d4079833,True,774,72
768,792,792,873,74864,0,76185,2403,0,4,HOnlyBalanced,181,240,2,True,0,0,Automatic2HourRefinementDisabled,0,33840,33840,0,Optimization terminated successfully. (HiGHS Status 7: Optimal),491106.064623313,1.5894396993756e-09,1,10.4385880000045,-4672602,0,0.0826651393661703,0.0019551935331455,0.298113847554559,-2.8421709430404e-13,39ecfa59c8c9eed650bbe18740b32c4953c7c2b626aaf0cee3847b74d4079833,True,798,72
792,816,864,1850,78225,74261,156399,5900,0.5,4,NormalHK,157,120,1,True,0,1342,Automatic2HourRefinementDisabled,1.13686837721616e-13,33332,-1,0,Optimization terminated successfully. (HiGHS Status 7: Optimal),55.8893057771338,0.00234342641443028,1,50.0879814,-9290159.75147972,0,0.0803386652366633,0.0235898041171277,0.3003996406303,0,39ecfa59c8c9eed650bbe18740b32c4953c7c2b626aaf0cee3847b74d4079833,False,816,0
816,840,840,859,73016,0,74337,2389,0,4,HOnlyBalanced,175,240,2,True,1342,0,Automatic2HourRefinementDisabled,0,32864,32864,0,Optimization terminated successfully. (HiGHS Status 7: Optimal),489487.565139445,0.000437998795235726,1,13.5660652000006,-4687433.71266,0,0.0780956538610788,0.000706144871636356,0.294234756217316,-2.8421709430404e-13,39ecfa59c8c9eed650bbe18740b32c4953c7c2b626aaf0cee3847b74d4079833,True,846,72
840,864,912,1864,76127,74412,154452,5914,0.5,4,NormalHK,159,120,1,True,0,1350,Automatic2HourRefinementDisabled,0,32350,-1,0,Optimization terminated successfully. (HiGHS Status 7: Optimal),62.0957968001628,0.00111915774623009,1,49.5017469000013,-9452718.76138644,0,0.0803386652366633,0.0254563094794874,0.300022877360641,0,39ecfa59c8c9eed650bbe18740b32c4953c7c2b626aaf0cee3847b74d4079833,False,864,0
864,888,888,840,72108,0,73429,2370,0,4,HOnlyBalanced,157,240,2,True,1350,0,Automatic2HourRefinementDisabled,0,31910,31910,0,Optimization terminated successfully. (HiGHS Status 7: Optimal),480594.075319533,9.77590701474832e-11,1,8.89945310000621,-4768932.50158163,6.97468749422114e-14,0.0769246031746032,0.00110826429393967,0.295807336080459,-2.8421709430404e-13,39ecfa59c8c9eed650bbe18740b32c4953c7c2b626aaf0cee3847b74d4079833,True,894,72
888,912,960,1887,78307,75272,157492,5937,0.5,4,NormalHK,190,120,1,True,0,1344,Automatic2HourRefinementDisabled,1.13686837721616e-13,31367,-1,0,Optimization terminated successfully. (HiGHS Status 7: Optimal),68.0639559200595,0.00186569579771276,1,53.5447359999962,-9361265.47839498,0,0.0803386652366629,0.0272511456131363,0.296054976326828,0,39ecfa59c8c9eed650bbe18740b32c4953c7c2b626aaf0cee3847b74d4079833,False,912,0
912,936,936,849,73554,0,74875,2379,0,4,HOnlyBalanced,171,240,2,True,1344,0,Automatic2HourRefinementDisabled,0,30912,30912,0,Optimization terminated successfully. (HiGHS Status 7: Optimal),489558.0935195,7.40728542240296e-11,1,10.9047552999982,-4686787.4,0,0.0785512367491166,0.000966093381828527,0.300404771115427,-2.8421709430404e-13,39ecfa59c8c9eed650bbe18740b32c4953c7c2b626aaf0cee3847b74d4079833,True,942,72
936,960,1008,1881,79902,76041,159856,5931,0.5,4,NormalHK,152,120,1,True,0,1356,Automatic2HourRefinementDisabled,0,30387,-1,0,Optimization terminated successfully. (HiGHS Status 7: Optimal),75.5466257650654,0.00224381242106071,1,52.6178865999973,-9235811.50515286,0,0.0803386652366628,0.0295014406372166,0.296414216911595,0,39ecfa59c8c9eed650bbe18740b32c4953c7c2b626aaf0cee3847b74d4079833,False,960,0
960,984,984,842,73253,0,74574,2372,0,4,HOnlyBalanced,170,240,2,True,1356,0,Automatic2HourRefinementDisabled,0,29940,29940,0,Optimization terminated successfully. (HiGHS Status 7: Optimal),499498.774273434,0.00290686407675065,1,8.81558750000113,-4595692.28901335,-3.50553364114603e-14,0.0793418448139351,0.000762281898548654,0.299386719122789,-2.8421709430404e-13,39ecfa59c8c9eed650bbe18740b32c4953c7c2b626aaf0cee3847b74d4079833,True,990,72
984,1008,1056,1901,78430,77084,159427,5951,0.5,4,NormalHK,171,120,1,True,0,1350,Automatic2HourRefinementDisabled,5.6843418860808e-13,29389,-1,0,Optimization terminated successfully. (HiGHS Status 7: Optimal),81.2355825792001,0.00112917786819468,1,50.8916701999988,-9306971.49199254,0,0.0803386652366636,0.0312123021357281,0.298433030528294,0,39ecfa59c8c9eed650bbe18740b32c4953c7c2b626aaf0cee3847b74d4079833,False,1008,0
1008,1032,1032,887,74964,0,76285,2417,0,4,HOnlyBalanced,184,240,2,True,1350,0,Automatic2HourRefinementDisabled,0,28902,28902,0,Optimization terminated successfully. (HiGHS Status 7: Optimal),490327.450460871,0.00167567096555856,1,10.1156057999979,-4679737.11269333,0,0.0775995866215708,0.000794328949869282,0.301707043662257,-2.8421709430404e-13,39ecfa59c8c9eed650bbe18740b32c4953c7c2b626aaf0cee3847b74d4079833,True,1038,72
1032,1056,1104,1858,76618,73914,154445,5908,0.5,4,NormalHK,163,120,1,True,0,1369,Automatic2HourRefinementDisabled,0,28413,-1,0,Optimization terminated successfully. (HiGHS Status 7: Optimal),91.2743522130982,0.00238562297444952,1,51.6993833000015,-9350705.83010015,0,0.0803386652366631,0.0342313096541541,0.295044238476279,0,39ecfa59c8c9eed650bbe18740b32c4953c7c2b626aaf0cee3847b74d4079833,False,1056,0
1056,1080,1080,892,75877,0,77198,2422,0,4,HOnlyBalanced,186,240,2,True,1369,0,Automatic2HourRefinementDisabled,0,27913,27913,0,Optimization terminated successfully. (HiGHS Status 7: Optimal),489420.727972195,5.81776035348806e-11,1,10.4467311000044,-4688046.2,0,0.0797851270553064,0.00170488150635019,0.298548286806262,-2.8421709430404e-13,39ecfa59c8c9eed650bbe18740b32c4953c7c2b626aaf0cee3847b74d4079833,True,1086,72
1080,1104,1152,1828,75767,74274,153954,5878,0.5,4,NormalHK,158,120,1,True,0,1326,Automatic2HourRefinementDisabled,0,27411,-1,0,Optimization terminated successfully. (HiGHS Status 7: Optimal),99.7355468231541,0.000990873012911772,1,69.9993513999943,-9173034.35333333,0,0.0803386652366635,0.0367758805436841,0.295474240618066,-2.8421709430404e-13,39ecfa59c8c9eed650bbe18740b32c4953c7c2b626aaf0cee3847b74d4079833,False,1104,0
1104,1128,1128,863,74607,0,75928,2393,0,4,HOnlyBalanced,169,240,2,True,1326,0,Automatic2HourRefinementDisabled,0,26948,26948,0,Optimization terminated successfully. (HiGHS Status 7: Optimal),502905.925123701,9.00359704414438e-11,1,9.92537930000253,-4564469.6,0,0.0778196214754732,0.000833228005895974,0.301457213113697,-2.8421709430404e-13,39ecfa59c8c9eed650bbe18740b32c4953c7c2b626aaf0cee3847b74d4079833,True,1134,72
1128,1152,1200,1836,75831,73196,152940,5886,0.5,4,NormalHK,180,120,1,True,0,1342,Automatic2HourRefinementDisabled,0,26454,-1,0,Optimization terminated successfully. (HiGHS Status 7: Optimal),3670.767940475,3.65744084262782e-08,1,31.7317005999939,-9139396.9,0,0.0803386652366635,0.0389485834046328,0.299396328664593,-2.8421709430404e-13,39ecfa59c8c9eed650bbe18740b32c4953c7c2b626aaf0cee3847b74d4079833,False,1152,0
1152,1176,1224,1837,74538,74716,153167,5887,0.5,4,NormalHK,161,120,1,False,1342,1349,Automatic2HourRefinementDisabled,7.71933628129773e-11,25966,-1,0,Optimization terminated successfully. (HiGHS Status 7: Optimal),110.447779007053,0.000996906471663175,1,61.5770929999999,-9173034.35333334,0,0.0803386652366637,0.0399973922133053,0.311641513261009,-2.8421709430404e-13,39ecfa59c8c9eed650bbe18740b32c4953c7c2b626aaf0cee3847b74d4079833,False,1176,0
1176,1200,1248,1894,75252,76559,155724,5944,0.5,4,NormalHK,143,240,1,True,1349,1419,Automatic2HourRefinementDisabled,2.27373675443232e-13,25491,-1,0,Optimization terminated successfully. (HiGHS Status 7: Optimal),110.322212360825,0.00176240780712075,1,59.0063000000009,-9224291.07062307,0,0.0803386652366629,0.0399596613099094,0.290642309127213,0,39ecfa59c8c9eed650bbe18740b32c4953c7c2b626aaf0cee3847b74d4079833,False,1200,0
1200,1224,1224,874,76453,0,77774,2404,0,4,HOnlyBalanced,154,240,2,True,1419,0,Automatic2HourRefinementDisabled,0,25018,25018,0,Optimization terminated successfully. (HiGHS Status 7: Optimal),494261.78285347,1.0751773298156e-10,1,11.4311709999965,-4643683.4,0,0.0778718535469108,0.00376903217198974,0.297059105678291,-2.8421709430404e-13,39ecfa59c8c9eed650bbe18740b32c4953c7c2b626aaf0cee3847b74d4079833,True,1230,72
1224,1248,1296,1907,82630,78768,165311,5957,0.5,4,NormalHK,180,120,1,True,0,1325,Automatic2HourRefinementDisabled,1.13686837721616e-13,24436,-1,0,Optimization terminated successfully. (HiGHS Status 7: Optimal),3212.78141330182,4.82290066927428e-08,1,90.8594389999998,-9143593.9,0,0.0803386652366629,0.0412782266902867,0.29642209455872,-2.8421709430404e-13,39ecfa59c8c9eed650bbe18740b32c4953c7c2b626aaf0cee3847b74d4079833,False,1248,0
1248,1272,1320,1891,73765,73985,151663,5941,0.5,4,NormalHK,154,120,1,False,1325,1428,Automatic2HourRefinementDisabled,1.13686837721616e-13,23973,-1,0,Optimization terminated successfully. (HiGHS Status 7: Optimal),14540.9144868163,2.93051357879267e-08,1,115.806597900002,-9039784.4,0,0.0803386652366622,0.042728074457596,0.300012863621807,-2.8421709430404e-13,39ecfa59c8c9eed650bbe18740b32c4953c7c2b626aaf0cee3847b74d4079833,False,1272,0
1272,1296,1344,1908,76723,76097,156733,5958,0.5,4,NormalHK,157,120,1,True,1428,1423,Automatic2HourRefinementDisabled,1.13686837721616e-13,23488,-1,1,Time limit reached. (HiGHS Status 13: Time limit reached),21536.7967147111,0.0351414675545802,0,121.941528199997,-8975675.06671384,0,0.080338665236664,0.0435759971391257,0.290142291167174,-2.8421709430404e-13,39ecfa59c8c9eed650bbe18740b32c4953c7c2b626aaf0cee3847b74d4079833,False,1296,0
1296,1320,1368,1908,77533,75786,157232,5958,0.5,4,NormalHK,202,120,1,True,1423,1342,Automatic2HourRefinementDisabled,0,22922,-1,0,Optimization terminated successfully. (HiGHS Status 7: Optimal),18826.271764133,6.42241973243114e-09,1,79.6332307000048,-9000514,0,0.0803386652366639,0.0446788417530647,0.292930220060662,-2.8421709430404e-13,39ecfa59c8c9eed650bbe18740b32c4953c7c2b626aaf0cee3847b74d4079833,False,1320,0
1320,1344,1392,1849,73929,73083,150925,5899,0.5,4,NormalHK,172,120,1,True,1342,1374,Automatic2HourRefinementDisabled,2.27373675443232e-13,22447,-1,0,Optimization terminated successfully. (HiGHS Status 7: Optimal),11726.2566622405,1.6327897323255e-08,1,84.2211914,-9065577.7,0,0.0803386652366624,0.0473416769689707,0.295573939576256,-2.8421709430404e-13,39ecfa59c8c9eed650bbe18740b32c4953c7c2b626aaf0cee3847b74d4079833,False,1344,0
1344,1368,1368,867,76233,0,77554,2397,0,4,HOnlyBalanced,162,240,2,True,1374,0,Automatic2HourRefinementDisabled,0,21961,21961,0,Optimization terminated successfully. (HiGHS Status 7: Optimal),504406.535588703,1.09219767496076e-10,1,12.3394191000043,-4550718.2,0,0.0783544790465206,0.00430518359655473,0.300278817341794,-2.8421709430404e-13,39ecfa59c8c9eed650bbe18740b32c4953c7c2b626aaf0cee3847b74d4079833,True,1374,72
1368,1392,1440,1809,76989,71974,152876,5859,0.5,4,NormalHK,178,120,1,True,0,1285,Automatic2HourRefinementDisabled,0,21437,-1,0,Optimization terminated successfully. (HiGHS Status 7: Optimal),8268.90535718526,2.19454608245289e-08,1,73.2935055000053,-9097260.5,0,0.080338665236663,0.0499814466471328,0.297092952467633,-2.8421709430404e-13,39ecfa59c8c9eed650bbe18740b32c4953c7c2b626aaf0cee3847b74d4079833,False,1392,0
1392,1416,1464,1749,71191,67703,142807,5799,0.5,4,NormalHK,186,120,1,True,1285,1266,Automatic2HourRefinementDisabled,1.13686837721616e-13,20954,-1,0,Optimization terminated successfully. (HiGHS Status 7: Optimal),17466.1526959334,5.52462535098538e-09,1,64.7195205000025,-9012978.2,0,0.0803386652366628,0.0527219078040788,0.29683025219318,-2.8421709430404e-13,39ecfa59c8c9eed650bbe18740b32c4953c7c2b626aaf0cee3847b74d4079833,False,1416,0
1416,1440,1488,1791,69755,68724,142392,5841,0.5,4,NormalHK,173,120,1,True,1266,1349,Automatic2HourRefinementDisabled,1.13686837721616e-13,20512,-1,0,Optimization terminated successfully. (HiGHS Status 7: Optimal),28427.873782457,3.70241797879897e-09,1,28.8572721000019,-8912526.4,0,0.0803386652366625,0.0524662290205267,0.298794718067196,-2.8421709430404e-13,39ecfa59c8c9eed650bbe18740b32c4953c7c2b626aaf0cee3847b74d4079833,False,1440,0
1440,1464,1512,1841,72679,73707,150299,5891,0.5,4,NormalHK,147,120,1,True,1349,1382,Automatic2HourRefinementDisabled,1.13686837721616e-13,20053,-1,0,Optimization terminated successfully. (HiGHS Status 7: Optimal),34239.9802695743,4.10228947868065e-09,1,88.0905192999999,-8859265,0,0.0803386652366642,0.052177313390947,0.296051476706643,-2.8421709430404e-13,39ecfa59c8c9eed650bbe18740b32c4953c7c2b626aaf0cee3847b74d4079833,False,1464,0
1464,1488,1536,1873,75345,75097,154355,5923,0.5,4,NormalHK,189,120,1,True,1382,1347,Automatic2HourRefinementDisabled,0,19527,-1,0,Optimization terminated successfully. (HiGHS Status 7: Optimal),31809.6871150148,4.06324268537697e-09,1,83.739725200001,-8881535.9,0,0.0803386652366632,0.0524529566212539,0.293967122845577,-2.8421709430404e-13,39ecfa59c8c9eed650bbe18740b32c4953c7c2b626aaf0cee3847b74d4079833,False,1488,0
1488,1512,1560,1866,75919,74586,154418,5916,0.5,4,NormalHK,148,120,1,True,1347,1386,Automatic2HourRefinementDisabled,2.27373675443232e-13,19047,-1,0,Optimization terminated successfully. (HiGHS Status 7: Optimal),24179.7278041303,1.24181385197153e-08,1,34.7346273000003,-8951455.9,0,0.0803386652366631,0.0537940507865868,0.299716794569164,-2.8421709430404e-13,39ecfa59c8c9eed650bbe18740b32c4953c7c2b626aaf0cee3847b74d4079833,False,1512,0
1512,1536,1584,1898,74739,75105,153757,5948,0.5,4,NormalHK,175,120,1,True,1386,1397,Automatic2HourRefinementDisabled,7.5488060247153e-11,18546,-1,0,Optimization terminated successfully. (HiGHS Status 7: Optimal),18237.1526599232,7.38874970841777e-09,1,99.6619067000065,-9005912.9,0,0.0803386652366636,0.0541549000509408,0.301020220993028,-2.8421709430404e-13,39ecfa59c8c9eed650bbe18740b32c4953c7c2b626aaf0cee3847b74d4079833,False,1536,0
1536,1560,1608,1919,75542,75872,155327,5969,0.5,4,NormalHK,175,240,1,True,1397,1409,Automatic2HourRefinementDisabled,1.13686837721616e-13,18036,-1,0,Optimization terminated successfully. (HiGHS Status 7: Optimal),19522.5937211332,8.89670494870457e-09,1,94.071133999998,-8994133.3,0,0.0803386652366635,0.0546699205663709,0.294863768031197,0,39ecfa59c8c9eed650bbe18740b32c4953c7c2b626aaf0cee3847b74d4079833,False,1560,0
1560,1584,1632,1939,77245,76511,157669,5989,0.5,4,NormalHK,176,240,1,True,1409,1418,Automatic2HourRefinementDisabled,0,17515,-1,0,Optimization terminated successfully. (HiGHS Status 7: Optimal),28051.131875151,1.84052797097888e-09,1,95.0075674000036,-8915978.9,0,0.0803386652366625,0.055299308893373,0.292488417292849,-2.8421709430404e-13,39ecfa59c8c9eed650bbe18740b32c4953c7c2b626aaf0cee3847b74d4079833,False,1584,0
1584,1608,1656,1938,75243,76846,156002,5988,0.5,4,NormalHK,175,240,1,True,1418,1763,Automatic2HourRefinementDisabled,3.41060513164848e-13,17340,-1,0,Optimization terminated successfully. (HiGHS Status 7: Optimal),38301.5051047755,1.69749805747928e-07,1,110.208636700001,-8822045.9,0,0.0803386652366631,0.0583086396025403,0.316039052781422,-2.8421709430404e-13,39ecfa59c8c9eed650bbe18740b32c4953c7c2b626aaf0cee3847b74d4079833,False,1608,0
1608,1632,1632,1243,124958,0,126279,2773,0,4,HOnlyBalanced,179,240,1,True,1763,0,Automatic2HourRefinementDisabled,0,16578,16578,0,Optimization terminated successfully. (HiGHS Status 7: Optimal),522295.897601546,1.94767505960887e-10,1,43.4621034000011,-4386782.4,-1.57772181044202e-30,0.0776689460981496,0.00626763595684165,0.223351178291441,-2.8421709430404e-13,39ecfa59c8c9eed650bbe18740b32c4953c7c2b626aaf0cee3847b74d4079833,True,1638,72
1632,1656,1704,2047,91101,84172,179186,6097,0.5,4,NormalHK,166,120,1,True,0,1484,Automatic2HourRefinementDisabled,1.13686837721616e-13,16015,-1,0,Optimization terminated successfully. (HiGHS Status 7: Optimal),40151.1222119548,1.15435110940948e-08,1,49.1509651000015,-8805096.2,0,0.0803386652366643,0.0567503728472004,0.29508831054393,-2.8421709430404e-13,39ecfa59c8c9eed650bbe18740b32c4953c7c2b626aaf0cee3847b74d4079833,False,1656,0
1656,1680,1728,1974,84622,80121,168656,6024,0.5,4,NormalHK,193,120,1,True,1484,1446,Automatic2HourRefinementDisabled,7.95807864051312e-13,15487,-1,0,Optimization terminated successfully. (HiGHS Status 7: Optimal),31775.7584585612,0.00225746757695967,1,39.7283242999983,-8881847.05297745,0,0.0803386652366631,0.0601789229820511,0.293445217812112,-2.8421709430404e-13,39ecfa59c8c9eed650bbe18740b32c4953c7c2b626aaf0cee3847b74d4079833,False,1680,0
1680,1704,1752,1926,85050,79984,168947,5976,0.5,4,NormalHK,178,120,1,True,1446,1399,Automatic2HourRefinementDisabled,0,14960,-1,0,Optimization terminated successfully. (HiGHS Status 7: Optimal),24913.9791360822,5.52115773787001e-09,1,46.4908210000067,-8944727.60000001,0,0.0803386652366633,0.0631345108876125,0.294717634225899,-2.8421709430404e-13,39ecfa59c8c9eed650bbe18740b32c4953c7c2b626aaf0cee3847b74d4079833,False,1704,0
1704,1728,1776,1909,83566,78454,165933,5959,0.5,4,NormalHK,155,120,1,True,1399,1431,Automatic2HourRefinementDisabled,2.27373675443232e-13,14482,-1,0,Optimization terminated successfully. (HiGHS Status 7: Optimal),25322.8857139259,1.61796999593749e-08,1,43.5023989000038,-8940980.5,0,0.0803386652366632,0.0653296654782419,0.296826926918687,-2.8421709430404e-13,39ecfa59c8c9eed650bbe18740b32c4953c7c2b626aaf0cee3847b74d4079833,False,1728,0
1728,1752,1800,1936,84963,79356,168232,5986,0.5,4,NormalHK,155,120,1,True,1431,1452,Automatic2HourRefinementDisabled,2.27373675443232e-13,13998,-1,0,Optimization terminated successfully. (HiGHS Status 7: Optimal),32954.226855884,9.76506451050005e-09,1,44.4025313999955,-8871047.89999999,0,0.080338665236663,0.0660508210281465,0.294239671915824,-2.8421709430404e-13,39ecfa59c8c9eed650bbe18740b32c4953c7c2b626aaf0cee3847b74d4079833,False,1752,0
1752,1776,1824,2003,84038,80307,168258,6053,0.5,4,NormalHK,184,120,1,False,1452,1489,Automatic2HourRefinementDisabled,2.27373675443232e-13,13484,-1,0,Optimization terminated successfully. (HiGHS Status 7: Optimal),42286.9404540085,5.40773995869409e-09,1,56.5759974999964,-8785524.1,0,0.0803386652366635,0.0653396890896123,0.301164383982717,-2.8421709430404e-13,39ecfa59c8c9eed650bbe18740b32c4953c7c2b626aaf0cee3847b74d4079833,False,1776,0
1776,1800,1800,938,85875,0,87196,2468,0,4,HOnlyBalanced,166,240,2,True,1489,0,Automatic2HourRefinementDisabled,0,12977,12977,0,Optimization terminated successfully. (HiGHS Status 7: Optimal),524175.605868568,1.43054593334646e-10,1,13.5654856000037,-4369557,0,0.0768274697938877,0.0040157948774808,0.291714032542922,-2.8421709430404e-13,39ecfa59c8c9eed650bbe18740b32c4953c7c2b626aaf0cee3847b74d4079833,True,1806,72
1800,1824,1872,1978,85533,80596,170042,6028,0.5,4,NormalHK,190,120,1,True,0,1421,Automatic2HourRefinementDisabled,2.27373675443232e-13,12420,-1,0,Optimization terminated successfully. (HiGHS Status 7: Optimal),42261.3394750701,8.17223171922839e-09,1,42.4671646999996,-8785758.8,0,0.0803386652366632,0.0684951735316615,0.298698402868054,-2.8421709430404e-13,39ecfa59c8c9eed650bbe18740b32c4953c7c2b626aaf0cee3847b74d4079833,False,1824,0
1824,1848,1896,1902,80949,78741,163603,5952,0.5,4,NormalHK,153,120,1,True,1421,1439,Automatic2HourRefinementDisabled,0,11957,-1,0,Optimization terminated successfully. (HiGHS Status 7: Optimal),32861.6578420126,1.5674584530778e-08,1,112.588824899998,-8871896.4,0,0.0803386652366634,0.0729270197891374,0.299224193182576,-2.8421709430404e-13,39ecfa59c8c9eed650bbe18740b32c4953c7c2b626aaf0cee3847b74d4079833,False,1848,0
1848,1872,1920,1923,85532,80296,169741,5973,0.5,4,NormalHK,165,240,1,True,1439,1395,Automatic2HourRefinementDisabled,1.13686837721616e-13,11429,-1,0,Optimization terminated successfully. (HiGHS Status 7: Optimal),25113.7446307147,1.50778910577083e-08,1,42.071068499994,-8942897.3,-2.12686798180222e-12,0.0803386652366637,0.0738119693308737,0.296589835270807,-2.8421709430404e-13,39ecfa59c8c9eed650bbe18740b32c4953c7c2b626aaf0cee3847b74d4079833,False,1872,0
1872,1896,1944,1898,83529,77719,165161,5948,0.5,4,NormalHK,148,240,1,True,1395,1415,Automatic2HourRefinementDisabled,4.54747350886464e-13,10946,-1,0,Optimization terminated successfully. (HiGHS Status 7: Optimal),24565.4799266346,1.11179562136573e-08,1,37.8331787999996,-8947921.60000001,0,0.0803386652366631,0.0762193553513461,0.296099902290002,-2.8421709430404e-13,39ecfa59c8c9eed650bbe18740b32c4953c7c2b626aaf0cee3847b74d4079833,False,1896,0
1896,1920,1968,1909,81522,77535,162970,5959,0.5,4,NormalHK,163,240,1,True,1415,1431,Automatic2HourRefinementDisabled,2.27373675443232e-13,10468,-1,0,Optimization terminated successfully. (HiGHS Status 7: Optimal),31240.9169136639,1.62360292323562e-08,1,90.9187342000005,-8886748.8,0,0.0803386652366632,0.0775367623903487,0.293063329497076,0,39ecfa59c8c9eed650bbe18740b32c4953c7c2b626aaf0cee3847b74d4079833,False,1920,0
1920,1944,1992,1917,83170,79121,166204,5967,0.5,4,NormalHK,174,120,1,True,1431,1407,Automatic2HourRefinementDisabled,0,9958,-1,0,Optimization terminated successfully. (HiGHS Status 7: Optimal),39625.621264677,3.80555408320116e-09,1,87.9821902999975,-8809912.5,0,0.0803386652366631,0.079002168777965,0.295285971708695,-2.8421709430404e-13,39ecfa59c8c9eed650bbe18740b32c4953c7c2b626aaf0cee3847b74d4079833,False,1944,0
1944,1968,2016,1938,83249,79533,166695,5988,0.5,4,NormalHK,160,120,1,False,1407,1448,Automatic2HourRefinementDisabled,1.13686837721616e-13,9468,-1,0,Optimization terminated successfully. (HiGHS Status 7: Optimal),42820.6597036119,5.94480043695452e-09,1,50.9225511999975,-8780633.6,0,0.0803386652366623,0.0796016006147464,0.299573475777354,-2.8421709430404e-13,39ecfa59c8c9eed650bbe18740b32c4953c7c2b626aaf0cee3847b74d4079833,False,1968,0
1968,1992,2040,1941,83931,81542,169386,5991,0.5,4,NormalHK,138,120,1,True,1448,1462,Automatic2HourRefinementDisabled,1.13686837721616e-13,8989,-1,1,Time limit reached. (HiGHS Status 13: Time limit reached),37737.2777782074,1.2444976072649e-08,0,130.563103599998,-8827217.1,0,0.0803386652366636,0.0811354160059156,0.293617541880562,-2.8421709430404e-13,39ecfa59c8c9eed650bbe18740b32c4953c7c2b626aaf0cee3847b74d4079833,False,1992,0
1992,2016,2064,1977,84409,82382,170704,6027,0.5,4,NormalHK,159,120,1,True,1462,1441,Automatic2HourRefinementDisabled,3.41060513164848e-13,8453,-1,1,Time limit reached. (HiGHS Status 13: Time limit reached),28377.9311273,0.0333174417615906,0,123.8085937,-8912984.94614358,-2.3919710656628e-14,0.0803386652366639,0.0813162511185286,0.296386180154894,-2.8421709430404e-13,39ecfa59c8c9eed650bbe18740b32c4953c7c2b626aaf0cee3847b74d4079833,False,2016,0
2016,2040,2088,1936,84516,79473,167902,5986,0.5,4,NormalHK,153,120,1,True,1441,1446,Automatic2HourRefinementDisabled,1.13686837721616e-13,7963,-1,0,Optimization terminated successfully. (HiGHS Status 7: Optimal),18953.249059243,0.00810884247925307,1,42.6709794999988,-8999351.61888536,0,0.0803386652366633,0.0848311468697299,0.294853336435947,-2.8421709430404e-13,39ecfa59c8c9eed650bbe18740b32c4953c7c2b626aaf0cee3847b74d4079833,False,2040,0
2040,2064,2112,1938,83863,79048,166824,5988,0.5,4,NormalHK,173,120,1,True,1446,1427,Automatic2HourRefinementDisabled,1.13686837721616e-13,7452,-1,0,Optimization terminated successfully. (HiGHS Status 7: Optimal),17393.6326078267,4.03288156819396e-08,1,40.0966398999954,-9013643.8,0,0.0803386652366623,0.0867310446275347,0.297402308624221,-2.8421709430404e-13,39ecfa59c8c9eed650bbe18740b32c4953c7c2b626aaf0cee3847b74d4079833,False,2064,0
2064,2088,2136,1895,83603,77857,165373,5945,0.5,4,NormalHK,173,120,1,True,1427,1395,Automatic2HourRefinementDisabled,0,6952,-1,0,Optimization terminated successfully. (HiGHS Status 7: Optimal),23238.0102692496,2.52521714652015e-08,1,93.9106441999975,-8960086.8,1.47508671943797e-14,0.0803386652366632,0.0906738485192476,0.295606093526634,-2.8421709430404e-13,39ecfa59c8c9eed650bbe18740b32c4953c7c2b626aaf0cee3847b74d4079833,False,2088,0
2088,2112,2160,1871,83849,77054,164816,5921,0.5,4,NormalHK,169,120,1,True,1395,1380,Automatic2HourRefinementDisabled,0,6461,-1,0,Optimization terminated successfully. (HiGHS Status 7: Optimal),30824.5625546799,1.3180956272654e-08,1,85.780645699997,-8890564.7,-4.35932179243537e-14,0.080338665236662,0.0933893616228153,0.293218122623516,-2.8421709430404e-13,39ecfa59c8c9eed650bbe18740b32c4953c7c2b626aaf0cee3847b74d4079833,False,2112,0
2112,2136,2184,1854,82231,76300,162444,5904,0.5,4,NormalHK,156,120,1,True,1380,1390,Automatic2HourRefinementDisabled,0,5997,-1,0,Optimization terminated successfully. (HiGHS Status 7: Optimal),33254.2981916747,2.82177813318428e-08,1,35.5830597000022,-8868299,0,0.0803386652366625,0.0960974078126335,0.298696556145284,-2.8421709430404e-13,39ecfa59c8c9eed650bbe18740b32c4953c7c2b626aaf0cee3847b74d4079833,False,2136,0
2136,2160,2208,1924,84113,77620,165646,5974,0.5,4,NormalHK,164,120,1,True,1390,1448,Automatic2HourRefinementDisabled,0,5521,-1,0,Optimization terminated successfully. (HiGHS Status 7: Optimal),27444.128086649,2.25538032412788e-08,1,91.6453503000012,-8921542.6,-2.36525465879822e-14,0.080338665236664,0.0945825854353612,0.294011615863077,-2.8421709430404e-13,39ecfa59c8c9eed650bbe18740b32c4953c7c2b626aaf0cee3847b74d4079833,False,2160,0
2160,2184,2232,1934,82416,80479,166808,5984,0.5,4,NormalHK,167,120,1,True,1448,1481,Automatic2HourRefinementDisabled,2.27373675443232e-13,5068,-1,0,Optimization terminated successfully. (HiGHS Status 7: Optimal),16451.180595691,1.15129868684978e-07,1,119.790754099995,-9022280.6,1.48077106132405e-14,0.0803386652366632,0.0963174786821828,0.297443066669049,-2.8421709430404e-13,39ecfa59c8c9eed650bbe18740b32c4953c7c2b626aaf0cee3847b74d4079833,False,2184,0
2184,2208,2256,1987,91804,84444,180161,6037,0.5,4,NormalHK,148,120,1,True,1481,1450,Automatic2HourRefinementDisabled,2.27373675443232e-13,4531,-1,0,Optimization terminated successfully. (HiGHS Status 7: Optimal),7175.91768160505,2.096970319401e-07,1,116.259568000001,-9107277.9,-1.26021859614411e-14,0.080338665236663,0.0960671805799246,0.288201269743972,-2.8421709430404e-13,39ecfa59c8c9eed650bbe18740b32c4953c7c2b626aaf0cee3847b74d4079833,False,2208,0
2208,2232,2280,1955,86462,80600,170975,6005,0.5,4,NormalHK,168,120,1,True,1450,1489,Automatic2HourRefinementDisabled,1.13686837721616e-13,4065,-1,0,Optimization terminated successfully. (HiGHS Status 7: Optimal),5172.90316706073,5.4509110906858e-07,1,115.672728600002,-9125633.4,-1.43643319461262e-14,0.0803386652366632,0.100477857779672,0.291440503292651,0,39ecfa59c8c9eed650bbe18740b32c4953c7c2b626aaf0cee3847b74d4079833,False,2232,0
2232,2256,2304,2010,91556,83803,179272,6060,0.5,4,NormalHK,164,120,1,True,1489,1489,Automatic2HourRefinementDisabled,1.13686837721616e-13,3544,-1,1,Time limit reached. (HiGHS Status 13: Time limit reached),10703.6254011761,0.0220236291449618,0,124.405277899998,-9074950.58702292,-1.21758603199851e-14,0.0803386652366638,0.100793503968928,0.283608405780636,-2.8421709430404e-13,39ecfa59c8c9eed650bbe18740b32c4953c7c2b626aaf0cee3847b74d4079833,False,2256,0
2256,2280,2328,1967,88190,82686,174789,6017,0.5,4,NormalHK,160,120,1,True,1489,1464,Automatic2HourRefinementDisabled,1.13686837721616e-13,3041,-1,0,Optimization terminated successfully. (HiGHS Status 7: Optimal),17555.0672079421,6.90921061012837e-08,1,88.6608891999931,-9012165,2.22371454583481e-14,0.0803386652366634,0.105327871302784,0.289850100615423,-2.8421709430404e-13,39ecfa59c8c9eed650bbe18740b32c4953c7c2b626aaf0cee3847b74d4079833,False,2280,0
2280,2304,2352,2004,90017,81994,175924,6054,0.5,4,NormalHK,175,120,1,True,1464,1482,Automatic2HourRefinementDisabled,1.13686837721616e-13,2519,-1,0,Optimization terminated successfully. (HiGHS Status 7: Optimal),19674.2522901527,0.00692938641270557,1,90.0231686999905,-8992745.09536842,0,0.0803386652366618,0.106411298149197,0.290073955737562,-2.8421709430404e-13,39ecfa59c8c9eed650bbe18740b32c4953c7c2b626aaf0cee3847b74d4079833,False,2304,0
2304,2328,2376,1981,87623,81781,173317,6031,0.5,4,NormalHK,152,120,1,True,1482,1511,Automatic2HourRefinementDisabled,2.27373675443232e-13,2049,-1,0,Optimization terminated successfully. (HiGHS Status 7: Optimal),13335.789856207,1.88581036030573e-07,1,104.633760199999,-9050830.1,0,0.0803386652366628,0.111528389681167,0.291307973663752,-2.8421709430404e-13,39ecfa59c8c9eed650bbe18740b32c4953c7c2b626aaf0cee3847b74d4079833,False,2328,0
2328,2352,2400,2049,89854,83956,177723,6099,0.5,4,NormalHK,179,120,1,True,1511,1498,Automatic2HourRefinementDisabled,6.82121026329696e-13,1498,-1,0,Optimization terminated successfully. (HiGHS Status 7: Optimal),2007.31556051644,3.99083346157916e-07,1,82.3065408999973,-9154642.9,0,0.0803386652366638,0.115761341091483,0.289762899511883,-2.8421709430404e-13,39ecfa59c8c9eed650bbe18740b32c4953c7c2b626aaf0cee3847b74d4079833,False,2352,0
2352,2376,2406,1498,87190,44650,134781,4576,0.8,4,NormalHK,178,120,1,True,1498,997,Automatic2HourRefinementDisabled,2.27373675443232e-13,997,-1,0,Optimization terminated successfully. (HiGHS Status 7: Optimal),27315.8141198018,1.89049007512496e-07,1,23.7553286000038,-8922723.36,0,0.0871109667118371,0.255172681201032,0.272976551937361,-2.8421709430404e-13,39ecfa59c8c9eed650bbe18740b32c4953c7c2b626aaf0cee3847b74d4079833,False,2376,0
2376,2400,2406,997,90230,7358,99233,2779,4,4,NormalHK,206,120,1,True,997,27,Automatic2HourRefinementDisabled,0,27,-1,1,Time limit reached. (HiGHS Status 13: Time limit reached),163913.54270214,0.00553636550507474,0,120.715893800007,-7670967.99832135,0,0.0922295097712754,0.535062108117252,0.188088404561612,-2.8421709430404e-13,39ecfa59c8c9eed650bbe18740b32c4953c7c2b626aaf0cee3847b74d4079833,False,2400,0
2400,2406,2406,27,725,0,1074,405,0,4,NormalHK,27,240,1,True,27,0,Automatic2HourRefinementDisabled,0,0,-1,0,Optimization terminated successfully. (HiGHS Status 7: Optimal),918491.09310641,9.15128932771388e-06,1,0.0346963000047253,-756128.791559367,0,0.115092592592593,0.918480679272211,0.0946097760078779,-2.8421709430404e-13,39ecfa59c8c9eed650bbe18740b32c4953c7c2b626aaf0cee3847b74d4079833,False,2406,0
