Hour,Region,Available_GPU,NonAI_IT_Load_MW,Max_IT_Power_MW,PUE,Max_Facility_Power_MW,AI_IT_Margin_MW,AI_Facility_Margin_MW,Effective_AI_IT_Capacity_MW
2376,RegionA,630,309.804667,420,1.35,567.0,110.195333,110.195333,110.195333
2376,RegionB,585,326.364667,410,1.35,553.5,83.635333,83.635333,83.635333
2376,RegionC,540,344.690333,405,1.38,558.9,60.30966699999999,60.30966699999999,60.30966699999999
2376,RegionD,1472,306.754667,720,1.28,921.6,413.245333,413.245333,413.245333
2376,RegionE,1012,284.838667,560,1.25,700.0,275.161333,275.161333,275.161333
2376,RegionF,966,294.039333,540,1.27,685.8,245.960667,245.960667,245.960667
2377,RegionA,630,365.486667,420,1.35,567.0,54.51333299999999,54.51333299999999,54.51333299999999
2377,RegionB,585,352.361333,410,1.35,553.5,57.638667,57.638667,57.638667
2377,RegionC,540,328.52,405,1.38,558.9,76.48000000000002,76.48000000000002,76.48000000000002
2377,RegionD,1472,329.964667,720,1.28,921.6,390.035333,390.035333,390.035333
2377,RegionE,1012,278.656667,560,1.25,700.0,281.343333,281.343333,281.343333
2377,RegionF,966,289.888,540,1.27,685.8,250.11200000000002,250.11200000000002,250.11200000000002
2378,RegionA,630,386.013333,420,1.35,567.0,33.98666700000001,33.98666700000001,33.98666700000001
2378,RegionB,585,382.850667,410,1.35,553.5,27.149333000000013,27.149333000000013,27.149333000000013
2378,RegionC,540,365.282667,405,1.38,558.9,39.717332999999996,39.717332999999996,39.717332999999996
2378,RegionD,1472,348.947333,720,1.28,921.6,371.052667,371.052667,371.052667
2378,RegionE,1012,270.491,560,1.25,700.0,289.509,289.509,289.509
2378,RegionF,966,288.251333,540,1.27,685.8,251.748667,251.748667,251.748667
2379,RegionA,630,393.177333,420,1.35,567.0,26.822667000000024,26.822667000000024,26.822667000000024
2379,RegionB,585,383.332,410,1.35,553.5,26.668000000000006,26.668000000000006,26.668000000000006
2379,RegionC,540,363.225333,405,1.38,558.9,41.77466700000002,41.77466700000002,41.77466700000002
2379,RegionD,1472,373.827,720,1.28,921.6,346.173,346.173,346.173
2379,RegionE,1012,303.226,560,1.25,700.0,256.774,256.774,256.774
2379,RegionF,966,297.421333,540,1.27,685.8,242.578667,242.578667,242.578667
2380,RegionA,630,376.727333,420,1.35,567.0,43.27266700000001,43.27266700000001,43.27266700000001
2380,RegionB,585,361.266667,410,1.35,553.5,48.733333000000016,48.733333000000016,48.733333000000016
2380,RegionC,540,367.83,405,1.38,558.9,37.170000000000016,37.170000000000016,37.170000000000016
2380,RegionD,1472,401.420667,720,1.28,921.6,318.579333,318.579333,318.579333
2380,RegionE,1012,379.651333,560,1.25,700.0,180.34866699999998,180.34866699999998,180.34866699999998
2380,RegionF,966,273.648333,540,1.27,685.8,266.351667,266.351667,266.351667
2381,RegionA,630,374.448667,420,1.35,567.0,45.551333,45.551333,45.551333
2381,RegionB,585,353.538667,410,1.35,553.5,56.461333000000025,56.461333000000025,56.461333000000025
2381,RegionC,540,365.41,405,1.38,558.9,39.589999999999975,39.589999999999975,39.589999999999975
2381,RegionD,1472,402.656,720,1.28,921.6,317.344,317.344,317.344
2381,RegionE,1012,357.794667,560,1.25,700.0,202.205333,202.205333,202.205333
2381,RegionF,966,299.575333,540,1.27,685.8,240.424667,240.424667,240.424667
2382,RegionA,630,376.852,420,1.35,567.0,43.148000000000025,43.148000000000025,43.148000000000025
2382,RegionB,585,357.084,410,1.35,553.5,52.916,52.916,52.916
2382,RegionC,540,353.62,405,1.38,558.9,51.379999999999995,51.379999999999995,51.379999999999995
2382,RegionD,1472,364.554,720,1.28,921.6,355.446,355.446,355.446
2382,RegionE,1012,424.756667,560,1.25,700.0,135.243333,135.243333,135.243333
2382,RegionF,966,360.613333,540,1.27,685.8,179.386667,179.386667,179.386667
2383,RegionA,630,391.778667,420,1.35,567.0,28.221333000000016,28.221333000000016,28.221333000000016
2383,RegionB,585,367.330667,410,1.35,553.5,42.669332999999995,42.669332999999995,42.669332999999995
2383,RegionC,540,365.773333,405,1.38,558.9,39.22666700000002,39.22666700000002,39.22666700000002
2383,RegionD,1472,367.476,720,1.28,921.6,352.524,352.524,352.524
2383,RegionE,1012,381.65,560,1.25,700.0,178.35000000000002,178.35000000000002,178.35000000000002
2383,RegionF,966,399.154667,540,1.27,685.8,140.84533299999998,140.84533299999998,140.84533299999998
2384,RegionA,630,394.555333,420,1.35,567.0,25.44466699999998,25.44466699999998,25.44466699999998
2384,RegionB,585,363.42,410,1.35,553.5,46.579999999999984,46.579999999999984,46.579999999999984
2384,RegionC,540,379.268667,405,1.38,558.9,25.731333000000006,25.731333000000006,25.731333000000006
2384,RegionD,1472,382.357667,720,1.28,921.6,337.642333,337.642333,337.642333
2384,RegionE,1012,391.725,560,1.25,700.0,168.27499999999998,168.27499999999998,168.27499999999998
2384,RegionF,966,389.646,540,1.27,685.8,150.35399999999998,150.35399999999998,150.35399999999998
2385,RegionA,630,397.473333,420,1.35,567.0,22.526666999999975,22.526666999999975,22.526666999999975
2385,RegionB,585,361.14,410,1.35,553.5,48.860000000000014,48.860000000000014,48.860000000000014
2385,RegionC,540,380.261333,405,1.38,558.9,24.73866700000002,24.73866700000002,24.73866700000002
2385,RegionD,1472,376.262667,720,1.28,921.6,343.737333,343.737333,343.737333
2385,RegionE,1012,308.909333,560,1.25,700.0,251.090667,251.090667,251.090667
2385,RegionF,966,323.424,540,1.27,685.8,216.57600000000002,216.57600000000002,216.57600000000002
2386,RegionA,630,396.824,420,1.35,567.0,23.175999999999988,23.175999999999988,23.175999999999988
2386,RegionB,585,348.609333,410,1.35,553.5,61.39066700000001,61.39066700000001,61.39066700000001
2386,RegionC,540,381.109333,405,1.38,558.9,23.890667000000008,23.890667000000008,23.890667000000008
2386,RegionD,1472,345.526,720,1.28,921.6,374.474,374.474,374.474
2386,RegionE,1012,318.36,560,1.25,700.0,241.64,241.64,241.64
2386,RegionF,966,289.396,540,1.27,685.8,250.60399999999998,250.60399999999998,250.60399999999998
2387,RegionA,630,369.585,420,1.35,567.0,50.41500000000002,50.41500000000002,50.41500000000002
2387,RegionB,585,357.312667,410,1.35,553.5,52.687333000000024,52.687333000000024,52.687333000000024
2387,RegionC,540,367.186333,405,1.38,558.9,37.81366700000001,37.81366700000001,37.81366700000001
2387,RegionD,1472,284.687333,720,1.28,921.6,435.312667,435.312667,435.312667
2387,RegionE,1012,237.059,560,1.25,700.0,322.94100000000003,322.94100000000003,322.94100000000003
2387,RegionF,966,268.386667,540,1.27,685.8,271.613333,271.613333,271.613333
2388,RegionA,630,342.459333,420,1.35,567.0,77.54066699999998,77.54066699999998,77.54066699999998
2388,RegionB,585,309.892667,410,1.35,553.5,100.10733299999998,100.10733299999998,100.10733299999998
2388,RegionC,540,304.750667,405,1.38,558.9,100.24933299999998,100.24933299999998,100.24933299999998
2388,RegionD,1472,288.34,720,1.28,921.6,431.66,431.66,431.66
2388,RegionE,1012,276.284,560,1.25,700.0,283.716,283.716,283.716
2388,RegionF,966,183.54,540,1.27,685.8,356.46000000000004,356.46000000000004,356.46000000000004
2389,RegionA,630,315.173333,420,1.35,567.0,104.82666699999999,104.82666699999999,104.82666699999999
2389,RegionB,585,312.122667,410,1.35,553.5,97.87733300000002,97.87733300000002,97.87733300000002
2389,RegionC,540,323.67,405,1.38,558.9,81.32999999999998,81.32999999999998,81.32999999999998
2389,RegionD,1472,276.742333,720,1.28,921.6,443.257667,443.257667,443.257667
2389,RegionE,1012,255.563333,560,1.25,700.0,304.436667,304.436667,304.436667
2389,RegionF,966,249.668667,540,1.27,685.8,290.331333,290.331333,290.331333
2390,RegionA,630,303.77,420,1.35,567.0,116.23000000000002,116.23000000000002,116.23000000000002
2390,RegionB,585,283.511333,410,1.35,553.5,126.48866700000002,126.48866700000002,126.48866700000002
2390,RegionC,540,297.518667,405,1.38,558.9,107.481333,107.481333,107.481333
2390,RegionD,1472,220.578667,720,1.28,921.6,499.421333,499.421333,499.421333
2390,RegionE,1012,162.153,560,1.25,700.0,397.847,397.847,397.847
2390,RegionF,966,207.527,540,1.27,685.8,332.473,332.473,332.473
2391,RegionA,630,261.085667,420,1.35,567.0,158.914333,158.914333,158.914333
2391,RegionB,585,267.384667,410,1.35,553.5,142.61533300000002,142.61533300000002,142.61533300000002
2391,RegionC,540,287.315333,405,1.38,558.9,117.68466699999999,117.68466699999999,117.68466699999999
2391,RegionD,1472,163.742667,720,1.28,921.6,556.257333,556.257333,556.257333
2391,RegionE,1012,136.862,560,1.25,700.0,423.13800000000003,423.13800000000003,423.13800000000003
2391,RegionF,966,176.351333,540,1.27,685.8,363.648667,363.648667,363.648667
2392,RegionA,630,246.132333,420,1.35,567.0,173.867667,173.867667,173.867667
2392,RegionB,585,246.264,410,1.35,553.5,163.736,163.736,163.736
2392,RegionC,540,251.304667,405,1.38,558.9,153.695333,153.695333,153.695333
2392,RegionD,1472,135.089667,720,1.28,921.6,584.910333,584.910333,584.910333
2392,RegionE,1012,138.071333,560,1.25,700.0,421.928667,421.928667,421.928667
2392,RegionF,966,110.130667,540,1.27,685.8,429.869333,429.869333,429.869333
2393,RegionA,630,205.558333,420,1.35,567.0,214.441667,214.441667,214.441667
2393,RegionB,585,186.761333,410,1.35,553.5,223.238667,223.238667,223.238667
2393,RegionC,540,199.5,405,1.38,558.9,205.5,205.5,205.5
2393,RegionD,1472,162.847333,720,1.28,921.6,557.1526670000001,557.1526670000001,557.1526670000001
2393,RegionE,1012,122.781333,560,1.25,700.0,437.218667,437.218667,437.218667
2393,RegionF,966,114.762667,540,1.27,685.8,425.23733300000004,425.23733300000004,425.23733300000004
2394,RegionA,630,216.963667,420,1.35,567.0,203.036333,203.036333,203.036333
2394,RegionB,585,204.92,410,1.35,553.5,205.08,205.08,205.08
2394,RegionC,540,221.473,405,1.38,558.9,183.527,183.527,183.527
2394,RegionD,1472,152.298667,720,1.28,921.6,567.701333,567.701333,567.701333
2394,RegionE,1012,111.780667,560,1.25,700.0,448.219333,448.219333,448.219333
2394,RegionF,966,159.15,540,1.27,685.8,380.85,380.85,380.85
2395,RegionA,630,224.566,420,1.35,567.0,195.434,195.434,195.434
2395,RegionB,585,193.223333,410,1.35,553.5,216.776667,216.776667,216.776667
2395,RegionC,540,229.516,405,1.38,558.9,175.484,175.484,175.484
2395,RegionD,1472,135.815333,720,1.28,921.6,584.184667,584.184667,584.184667
2395,RegionE,1012,86.956667,560,1.25,700.0,473.043333,473.043333,473.043333
2395,RegionF,966,165.802,540,1.27,685.8,374.198,374.198,374.198
2396,RegionA,630,219.676,420,1.35,567.0,200.324,200.324,200.324
2396,RegionB,585,192.422667,410,1.35,553.5,217.577333,217.577333,217.577333
2396,RegionC,540,227.382333,405,1.38,558.9,177.617667,177.617667,177.617667
2396,RegionD,1472,149.052333,720,1.28,921.6,570.947667,570.947667,570.947667
2396,RegionE,1012,127.568667,560,1.25,700.0,432.431333,432.431333,432.431333
2396,RegionF,966,129.38,540,1.27,685.8,410.62,410.62,410.62
2397,RegionA,630,207.508667,420,1.35,567.0,212.491333,212.491333,212.491333
2397,RegionB,585,240.434667,410,1.35,553.5,169.565333,169.565333,169.565333
2397,RegionC,540,275.196667,405,1.38,558.9,129.803333,129.803333,129.803333
2397,RegionD,1472,170.268333,720,1.28,921.6,549.731667,549.731667,549.731667
2397,RegionE,1012,160.878,560,1.25,700.0,399.122,399.122,399.122
2397,RegionF,966,166.16,540,1.27,685.8,373.84000000000003,373.84000000000003,373.84000000000003
2398,RegionA,630,260.890667,420,1.35,567.0,159.109333,159.109333,159.109333
2398,RegionB,585,273.081,410,1.35,553.5,136.91899999999998,136.91899999999998,136.91899999999998
2398,RegionC,540,288.158667,405,1.38,558.9,116.84133300000002,116.84133300000002,116.84133300000002
2398,RegionD,1472,192.122667,720,1.28,921.6,527.877333,527.877333,527.877333
2398,RegionE,1012,202.833333,560,1.25,700.0,357.16666699999996,357.16666699999996,357.16666699999996
2398,RegionF,966,179.29,540,1.27,685.8,360.71000000000004,360.71000000000004,360.71000000000004
2399,RegionA,630,302.28,420,1.35,567.0,117.72000000000003,117.72000000000003,117.72000000000003
2399,RegionB,585,283.883333,410,1.35,553.5,126.116667,126.116667,126.116667
2399,RegionC,540,316.006667,405,1.38,558.9,88.993333,88.993333,88.993333
2399,RegionD,1472,238.008667,720,1.28,921.6,481.991333,481.991333,481.991333
2399,RegionE,1012,226.501333,560,1.25,700.0,333.498667,333.498667,333.498667
2399,RegionF,966,216.338,540,1.27,685.8,323.66200000000003,323.66200000000003,323.66200000000003
2400,RegionA,630,367.981667,420,1.35,567.0,52.018332999999984,52.018332999999984,52.018332999999984
2400,RegionB,585,325.436667,410,1.35,553.5,84.563333,84.563333,84.563333
2400,RegionC,540,337.659333,405,1.38,558.9,67.340667,67.340667,67.340667
2400,RegionD,1472,296.44,720,1.28,921.6,423.56,423.56,423.56
2400,RegionE,1012,346.67,560,1.25,700.0,213.32999999999998,213.32999999999998,213.32999999999998
2400,RegionF,966,358.41,540,1.27,685.8,181.58999999999997,181.58999999999997,181.58999999999997
2401,RegionA,630,393.03,420,1.35,567.0,26.970000000000027,26.970000000000027,26.970000000000027
2401,RegionB,585,381.385333,410,1.35,553.5,28.614666999999997,28.614666999999997,28.614666999999997
2401,RegionC,540,357.876,405,1.38,558.9,47.124000000000024,47.124000000000024,47.124000000000024
2401,RegionD,1472,304.584,720,1.28,921.6,415.416,415.416,415.416
2401,RegionE,1012,382.138333,560,1.25,700.0,177.861667,177.861667,177.861667
2401,RegionF,966,314.83,540,1.27,685.8,225.17000000000002,225.17000000000002,225.17000000000002
2402,RegionA,630,395.664,420,1.35,567.0,24.336000000000013,24.336000000000013,24.336000000000013
2402,RegionB,585,361.789333,410,1.35,553.5,48.210667,48.210667,48.210667
2402,RegionC,540,357.1,405,1.38,558.9,47.89999999999998,47.89999999999998,47.89999999999998
2402,RegionD,1472,309.091667,720,1.28,921.6,410.908333,410.908333,410.908333
2402,RegionE,1012,382.82,560,1.25,700.0,177.18,177.18,177.18
2402,RegionF,966,319.95,540,1.27,685.8,220.05,220.05,220.05
2403,RegionA,630,392.285,420,1.35,567.0,27.714999999999975,27.714999999999975,27.714999999999975
2403,RegionB,585,363.532,410,1.35,553.5,46.46800000000002,46.46800000000002,46.46800000000002
2403,RegionC,540,357.1,405,1.38,558.9,47.89999999999998,47.89999999999998,47.89999999999998
2403,RegionD,1472,310.994333,720,1.28,921.6,409.005667,409.005667,409.005667
2403,RegionE,1012,390.24,560,1.25,700.0,169.76,169.76,169.76
2403,RegionF,966,331.53,540,1.27,685.8,208.47000000000003,208.47000000000003,208.47000000000003
2404,RegionA,630,390.553333,420,1.35,567.0,29.44666699999999,29.44666699999999,29.44666699999999
2404,RegionB,585,364.354667,410,1.35,553.5,45.645332999999994,45.645332999999994,45.645332999999994
2404,RegionC,540,355.5,405,1.38,558.9,49.5,49.5,49.5
2404,RegionD,1472,357.345667,720,1.28,921.6,362.654333,362.654333,362.654333
2404,RegionE,1012,376.258333,560,1.25,700.0,183.741667,183.741667,183.741667
2404,RegionF,966,339.75,540,1.27,685.8,200.25,200.25,200.25
2405,RegionA,630,390.19,420,1.35,567.0,29.810000000000002,29.810000000000002,29.810000000000002
2405,RegionB,585,376.153333,410,1.35,553.5,33.846667000000025,33.846667000000025,33.846667000000025
2405,RegionC,540,362.527333,405,1.38,558.9,42.472667,42.472667,42.472667
2405,RegionD,1472,359.761333,720,1.28,921.6,360.238667,360.238667,360.238667
2405,RegionE,1012,402.854,560,1.25,700.0,157.14600000000002,157.14600000000002,157.14600000000002
2405,RegionF,966,374.923333,540,1.27,685.8,165.076667,165.076667,165.076667
