Hour,Region,Available_GPU,NonAI_IT_Load_MW,Max_IT_Power_MW,PUE,Max_Facility_Power_MW,AI_IT_Margin_MW,AI_Facility_Margin_MW,Effective_AI_IT_Capacity_MW,Scheduled_GPU_Equivalent,Scheduled_AI_IT_Load_MW,Total_IT_Load_MW,Total_Facility_Load_MW,GPU_Slack,IT_Slack_MW,Facility_Slack_MW,GPU_Utilization,AI_IT_Capacity_Utilization
2376,RegionA,630,309.804667,420,1.35,567,110.195333,110.195333,110.195333,14,1.34,311.144667,420.04530045,616,108.855333,146.95469955,0.0222222222222222,0.0121602246076973
2376,RegionB,585,326.364667,410,1.35,553.5,83.635333,83.635333,83.635333,37,3.48,329.844667,445.29030045,548,80.155333,108.20969955,0.0632478632478632,0.0416092083952126
2376,RegionC,540,344.690333,405,1.38,558.9,60.309667,60.309667,60.309667,7,0.56,345.250333,476.44545954,533,59.749667,82.45454046,0.012962962962963,0.00928541024774685
2376,RegionD,1472,306.754667,720,1.28,921.6,413.245333,413.245333,413.245333,129,20.04,326.794667,418.29717376,1343,393.205333,503.30282624,0.0876358695652174,0.0484941955775215
2376,RegionE,1012,284.838667,560,1.25,700,275.161333,275.161333,275.161333,128.999999999999,19.5599999999999,304.398667,380.49833375,883.000000000001,255.601333,319.50166625,0.127470355731224,0.0710855692794594
2376,RegionF,966,294.039333,540,1.27,685.8,245.960667,245.960667,245.960667,141,21.54,315.579333,400.78575291,825,224.420667,285.01424709,0.145962732919255,0.0875749779943474
2377,RegionA,630,365.486667,420,1.35,567,54.513333,54.513333,54.513333,60.5666666666643,5.59666666666643,371.083333666666,500.96250045,569.433333333336,48.9166663333336,66.0374995500003,0.0961375661375624,0.102666015058489
2377,RegionB,585,352.361333,410,1.35,553.5,57.638667,57.638667,57.638667,42.6666666666679,4.01333333333343,356.374666333333,481.10579955,542.333333333332,53.6253336666666,72.3942004499998,0.072934472934475,0.0696291837098424
2377,RegionC,540,328.52,405,1.38,558.9,76.48,76.48,76.48,120.25,18.42,346.94,478.7772,419.75,58.06,80.1228,0.222685185185185,0.240847280334728
2377,RegionD,1472,329.964667,720,1.28,921.6,390.035333,390.035333,390.035333,274.533333333337,43.3253333333339,373.290000333334,477.811200426667,1197.46666666666,346.709999666666,443.788799573333,0.186503623188408,0.11108053467898
2377,RegionE,1012,278.656667,560,1.25,700,281.343333,281.343333,281.343333,492,75.02,353.676667,442.09583375,520,206.323333,257.90416625,0.486166007905138,0.266649290033114
2377,RegionF,966,289.888,540,1.27,685.8,250.112,250.112,250.112,452.266666666663,71.1826666666661,361.070666666666,458.559746666666,513.733333333337,178.929333333334,227.240253333334,0.468184955141473,0.284603164448991
2378,RegionA,630,386.013333,420,1.35,567,33.986667,33.986667,33.986667,64.7500000000005,5.88000000000004,391.893333,529.05599955,565.25,28.106667,37.9440004499999,0.102777777777778,0.173009021449501
2378,RegionB,585,382.850667,410,1.35,553.5,27.149333,27.149333,27.149333,60.8999999999996,5.83199999999997,388.682667,524.72160045,524.1,21.317333,28.77839955,0.104102564102563,0.214811907165453
2378,RegionC,540,365.282667,405,1.38,558.9,39.717333,39.717333,39.717333,155.866666666667,23.0493333333333,388.332000333333,535.89816046,384.133333333333,16.6679996666667,23.00183954,0.288641975308642,0.580334367701208
2378,RegionD,1472,348.947333,720,1.28,921.6,371.052667,371.052667,371.052667,382.600000000006,59.2360000000009,408.183333000001,522.474666240001,1089.39999999999,311.816666999999,399.125333759999,0.259918478260873,0.159643105327689
2378,RegionE,1012,270.491,560,1.25,700,289.509,289.509,289.509,722.733333333359,110.651000000004,381.142000000004,476.427500000005,289.266666666641,178.857999999996,223.572499999995,0.714163372859051,0.382202280412712
2378,RegionF,966,288.251333,540,1.27,685.8,251.748667,251.748667,251.748667,737,116.2,404.451333,513.65319291,229,135.548667,172.14680709,0.762939958592132,0.461571460872919
2379,RegionA,630,393.177333,420,1.35,567,26.822667,26.822667,26.822667,92.0833333333362,8.60266666666696,401.779999666667,542.40299955,537.916666666664,18.2200003333331,24.5970004499997,0.146164021164026,0.320723761983361
2379,RegionB,585,383.332,410,1.35,553.5,26.668,26.668,26.668,74.8499999999999,7.24799999999999,390.58,527.283,510.15,19.42,26.217,0.127948717948718,0.271786410679466
2379,RegionC,540,363.225333,405,1.38,558.9,41.774667,41.774667,41.774667,180.1,25.548,388.773333,536.50719954,359.9,16.226667,22.3928004600001,0.333518518518519,0.61156681392577
2379,RegionD,1472,373.827,720,1.28,921.6,346.173,346.173,346.173,514.599999999999,80.1629999999998,453.99,581.1072,957.400000000001,266.01,340.4928,0.349592391304347,0.231569186505013
2379,RegionE,1012,303.226,560,1.25,700,256.774,256.774,256.774,688,106.24,409.466,511.8325,324,150.534,188.1675,0.679841897233202,0.41374905558974
2379,RegionF,966,297.421333,540,1.27,685.8,242.578667,242.578667,242.578667,812.866666666652,127.798666666664,425.219999666664,540.029399576664,153.133333333348,114.780000333336,145.770600423336,0.8414768806073,0.526833906077423
2380,RegionA,630,376.727333,420,1.35,567,43.272667,43.272667,43.272667,192.866666666667,26.1266666666667,402.853999666667,543.85289955,437.133333333333,17.1460003333333,23.1471004499999,0.306137566137567,0.603768347965858
2380,RegionB,585,361.266667,410,1.35,553.5,48.733333,48.733333,48.733333,241.666666666666,32.3333333333333,393.600000333333,531.36000045,343.333333333334,16.3999996666668,22.1399995500001,0.413105413105412,0.663474696740592
2380,RegionC,540,367.83,405,1.38,558.9,37.17,37.17,37.17,160.099999999987,20.9699999999979,388.799999999998,536.543999999997,379.900000000013,16.2000000000021,22.356000000003,0.296481481481458,0.564164648910355
2380,RegionD,1472,401.420667,720,1.28,921.6,318.579333,318.579333,318.579333,408.18333333333,62.0693333333328,463.490000333333,593.267200426666,1063.81666666667,256.509999666667,328.332799573334,0.277298460144925,0.19483163816321
2380,RegionE,1012,379.651333,560,1.25,700,180.348667,180.348667,180.348667,530.866666666653,79.8986666666644,459.549999666664,574.437499583331,481.133333333347,100.450000333336,125.562500416669,0.524571805006574,0.443023328066319
2380,RegionF,966,273.648333,540,1.27,685.8,266.351667,266.351667,266.351667,956.150000000002,150.295,423.943333,538.40803291,9.84999999999809,116.056667,147.39196709,0.989803312629402,0.564272796535567
2381,RegionA,630,374.448667,420,1.35,567,45.551333,45.551333,45.551333,219.016666666669,28.7513333333336,403.200000333334,544.32000045,410.983333333331,16.7999996666664,22.6799995499996,0.347645502645507,0.631185333990854
2381,RegionB,585,353.538667,410,1.35,553.5,56.461333,56.461333,56.461333,289.983333333334,40.0613333333334,393.600000333333,531.36000045,295.016666666666,16.3999996666666,22.1399995499999,0.495698005698006,0.709535733655693
2381,RegionC,540,365.41,405,1.38,558.9,39.59,39.59,39.59,187.699999999998,23.3899999999998,388.8,536.544,352.300000000002,16.2000000000002,22.3560000000002,0.347592592592589,0.590805759030054
2381,RegionD,1472,402.656,720,1.28,921.6,317.344,317.344,317.344,464.400000000002,71.0640000000004,473.72,606.361600000001,1007.6,246.28,315.2384,0.315489130434784,0.223933649289101
2381,RegionE,1012,357.794667,560,1.25,700,202.205333,202.205333,202.205333,585.36666666662,88.1986666666593,445.993333666659,557.491667083324,426.63333333338,114.006666333341,142.508332916676,0.578425559947253,0.436183681993488
2381,RegionF,966,299.575333,540,1.27,685.8,240.424667,240.424667,240.424667,894.483333333326,141.234666666666,440.809999666666,559.828699576666,71.5166666666737,99.1900003333341,125.971300423334,0.925966183574872,0.587438337459217
2382,RegionA,630,376.852,420,1.35,567,43.148,43.148,43.148,204.016666666685,26.3480000000027,403.200000000003,544.320000000004,425.983333333315,16.7999999999973,22.6799999999964,0.323835978836007,0.610642439974105
2382,RegionB,585,357.084,410,1.35,553.5,52.916,52.916,52.916,259.400000000001,36.5160000000001,393.6,531.36,325.599999999999,16.3999999999999,22.1399999999999,0.443418803418805,0.690074835588482
2382,RegionC,540,353.62,405,1.38,558.9,51.38,51.38,51.38,268,35.18,388.8,536.544,272,16.2,22.356,0.496296296296296,0.684702218762164
2382,RegionD,1472,364.554,720,1.28,921.6,355.446,355.446,355.446,522.116666666665,79.2359999999998,443.79,568.0512,949.883333333335,276.21,353.5488,0.354698822463767,0.222919937205651
2382,RegionE,1012,424.756667,560,1.25,700,135.243333,135.243333,135.243333,333.583333333352,47.5533333333358,472.310000333336,590.38750041667,678.416666666648,87.6899996666642,109.61249958333,0.329627799736514,0.351613142611147
2382,RegionF,966,360.613333,540,1.27,685.8,179.386667,179.386667,179.386667,661.666666666683,105.246666666669,465.859999666669,591.64219957667,304.333333333317,74.1400003333306,94.1578004233298,0.684955141476898,0.58670283821411
2383,RegionA,630,391.778667,420,1.35,567,28.221333,28.221333,28.221333,120.649999999999,11.4213333333333,403.200000333333,544.32000045,509.350000000001,16.7999996666667,22.67999955,0.191507936507935,0.404705664800925
2383,RegionB,585,367.330667,410,1.35,553.5,42.669333,42.669333,42.669333,190.116666666666,26.2693333333333,393.600000333333,531.36000045,394.883333333334,16.3999996666667,22.13999955,0.324985754985754,0.615649026745586
2383,RegionC,540,365.773333,405,1.38,558.9,39.226667,39.226667,39.226667,177.666666666679,23.0266666666684,388.799999666668,536.543999540002,362.333333333321,16.2000003333317,22.3560004599977,0.329012345679036,0.587015630633832
2383,RegionD,1472,367.476,720,1.28,921.6,352.524,352.524,352.524,624.700000000007,95.574000000001,463.050000000001,592.704000000001,847.299999999993,256.949999999999,328.895999999999,0.424388586956527,0.271113456105119
2383,RegionE,1012,381.65,560,1.25,700,178.35,178.35,178.35,513.999999999998,78.0999999999998,459.75,574.6875,498.000000000002,100.25,125.3125,0.507905138339919,0.437902999719651
2383,RegionF,966,399.154667,540,1.27,685.8,140.845333,140.845333,140.845333,465.733333333365,74.2753333333384,473.430000333338,601.25610042334,500.266666666635,66.5699996666616,84.5438995766601,0.482125603864767,0.527353883520857
2384,RegionA,630,394.555333,420,1.35,567,25.444667,25.444667,25.444667,94.36666666667,8.64466666666697,403.199999666667,544.31999955,535.63333333333,16.800000333333,22.6800004499995,0.149788359788365,0.339743753245699
2384,RegionB,585,363.42,410,1.35,553.5,46.58,46.58,46.58,217,30.18,393.6,531.36,368,16.4,22.14,0.370940170940171,0.647917561185058
2384,RegionC,540,379.268667,405,1.38,558.9,25.731333,25.731333,25.731333,90.5333333333315,9.53133333333315,388.800000333333,536.54400046,449.466666666669,16.1999996666668,22.3559995400002,0.167654320987651,0.370417394751106
2384,RegionD,1472,382.357667,720,1.28,921.6,337.642333,337.642333,337.642333,475.833333333314,73.46233333333,455.82000033333,583.449600426662,996.166666666686,264.17999966667,338.150399573338,0.323256340579697,0.217574415745226
2384,RegionE,1012,391.725,560,1.25,700,168.275,168.275,168.275,637.249999999998,99.5249999999998,491.25,614.0625,374.750000000002,68.7500000000002,85.9375000000002,0.629693675889326,0.591442579111572
2384,RegionF,966,389.646,540,1.27,685.8,150.354,150.354,150.354,385,61.52,451.166,572.98082,581,88.834,112.81918,0.398550724637681,0.409167697567075
2385,RegionA,630,397.473333,420,1.35,567,22.526667,22.526667,22.526667,64.6833333333361,5.72666666666693,403.199999666667,544.31999955,565.316666666664,16.8000003333331,22.6800004499996,0.102671957671962,0.254217220269068
2385,RegionB,585,361.14,410,1.35,553.5,48.86,48.86,48.86,243.233333333338,32.4600000000007,393.600000000001,531.360000000001,341.766666666662,16.3999999999993,22.139999999999,0.415783475783483,0.664347114203862
2385,RegionC,540,380.261333,405,1.38,558.9,24.738667,24.738667,24.738667,90.2333333333331,8.53866666666667,388.799999666667,536.54399954,449.766666666667,16.2000003333334,22.3560004600001,0.167098765432098,0.345154678975495
2385,RegionD,1472,376.262667,720,1.28,921.6,343.737333,343.737333,343.737333,333.233333333344,50.3673333333347,426.630000333335,546.086400426668,1138.76666666666,293.369999666665,375.513599573332,0.226381340579717,0.146528551012336
2385,RegionE,1012,308.909333,560,1.25,700,251.090667,251.090667,251.090667,731.216666666674,115.680666666668,424.589999666668,530.737499583335,280.783333333326,135.410000333332,169.262500416665,0.72254611330699,0.460712729982384
2385,RegionF,966,323.424,540,1.27,685.8,216.576,216.576,216.576,755.600000000002,120.256,443.68,563.4736,210.399999999998,96.3199999999997,122.3264,0.782194616977228,0.555260047281325
2386,RegionA,630,396.824,420,1.35,567,23.176,23.176,23.176,71.1999999999998,6.37599999999999,403.2,544.32,558.8,16.8,22.6799999999999,0.113015873015873,0.275112185018985
2386,RegionB,585,348.609333,410,1.35,553.5,61.390667,61.390667,61.390667,347.133333333332,44.9906666666665,393.599999666667,531.35999955,237.866666666668,16.4000003333335,22.1400004500001,0.593390313390311,0.73285841098072
2386,RegionC,540,381.109333,405,1.38,558.9,23.890667,23.890667,23.890667,79.633333333335,7.6906666666668,388.799999666667,536.54399954,460.366666666665,16.2000003333332,22.3560004599998,0.147469135802472,0.321910923067439
2386,RegionD,1472,345.526,720,1.28,921.6,374.474,374.474,374.474,376.400000000018,53.9040000000029,399.430000000003,511.270400000004,1095.59999999998,320.569999999997,410.329599999996,0.255706521739143,0.143945908127141
2386,RegionE,1012,318.36,560,1.25,700,241.64,241.64,241.64,691.950000000021,109.020000000003,427.380000000003,534.225000000004,320.049999999979,132.619999999997,165.774999999996,0.683745059288558,0.451167025326947
2386,RegionF,966,289.396,540,1.27,685.8,250.604,250.604,250.604,845.799999999981,133.967999999997,423.363999999997,537.672279999996,120.200000000019,116.636000000003,148.127720000004,0.875569358178034,0.534580453624032
2387,RegionA,630,369.585,420,1.35,567,50.415,50.415,50.415,62.1666666666697,5.5350000000003,375.12,506.412,567.83333333333,44.8799999999997,60.5879999999996,0.0986772486772535,0.109788753347224
2387,RegionB,585,357.312667,410,1.35,553.5,52.687333,52.687333,52.687333,299.133333333325,36.2873333333321,393.600000333332,531.360000449998,285.866666666675,16.3999996666679,22.1399995500017,0.511339031339018,0.688729743320508
2387,RegionC,540,367.186333,405,1.38,558.9,37.813667,37.813667,37.813667,167.666666666666,21.6136666666666,388.799999666667,536.54399954,372.333333333334,16.2000003333334,22.3560004600001,0.310493827160493,0.571583461256656
2387,RegionD,1472,284.687333,720,1.28,921.6,435.312667,435.312667,435.312667,453.666666666667,66.7626666666664,351.449999666666,449.855999573333,1018.33333333333,368.550000333334,471.744000426667,0.308197463768116,0.15336715820095
2387,RegionE,1012,237.059,560,1.25,700,322.941,322.941,322.941,777.533333333344,119.991000000002,357.050000000002,446.312500000002,234.466666666656,202.949999999998,253.687499999998,0.768313570487494,0.371557033637729
2387,RegionF,966,268.386667,540,1.27,685.8,271.613333,271.613333,271.613333,843.083333333333,133.573333333333,401.960000333333,510.489200423333,122.916666666667,138.039999666667,175.310799576667,0.87275707384403,0.491777527479968
2388,RegionA,630,342.459333,420,1.35,567,77.540667,77.540667,77.540667,231.599999999977,28.6306666666631,371.089999666663,500.971499549995,398.400000000023,48.9100003333369,66.0285004500047,0.367619047619011,0.369234206699087
2388,RegionB,585,309.892667,410,1.35,553.5,100.107333,100.107333,100.107333,274.966666666667,33.7373333333333,343.630000333333,463.90050045,310.033333333333,66.3699996666667,89.59949955,0.47002849002849,0.337011608663407
2388,RegionC,540,304.750667,405,1.38,558.9,100.249333,100.249333,100.249333,172.866666666667,22.1493333333333,326.900000333333,451.12200046,367.133333333333,78.0999996666666,107.77799954,0.320123456790124,0.22094245089225
2388,RegionD,1472,288.34,720,1.28,921.6,431.66,431.66,431.66,371.499999999969,53.719999999995,342.059999999995,437.836799999994,1100.50000000003,377.940000000005,483.763200000006,0.252377717391283,0.124449798452474
2388,RegionE,1012,276.284,560,1.25,700,283.716,283.716,283.716,562.000000000002,86.8660000000005,363.15,453.937500000001,449.999999999998,196.85,246.062499999999,0.555335968379448,0.306172369552653
2388,RegionF,966,183.54,540,1.27,685.8,356.46,356.46,356.46,893.499999999961,141.679999999994,325.219999999994,413.029399999992,72.5000000000387,214.780000000006,272.770600000008,0.924948240165591,0.397463951074437
2389,RegionA,630,315.173333,420,1.35,567,104.826667,104.826667,104.826667,143.250000000003,13.7466666666669,328.919999666667,444.04199955,486.749999999997,91.0800003333331,122.95800045,0.227380952380957,0.131137114820859
2389,RegionB,585,312.122667,410,1.35,553.5,97.877333,97.877333,97.877333,238.783333333353,29.1783333333365,341.301000333337,460.756350450004,346.216666666647,68.6989996666635,92.7436495499957,0.408176638176672,0.298111242296892
2389,RegionC,540,323.67,405,1.38,558.9,81.33,81.33,81.33,157.766666666667,20.752,344.422,475.30236,382.233333333333,60.578,83.59764,0.292160493827161,0.255157998278618
2389,RegionD,1472,276.742333,720,1.28,921.6,443.257667,443.257667,443.257667,390.433333333326,56.9986666666654,333.740999666665,427.188479573332,1081.56666666667,386.259000333335,494.411520426668,0.265240036231879,0.1285903683346
2389,RegionE,1012,255.563333,560,1.25,700,304.436667,304.436667,304.436667,543.86666666669,83.3586666666705,338.92199966667,423.652499583338,468.13333333331,221.07800033333,276.347500416662,0.537417654808983,0.273812834334671
2389,RegionF,966,249.668667,540,1.27,685.8,290.331333,290.331333,290.331333,686.633333333341,108.161333333335,357.830000333335,454.444100423335,279.366666666659,182.169999666665,231.355899576665,0.710800552104908,0.372544472605492
2390,RegionA,630,303.77,420,1.35,567,116.23,116.23,116.23,136.066666666663,13.2499999999996,317.02,427.976999999999,493.933333333337,102.98,139.023000000001,0.215978835978829,0.113998107201235
2390,RegionB,585,283.511333,410,1.35,553.5,126.488667,126.488667,126.488667,185.55,21.7886666666666,305.299999666667,412.15499955,399.45,104.700000333333,141.34500045,0.317179487179487,0.172257856639968
2390,RegionC,540,297.518667,405,1.38,558.9,107.481333,107.481333,107.481333,69.6666666666592,7.06133333333208,304.580000333332,420.320400459998,470.333333333341,100.419999666668,138.579599540002,0.129012345678999,0.0656982299738698
2390,RegionD,1472,220.578667,720,1.28,921.6,499.421333,499.421333,499.421333,689.033333333334,102.923333333333,323.502000333333,414.082560426667,782.966666666666,396.497999666667,507.517439573333,0.46809329710145,0.206085176047803
2390,RegionE,1012,162.153,560,1.25,700,397.847,397.847,397.847,989.600000000025,153.820000000004,315.973000000004,394.966250000005,22.3999999999746,244.026999999996,305.033749999995,0.977865612648246,0.386631041581322
2390,RegionF,966,207.527,540,1.27,685.8,332.473,332.473,332.473,658.516666666673,103.276000000001,310.803000000001,394.719810000001,307.483333333327,229.196999999999,291.080189999999,0.68169427191167,0.310629735346933
2391,RegionA,630,261.085667,420,1.35,567,158.914333,158.914333,158.914333,203.283333333344,23.5853333333352,284.671000333335,384.305850450002,426.716666666656,135.328999666665,182.694149549998,0.322671957671975,0.148415393930107
2391,RegionB,585,267.384667,410,1.35,553.5,142.615333,142.615333,142.615333,198.100000000009,23.7033333333349,291.088000333335,392.968800450002,386.899999999991,118.911999666665,160.531199549998,0.338632478632495,0.166204662813745
2391,RegionC,540,287.315333,405,1.38,558.9,117.684667,117.684667,117.684667,47.4000000000033,4.29866666666698,291.613999666667,402.42731954,492.599999999997,113.386000333333,156.47268046,0.0877777777777838,0.0365269901020069
2391,RegionD,1472,163.742667,720,1.28,921.6,556.257333,556.257333,556.257333,742.483333333339,111.936333333334,275.679000333334,352.869120426668,729.516666666661,444.320999666666,568.730879573332,0.504404438405801,0.201231204862758
2391,RegionE,1012,136.862,560,1.25,700,423.138,423.138,423.138,993.649999999997,153.65,290.512,363.14,18.3500000000026,269.488,336.86,0.981867588932804,0.363120305904928
2391,RegionF,966,176.351333,540,1.27,685.8,363.648667,363.648667,363.648667,705.316666666665,110.101666666667,286.452999666667,363.795309576667,260.683333333335,253.547000333333,322.004690423333,0.730141476880606,0.302769339359813
2392,RegionA,630,246.132333,420,1.35,567,173.867667,173.867667,173.867667,157.633333333334,15.3126666666667,261.444999666667,352.95074955,472.366666666666,158.555000333333,214.04925045,0.250211640211641,0.0880708123073091
2392,RegionB,585,246.264,410,1.35,553.5,163.736,163.736,163.736,122.349999999998,15.1599999999998,261.424,352.9224,462.650000000002,148.576,200.5776,0.209145299145295,0.09258806859823
2392,RegionC,540,251.304667,405,1.38,558.9,153.695333,153.695333,153.695333,66.8166666666675,7.4253333333334,258.730000333333,357.04740046,473.183333333332,146.269999666667,201.85259954,0.123734567901236,0.0483120286634429
2392,RegionD,1472,135.089667,720,1.28,921.6,584.910333,584.910333,584.910333,831.533333333359,126.060333333337,261.150000333337,334.272000426672,640.466666666641,458.849999666663,587.327999573328,0.564900362318858,0.215520783650333
2392,RegionE,1012,138.071333,560,1.25,700,421.928667,421.928667,421.928667,883.416666666654,136.588666666665,274.659999666665,343.324999583331,128.583333333346,285.340000333335,356.675000416669,0.872941370223966,0.323724547179594
2392,RegionF,966,110.130667,540,1.27,685.8,429.869333,429.869333,429.869333,895.88333333329,141.143333333326,251.274000333326,319.117980423325,70.1166666667095,288.725999666674,366.682019576675,0.927415458937154,0.328340084993517
2393,RegionA,630,205.558333,420,1.35,567,214.441667,214.441667,214.441667,161.78333333333,15.4016666666663,220.959999666666,298.29599955,468.21666666667,199.040000333334,268.70400045,0.256798941798937,0.0718221737507121
2393,RegionB,585,186.761333,410,1.35,553.5,223.238667,223.238667,223.238667,110.133333333333,13.7186666666666,200.479999666667,270.64799955,474.866666666667,209.520000333333,282.85200045,0.188262108262107,0.0614529142779132
2393,RegionC,540,199.5,405,1.38,558.9,205.5,205.5,205.5,76.4999999999982,8.34999999999982,207.85,286.833,463.500000000002,197.15,272.067,0.141666666666663,0.0406326034063252
2393,RegionD,1472,162.847333,720,1.28,921.6,557.152667,557.152667,557.152667,586.466666666685,88.5926666666696,251.43999966667,321.843199573337,885.533333333315,468.56000033333,599.756800426663,0.398414855072476,0.159009678879756
2393,RegionE,1012,122.781333,560,1.25,700,437.218667,437.218667,437.218667,685.28333333334,107.118666666668,229.899999666668,287.374999583335,326.71666666666,330.100000333332,412.625000416665,0.677157444005276,0.245000213283821
2393,RegionF,966,114.762667,540,1.27,685.8,425.237333,425.237333,425.237333,639.333333333342,99.9333333333347,214.696000333335,272.663920423335,326.666666666658,325.303999666665,413.136079576665,0.66183574879228,0.23500602035178
2394,RegionA,630,216.963667,420,1.35,567,203.036333,203.036333,203.036333,143.033333333336,13.5563333333336,230.520000333334,311.20200045,486.966666666664,189.479999666666,255.79799955,0.227037037037041,0.0667680169998616
2394,RegionB,585,204.92,410,1.35,553.5,205.08,205.08,205.08,175.516666666665,20.0399999999998,224.96,303.696,409.483333333335,185.04,249.804,0.300028490028487,0.0977179637214737
2394,RegionC,540,221.473,405,1.38,558.9,183.527,183.527,183.527,54.3999999999983,6.22699999999983,227.7,314.226,485.600000000002,177.3,244.674,0.100740740740738,0.0339296125365741
2394,RegionD,1472,152.298667,720,1.28,921.6,567.701333,567.701333,567.701333,643.683333333337,97.841333333334,250.140000333334,320.179200426667,828.316666666663,469.859999666666,601.420799573332,0.437284873188408,0.172346492153356
2394,RegionE,1012,111.780667,560,1.25,700,448.219333,448.219333,448.219333,812.633333333352,127.479333333336,239.260000333336,299.07500041667,199.366666666648,320.739999666664,400.92499958333,0.802997364953905,0.284412839758824
2394,RegionF,966,159.15,540,1.27,685.8,380.85,380.85,380.85,681.349999999989,106.279999999998,265.429999999998,337.096099999998,284.650000000011,274.570000000002,348.703900000002,0.705331262939947,0.27905999737429
2395,RegionA,630,224.566,420,1.35,567,195.434,195.434,195.434,101.783333333336,9.52400000000031,234.09,316.0215,528.216666666664,185.91,250.9785,0.161560846560852,0.0487325644463108
2395,RegionB,585,193.223333,410,1.35,553.5,216.776667,216.776667,216.776667,260.61666666667,35.306666666667,228.529999666667,308.51549955,324.38333333333,181.470000333333,244.98450045,0.445498575498581,0.162871157469484
2395,RegionC,540,229.516,405,1.38,558.9,175.484,175.484,175.484,51.1999999999998,5.864,235.38,324.8244,488.8,169.62,234.0756,0.0948148148148145,0.0334161518998883
2395,RegionD,1472,135.815333,720,1.28,921.6,584.184667,584.184667,584.184667,695.033333333307,103.984666666663,239.799999666663,306.943999573328,776.966666666693,480.200000333337,614.656000426672,0.472169384057953,0.177999650693781
2395,RegionE,1012,86.956667,560,1.25,700,473.043333,473.043333,473.043333,917.633333333403,145.633333333345,232.590000333345,290.737500416681,94.3666666665968,327.409999666655,409.262499583319,0.906752305665418,0.307864677871582
2395,RegionF,966,165.802,540,1.27,685.8,374.198,374.198,374.198,622.099999999993,97.0479999999988,262.849999999999,333.819499999999,343.900000000007,277.150000000001,351.980500000001,0.643995859213243,0.2593493284304
2396,RegionA,630,219.676,420,1.35,567,200.324,200.324,200.324,184.950000000004,23.4340000000004,243.11,328.198500000001,445.049999999996,176.89,238.801499999999,0.293571428571435,0.116980491603604
2396,RegionB,585,192.422667,410,1.35,553.5,217.577333,217.577333,217.577333,248.533333333335,32.7173333333337,225.140000333334,303.939000450001,336.466666666665,184.859999666666,249.560999549999,0.424843304843308,0.150371056038883
2396,RegionC,540,227.382333,405,1.38,558.9,177.617667,177.617667,177.617667,48.4166666666633,5.58766666666632,232.969999666666,321.498599539999,491.583333333337,172.030000333334,237.401400460001,0.0896604938271543,0.0314589576647593
2396,RegionD,1472,149.052333,720,1.28,921.6,570.947667,570.947667,570.947667,721.866666666652,105.887666666664,254.939999666664,326.32319957333,750.133333333348,465.060000333336,595.27680042667,0.490398550724628,0.185459496179471
2396,RegionE,1012,127.568667,560,1.25,700,432.431333,432.431333,432.431333,676.133333333341,106.201333333335,233.770000333335,292.212500416668,335.866666666659,326.229999666665,407.787499583332,0.668115942028993,0.245591207733633
2396,RegionF,966,129.38,540,1.27,685.8,410.62,410.62,410.62,652.599999999995,102.22,231.6,294.131999999999,313.400000000005,308.4,391.668000000001,0.675569358178049,0.248940626369878
2397,RegionA,630,207.508667,420,1.35,567,212.491333,212.491333,212.491333,351.266666666667,49.7613333333334,257.270000333333,347.31450045,278.733333333333,162.729999666667,219.68549955,0.557566137566139,0.23418053165177
2397,RegionB,585,240.434667,410,1.35,553.5,169.565333,169.565333,169.565333,170.066666666661,20.4053333333327,260.840000333333,352.134000449999,414.933333333339,149.159999666667,201.365999550001,0.290712250712241,0.120339063252585
2397,RegionC,540,275.196667,405,1.38,558.9,129.803333,129.803333,129.803333,40.0166666666696,4.37333333333379,279.570000333334,385.806600460001,499.98333333333,125.429999666666,173.093399539999,0.0741049382716104,0.0336919956695857
2397,RegionD,1472,170.268333,720,1.28,921.6,549.731667,549.731667,549.731667,591.466666666648,85.4816666666635,255.749999666664,327.359999573329,880.533333333352,464.250000333336,594.240000426671,0.401811594202886,0.155497075751802
2397,RegionE,1012,160.878,560,1.25,700,399.122,399.122,399.122,692.699999999979,106.511999999997,267.389999999997,334.237499999996,319.300000000021,292.610000000003,365.762500000004,0.684486166007884,0.266865770365945
2397,RegionF,966,166.16,540,1.27,685.8,373.84,373.84,373.84,657.499999999999,101,267.16,339.2932,308.500000000001,272.84,346.5068,0.680641821946169,0.270169056280761
2398,RegionA,630,260.890667,420,1.35,567,159.109333,159.109333,159.109333,311.516666666663,43.6593333333327,304.550000333333,411.142500449999,318.483333333337,115.449999666667,155.857499550001,0.494470899470894,0.274398317874494
2398,RegionB,585,273.081,410,1.35,553.5,136.919,136.919,136.919,169.850000000004,20.2390000000009,293.320000000001,395.982000000001,415.149999999996,116.679999999999,157.517999999999,0.290341880341886,0.147817322650625
2398,RegionC,540,288.158667,405,1.38,558.9,116.841333,116.841333,116.841333,48.7666666666664,5.50133333333331,293.660000333333,405.25080046,491.233333333334,111.339999666667,153.64919954,0.0903086419753082,0.0470837946819155
2398,RegionD,1472,192.122667,720,1.28,921.6,527.877333,527.877333,527.877333,654.983333333348,98.3973333333357,290.520000333336,371.86560042667,817.016666666652,429.479999666664,549.73439957333,0.444961503623198,0.186401891466205
2398,RegionE,1012,202.833333,560,1.25,700,357.166667,357.166667,357.166667,658.166666666647,99.1866666666635,302.019999666663,377.524999583329,353.833333333353,257.980000333337,322.475000416671,0.65036231884056,0.277704152797281
2398,RegionF,966,179.29,540,1.27,685.8,360.71,360.71,360.71,722.300000000005,110.410000000001,289.700000000001,367.919000000001,243.699999999995,250.299999999999,317.880999999999,0.74772256728779,0.306090765434839
2399,RegionA,630,302.28,420,1.35,567,117.72,117.72,117.72,169.5,22.14,324.42,437.967,460.5,95.58,129.033,0.269047619047619,0.188073394495413
2399,RegionB,585,283.883333,410,1.35,553.5,126.116667,126.116667,126.116667,184.36666666667,21.076666666667,304.959999666667,411.69599955,400.63333333333,105.040000333333,141.80400045,0.315156695156701,0.167120390730489
2399,RegionC,540,316.006667,405,1.38,558.9,88.993333,88.993333,88.993333,103.333333333336,12.9933333333336,329.000000333334,454.02000046,436.666666666664,75.9999996666664,104.87999954,0.191358024691363,0.146003446497881
2399,RegionD,1472,238.008667,720,1.28,921.6,481.991333,481.991333,481.991333,493.63333333334,74.4413333333342,312.450000333334,399.936000426668,978.36666666666,407.549999666666,521.663999573332,0.335348731884062,0.154445377409586
2399,RegionE,1012,226.501333,560,1.25,700,333.498667,333.498667,333.498667,575.166666666669,86.5786666666675,313.079999666668,391.349999583334,436.833333333331,246.920000333332,308.650000416666,0.568346508563902,0.259607234552057
2399,RegionF,966,216.338,540,1.27,685.8,323.662,323.662,323.662,795.24999999999,123.931999999998,340.269999999999,432.142899999998,170.75000000001,199.730000000001,253.657100000002,0.82324016563146,0.382905623768
2400,RegionA,630,367.981667,420,1.35,567,52.018333,52.018333,52.018333,157.233333333334,21.1586666666667,389.140333666667,525.33945045,472.766666666666,30.8596663333333,41.6605495499999,0.249576719576721,0.406754031634707
2400,RegionB,585,325.436667,410,1.35,553.5,84.563333,84.563333,84.563333,100.533333333337,10.1966666666673,335.633333666667,453.105000450001,484.466666666663,74.3666663333327,100.394999549999,0.171851851851859,0.120580236196075
2400,RegionC,540,337.659333,405,1.38,558.9,67.340667,67.340667,67.340667,86.0000000000009,11.3400000000001,348.999333,481.61907954,453.999999999999,56.0006669999999,77.2809204599999,0.159259259259261,0.16839750042868
2400,RegionD,1472,296.44,720,1.28,921.6,423.56,423.56,423.56,362.649999999988,54.7959999999982,351.235999999998,449.582079999998,1109.35000000001,368.764000000002,472.017920000002,0.246365489130427,0.129370101048253
2400,RegionE,1012,346.67,560,1.25,700,213.33,213.33,213.33,434.099999999999,66.7669999999998,413.437,516.79625,577.900000000001,146.563,183.20375,0.42895256916996,0.312975202737542
2400,RegionF,966,358.41,540,1.27,685.8,181.59,181.59,181.59,583.61666666668,91.8166666666687,450.226666666669,571.787866666669,382.38333333332,89.7733333333313,114.012133333331,0.604158040027619,0.505626227582293
2401,RegionA,630,393.03,420,1.35,567,26.97,26.97,26.97,117.433333333333,17.2973333333333,410.327333333333,553.9419,512.566666666667,9.67266666666671,13.0581000000001,0.186402116402116,0.641354591521443
2401,RegionB,585,381.385333,410,1.35,553.5,28.614667,28.614667,28.614667,56.7333333333318,5.60466666666652,386.989999666667,522.43649955,528.266666666668,23.0100003333335,31.0635004500002,0.0969800569800543,0.195866919110627
2401,RegionC,540,357.876,405,1.38,558.9,47.124,47.124,47.124,77.6499999999996,10.672,368.548,508.59624,462.35,36.4520000000001,50.3037600000001,0.143796296296296,0.226466344113402
2401,RegionD,1472,304.584,720,1.28,921.6,415.416,415.416,415.416,213.349999999999,31.6749999999999,336.259,430.41152,1258.65,383.741,491.18848,0.144938858695651,0.0762488686040015
2401,RegionE,1012,382.138333,560,1.25,700,177.861667,177.861667,177.861667,368.699999999996,56.5119999999994,438.650332999999,548.312916249999,643.300000000004,121.349667000001,151.687083750001,0.364328063241103,0.317730070527223
2401,RegionF,966,314.83,540,1.27,685.8,225.17,225.17,225.17,370.64999999999,59.2239999999983,374.053999999998,475.048579999998,595.35000000001,165.946000000002,210.751420000002,0.383695652173902,0.263019052271609
2402,RegionA,630,395.664,420,1.35,567,24.336,24.336,24.336,67.0333333333228,10.2159999999983,405.879999999998,547.937999999998,562.966666666677,14.1200000000018,19.0620000000024,0.1064021164021,0.419789612097233
2402,RegionB,585,361.789333,410,1.35,553.5,48.210667,48.210667,48.210667,31.8666666666686,3.18666666666686,364.975999666667,492.71759955,553.133333333331,45.0240003333332,60.7824004499997,0.0544729344729378,0.0660987881928051
2402,RegionC,540,357.1,405,1.38,558.9,47.9,47.9,47.9,69.3166666666607,9.75866666666574,366.858666666666,506.264959999999,470.683333333339,38.1413333333342,52.6350400000013,0.128364197530853,0.203729993041039
2402,RegionD,1472,309.091667,720,1.28,921.6,410.908333,410.908333,410.908333,167.166666666658,25.8926666666655,334.984333666666,428.779947093332,1304.83333333334,385.015666333334,492.820052906668,0.113564311594197,0.0630132430696301
2402,RegionE,1012,382.82,560,1.25,700,177.18,177.18,177.18,302.48333333334,46.9293333333341,429.749333333334,537.186666666668,709.51666666666,130.250666666666,162.813333333332,0.298896574440059,0.264868119050311
2402,RegionF,966,319.95,540,1.27,685.8,220.05,220.05,220.05,181.399999999996,29.0239999999994,348.973999999999,443.196979999999,784.600000000004,191.026000000001,242.603020000001,0.187784679089023,0.131897296069072
2403,RegionA,630,392.285,420,1.35,567,27.715,27.715,27.715,4,0.32,392.605,530.01675,626,27.395,36.9832499999999,0.00634920634920635,0.0115460941728306
2403,RegionB,585,363.532,410,1.35,553.5,46.468,46.468,46.468,27.5,2.75,366.282,494.4807,557.5,43.718,59.0193,0.047008547008547,0.0591805113196178
2403,RegionC,540,357.1,405,1.38,558.9,47.9,47.9,47.9,27.0166666666682,3.44800000000032,360.548,497.55624,512.983333333332,44.4519999999997,61.3437599999995,0.0500308641975338,0.0719832985386289
2403,RegionD,1472,310.994333,720,1.28,921.6,409.005667,409.005667,409.005667,123,19.68,330.674333,423.26314624,1349,389.325667,498.33685376,0.0835597826086956,0.0481166927205436
2403,RegionE,1012,390.24,560,1.25,700,169.76,169.76,169.76,258.48333333334,40.843000000001,431.083000000001,538.853750000001,753.51666666666,128.916999999999,161.146249999999,0.255418313570494,0.240592601319516
2403,RegionF,966,331.53,540,1.27,685.8,208.47,208.47,208.47,61,9.76,341.29,433.4383,905,198.71,252.3617,0.0631469979296066,0.0468172878591644
2404,RegionA,630,390.553333,420,1.35,567,29.446667,29.446667,29.446667,4,0.32,390.873333,527.67899955,626,29.126667,39.3210004499999,0.00634920634920635,0.010867104246467
2404,RegionB,585,364.354667,410,1.35,553.5,45.645333,45.645333,45.645333,1.6666666666697,0.16666666666697,364.521333666667,492.10380045,583.33333333333,45.478666333333,61.3961995499996,0.00284900284900803,0.00365134079900282
2404,RegionC,540,355.5,405,1.38,558.9,49.5,49.5,49.5,7.699999999998,0.7699999999998,356.27,491.6526,532.300000000002,48.7300000000002,67.2474000000003,0.0142592592592556,0.0155555555555515
2404,RegionD,1472,357.345667,720,1.28,921.6,362.654333,362.654333,362.654333,8.19999999999254,1.31199999999881,358.657666999999,459.081813759999,1463.80000000001,361.342333000001,462.518186240002,0.00557065217390798,0.00361777009292981
2404,RegionE,1012,376.258333,560,1.25,700,183.741667,183.741667,183.741667,120.716666666693,19.0926666666708,395.350999666671,494.188749583339,891.283333333307,164.649000333329,205.811250416661,0.119285243741792,0.103910381234708
2404,RegionF,966,339.75,540,1.27,685.8,200.25,200.25,200.25,0,0,339.75,431.4825,966,200.25,254.3175,0,0
2405,RegionA,630,390.19,420,1.35,567,29.81,29.81,29.81,2.39999999999964,0.191999999999971,390.382,527.0157,627.6,29.6180000000001,39.9843000000001,0.00380952380952323,0.0064407916806431
2405,RegionB,585,376.153333,410,1.35,553.5,33.846667,33.846667,33.846667,0,0,376.153333,507.80699955,585,33.846667,45.69300045,0,0
2405,RegionC,540,362.527333,405,1.38,558.9,42.472667,42.472667,42.472667,0,0,362.527333,500.28771954,540,42.472667,58.61228046,0,0
2405,RegionD,1472,359.761333,720,1.28,921.6,360.238667,360.238667,360.238667,0,0,359.761333,460.49450624,1472,360.238667,461.10549376,0,0
2405,RegionE,1012,402.854,560,1.25,700,157.146,157.146,157.146,17.2500000000105,2.76000000000167,405.614000000002,507.017500000002,994.74999999999,154.385999999998,192.982499999998,0.0170454545454649,0.017563285097945
2405,RegionF,966,374.923333,540,1.27,685.8,165.076667,165.076667,165.076667,0,0,374.923333,476.15263291,966,165.076667,209.64736709,0,0
