Split,AggregationLevel,Entity,ObservationCount,ActualTotal_GPU,WAPE,RMSE,MAE
test,BottomHourly,RegionA×AITraining,24,579,1.59997347619721,48.186266841398,38.5993601132577
test,BottomHourly,RegionA×BatchInference,24,513,0.69878246858304,20.7556651641448,14.9364752659625
test,BottomHourly,RegionA×RealTimeInference,24,208,0.629630282868401,6.14831865363809,5.45679578485947
test,BottomHourly,RegionB×AITraining,24,722,1.25101679526077,43.4799727017591,37.6347552574282
test,BottomHourly,RegionB×BatchInference,24,527,0.651942064142862,18.8145391894413,14.3155611584703
test,BottomHourly,RegionB×RealTimeInference,24,190,0.559436310081598,5.23699664559436,4.42887078814599
test,BottomHourly,RegionC×AITraining,24,424,1.45506311760576,31.9628233875729,25.7061150777018
test,BottomHourly,RegionC×BatchInference,24,309,0.757753033904111,11.4043824477186,9.75607031151542
test,BottomHourly,RegionC×RealTimeInference,24,156,0.654447237911871,5.76240519267527,4.25390704642716
test,BottomHourly,RegionD×AITraining,24,3626,0.56053101571507,101.956684580598,84.6868942909518
test,BottomHourly,RegionD×BatchInference,24,537,0.659011376859193,18.6790445777608,14.7453795572244
test,BottomHourly,RegionD×RealTimeInference,24,30,1.32323545376053,2.45956344128627,1.65404431720066
test,BottomHourly,RegionE×AITraining,24,4189,0.571132917458503,141.623052908903,99.6864913014029
test,BottomHourly,RegionE×BatchInference,24,462,0.707138630841602,19.1492405557749,13.6124186437008
test,BottomHourly,RegionE×RealTimeInference,24,31,1.32637396624156,2.1295411145926,1.71323303972868
test,BottomHourly,RegionF×AITraining,24,4696,0.469787930860816,117.897537865601,91.9218384717663
test,BottomHourly,RegionF×BatchInference,24,235,1.00054569865234,11.6433430436771,9.79700996597079
test,BottomHourly,RegionF×RealTimeInference,24,15,1.72167344104445,1.54741339004291,1.07604590065278
test,RegionHourly,RegionA,24,1300,0.787628205125317,57.8873576919636,42.663194444288
test,RegionHourly,RegionB,24,1439,0.619546753145904,46.1274799426884,37.1469907407065
test,RegionHourly,RegionC,24,889,0.764341957252145,36.1068774227437,28.3124999998815
test,RegionHourly,RegionD,24,4193,0.487134642394178,103.871039762024,85.1064814816161
test,RegionHourly,RegionE,24,4682,0.551805970857191,152.553704366728,107.648148148057
test,RegionHourly,RegionF,24,4946,0.416385856134589,113.577709195922,85.8101851850699
test,SystemDaily,ALL,1,17449,0.16006647945441,2793,2793
test,SystemHourly,ALL,24,17449,0.244273788373737,222.196828410208,177.597222222222
test,TaskTypeHourly,AITraining,24,14236,0.282445131279073,209.699461605248,167.537037037037
test,TaskTypeHourly,BatchInference,24,2583,0.23996644728352,36.3384935173586,25.8263888888889
test,TaskTypeHourly,RealTimeInference,24,630,0.329012345679012,10.4936415197813,8.63657407407407
validation,BottomHourly,RegionA×AITraining,24,461,1.66831464399842,38.959537971345,32.045543786803
validation,BottomHourly,RegionA×BatchInference,24,381,0.747189489218147,15.4454749493482,11.8616331413381
validation,BottomHourly,RegionA×RealTimeInference,24,180,0.677060040438078,5.94335117764391,5.07795030328559
validation,BottomHourly,RegionB×AITraining,24,864,1.19145505982118,60.3862478669507,42.8923821535625
validation,BottomHourly,RegionB×BatchInference,24,380,1.07946518473041,20.4302921387306,17.0915320915648
validation,BottomHourly,RegionB×RealTimeInference,24,234,0.577092066617614,7.36116830736305,5.62664764952173
validation,BottomHourly,RegionC×AITraining,24,458,1.53183160912356,43.1630905576259,29.2324532074413
validation,BottomHourly,RegionC×BatchInference,24,275,0.846643847731061,11.2375497848622,9.70112742191841
validation,BottomHourly,RegionC×RealTimeInference,24,196,0.635169025736544,6.85509648369831,5.18721371018177
validation,BottomHourly,RegionD×AITraining,24,3417,0.452362582564972,81.5872368285581,64.4051226926879
validation,BottomHourly,RegionD×BatchInference,24,506,0.616661808516448,17.6703439224964,13.0012864628884
validation,BottomHourly,RegionD×RealTimeInference,24,14,2.27839771390272,2.43381371869052,1.32906533310992
validation,BottomHourly,RegionE×AITraining,24,2714,0.81181887728608,106.019258784558,91.8031847064342
validation,BottomHourly,RegionE×BatchInference,24,275,0.936884712794149,13.1521888561549,10.7351373340996
validation,BottomHourly,RegionE×RealTimeInference,24,21,1.68191722950225,1.90014929320327,1.47167757581447
validation,BottomHourly,RegionF×AITraining,24,3493,0.510395563485358,105.739657647489,74.2838209689315
validation,BottomHourly,RegionF×BatchInference,24,242,0.912811555752211,11.7390508720419,9.20418318716813
validation,BottomHourly,RegionF×RealTimeInference,24,23,1.56280292493772,2.31827554498926,1.49768613639865
validation,RegionHourly,RegionA,24,1022,0.914709719505843,44.1813152682209,38.9513888889572
validation,RegionHourly,RegionB,24,1478,0.663227334236003,56.595374884631,40.8437500000339
validation,RegionHourly,RegionC,24,929,0.783189809832274,43.8170716033034,30.3159722222576
validation,RegionHourly,RegionD,24,3937,0.407205147743556,84.8992049432248,66.7986111110992
validation,RegionHourly,RegionE,24,3010,0.77072720561066,111.211188437316,96.6620370370036
validation,RegionHourly,RegionF,24,3758,0.470226479805983,103.709366578207,73.6296296296202
validation,SystemDaily,ALL,1,14134,0.0475920947125136,672.666666666668,672.666666666668
validation,SystemHourly,ALL,24,14134,0.276197663632219,181.788932692237,162.657407407407
validation,TaskTypeHourly,AITraining,24,11407,0.356277334580131,186.561091072497,169.335648148148
validation,TaskTypeHourly,BatchInference,24,2059,0.317387081107334,31.6882327879328,27.2291666666667
validation,TaskTypeHourly,RealTimeInference,24,668,0.361859614105123,11.8243641021305,10.0717592592593
