WindowStart,Stage,Metric,Value,Status,ElapsedSeconds,SolveMessage,BoundSource,CertifiedSafeBound,ExactIdealPoint,FallbackSourceMetric,ReferenceSource,CalibrationSource,CalibrationSignature,MetricDefinitionVersion,CalibrationReferenceTaskSeed,OptimizationRole
768,ContinuousLowerBound,Cost,-9345815.2,0,1.30709139999817,Optimization terminated successfully. (HiGHS Status 7: Optimal),OptimalContinuousRelaxation,True,True,,,REPRESENTATIVE_WINDOWS_CONTINUOUS_LB_AND_FEASIBLE_REFERENCE,20ecc3ae5bf171f43770c6103d4f3646bc5e58ad851e5bad7b95f86d897c2434,six_metrics_fixed_scaling_v2_document_compliant,V2_TASK_SCHEDULE_RECOMPUTED_WITH_V3_ENERGY:E:\python project\huashubei\question\question_04\outputs\matheuristic_v2\tables\q4_task_assignments.csv,REPORT_ONLY_DEGENERATE
768,ContinuousLowerBound,Carbon,0,0,1.25994379999611,Optimization terminated successfully. (HiGHS Status 7: Optimal),OptimalContinuousRelaxation,True,True,,,REPRESENTATIVE_WINDOWS_CONTINUOUS_LB_AND_FEASIBLE_REFERENCE,20ecc3ae5bf171f43770c6103d4f3646bc5e58ad851e5bad7b95f86d897c2434,six_metrics_fixed_scaling_v2_document_compliant,V2_TASK_SCHEDULE_RECOMPUTED_WITH_V3_ENERGY:E:\python project\huashubei\question\question_04\outputs\matheuristic_v2\tables\q4_task_assignments.csv,REPORT_ONLY_DEGENERATE
768,ContinuousLowerBound,Latency,1.17946974847043,0,0.913924599997699,Optimization terminated successfully. (HiGHS Status 7: Optimal),OptimalContinuousRelaxation,True,True,,,REPRESENTATIVE_WINDOWS_CONTINUOUS_LB_AND_FEASIBLE_REFERENCE,20ecc3ae5bf171f43770c6103d4f3646bc5e58ad851e5bad7b95f86d897c2434,six_metrics_fixed_scaling_v2_document_compliant,V2_TASK_SCHEDULE_RECOMPUTED_WITH_V3_ENERGY:E:\python project\huashubei\question\question_04\outputs\matheuristic_v2\tables\q4_task_assignments.csv,MINIMAX_ACTIVE
768,ContinuousLowerBound,Delay,0,0,2.70594410000194,Optimization terminated successfully. (HiGHS Status 7: Optimal),OptimalContinuousRelaxation,True,True,,,REPRESENTATIVE_WINDOWS_CONTINUOUS_LB_AND_FEASIBLE_REFERENCE,20ecc3ae5bf171f43770c6103d4f3646bc5e58ad851e5bad7b95f86d897c2434,six_metrics_fixed_scaling_v2_document_compliant,V2_TASK_SCHEDULE_RECOMPUTED_WITH_V3_ENERGY:E:\python project\huashubei\question\question_04\outputs\matheuristic_v2\tables\q4_task_assignments.csv,MINIMAX_ACTIVE
768,CertifiedSafeBound,RenewableUnusedRate,0,LP_NO_CERTIFIED_OPTIMUM,,窗口768没有得到可行解：Time limit reached. (HiGHS Status 13: model_status is Time limit reached; primal_status is None),CertifiedVariableBox,True,False,,,REPRESENTATIVE_WINDOWS_CONTINUOUS_LB_AND_FEASIBLE_REFERENCE,20ecc3ae5bf171f43770c6103d4f3646bc5e58ad851e5bad7b95f86d897c2434,six_metrics_fixed_scaling_v2_document_compliant,V2_TASK_SCHEDULE_RECOMPUTED_WITH_V3_ENERGY:E:\python project\huashubei\question\question_04\outputs\matheuristic_v2\tables\q4_task_assignments.csv,MINIMAX_ACTIVE
768,ContinuousLowerBound,Peak,0,0,3.59757820000232,Optimization terminated successfully. (HiGHS Status 7: Optimal),OptimalContinuousRelaxation,True,True,,,REPRESENTATIVE_WINDOWS_CONTINUOUS_LB_AND_FEASIBLE_REFERENCE,20ecc3ae5bf171f43770c6103d4f3646bc5e58ad851e5bad7b95f86d897c2434,six_metrics_fixed_scaling_v2_document_compliant,V2_TASK_SCHEDULE_RECOMPUTED_WITH_V3_ENERGY:E:\python project\huashubei\question\question_04\outputs\matheuristic_v2\tables\q4_task_assignments.csv,REPORT_ONLY_DEGENERATE
768,ReusedAuditedTaskSeedEnergyReference,Cost,-13771329.7148385,ENERGY_OPTIMAL,0.06006840000191,Optimization terminated successfully. (HiGHS Status 7: Optimal),FeasibleReferenceNotLowerBound,False,False,,V2_TASK_SCHEDULE_RECOMPUTED_WITH_V3_ENERGY:E:\python project\huashubei\question\question_04\outputs\matheuristic_v2\tables\q4_task_assignments.csv,REPRESENTATIVE_WINDOWS_CONTINUOUS_LB_AND_FEASIBLE_REFERENCE,20ecc3ae5bf171f43770c6103d4f3646bc5e58ad851e5bad7b95f86d897c2434,six_metrics_fixed_scaling_v2_document_compliant,V2_TASK_SCHEDULE_RECOMPUTED_WITH_V3_ENERGY:E:\python project\huashubei\question\question_04\outputs\matheuristic_v2\tables\q4_task_assignments.csv,REPORT_ONLY_DEGENERATE
768,ReusedAuditedTaskSeedEnergyReference,Carbon,2.95468538524801e-14,ENERGY_OPTIMAL,0.06006840000191,Optimization terminated successfully. (HiGHS Status 7: Optimal),FeasibleReferenceNotLowerBound,False,False,,V2_TASK_SCHEDULE_RECOMPUTED_WITH_V3_ENERGY:E:\python project\huashubei\question\question_04\outputs\matheuristic_v2\tables\q4_task_assignments.csv,REPRESENTATIVE_WINDOWS_CONTINUOUS_LB_AND_FEASIBLE_REFERENCE,20ecc3ae5bf171f43770c6103d4f3646bc5e58ad851e5bad7b95f86d897c2434,six_metrics_fixed_scaling_v2_document_compliant,V2_TASK_SCHEDULE_RECOMPUTED_WITH_V3_ENERGY:E:\python project\huashubei\question\question_04\outputs\matheuristic_v2\tables\q4_task_assignments.csv,REPORT_ONLY_DEGENERATE
768,ReusedAuditedTaskSeedEnergyReference,Latency,15.6817878585724,ENERGY_OPTIMAL,0.06006840000191,Optimization terminated successfully. (HiGHS Status 7: Optimal),FeasibleReferenceNotLowerBound,False,False,,V2_TASK_SCHEDULE_RECOMPUTED_WITH_V3_ENERGY:E:\python project\huashubei\question\question_04\outputs\matheuristic_v2\tables\q4_task_assignments.csv,REPRESENTATIVE_WINDOWS_CONTINUOUS_LB_AND_FEASIBLE_REFERENCE,20ecc3ae5bf171f43770c6103d4f3646bc5e58ad851e5bad7b95f86d897c2434,six_metrics_fixed_scaling_v2_document_compliant,V2_TASK_SCHEDULE_RECOMPUTED_WITH_V3_ENERGY:E:\python project\huashubei\question\question_04\outputs\matheuristic_v2\tables\q4_task_assignments.csv,MINIMAX_ACTIVE
768,ReusedAuditedTaskSeedEnergyReference,Delay,0.0292442808555359,ENERGY_OPTIMAL,0.06006840000191,Optimization terminated successfully. (HiGHS Status 7: Optimal),FeasibleReferenceNotLowerBound,False,False,,V2_TASK_SCHEDULE_RECOMPUTED_WITH_V3_ENERGY:E:\python project\huashubei\question\question_04\outputs\matheuristic_v2\tables\q4_task_assignments.csv,REPRESENTATIVE_WINDOWS_CONTINUOUS_LB_AND_FEASIBLE_REFERENCE,20ecc3ae5bf171f43770c6103d4f3646bc5e58ad851e5bad7b95f86d897c2434,six_metrics_fixed_scaling_v2_document_compliant,V2_TASK_SCHEDULE_RECOMPUTED_WITH_V3_ENERGY:E:\python project\huashubei\question\question_04\outputs\matheuristic_v2\tables\q4_task_assignments.csv,MINIMAX_ACTIVE
768,ReusedAuditedTaskSeedEnergyReference,RenewableUnusedRate,0.290783202088449,ENERGY_OPTIMAL,0.06006840000191,Optimization terminated successfully. (HiGHS Status 7: Optimal),FeasibleReferenceNotLowerBound,False,False,,V2_TASK_SCHEDULE_RECOMPUTED_WITH_V3_ENERGY:E:\python project\huashubei\question\question_04\outputs\matheuristic_v2\tables\q4_task_assignments.csv,REPRESENTATIVE_WINDOWS_CONTINUOUS_LB_AND_FEASIBLE_REFERENCE,20ecc3ae5bf171f43770c6103d4f3646bc5e58ad851e5bad7b95f86d897c2434,six_metrics_fixed_scaling_v2_document_compliant,V2_TASK_SCHEDULE_RECOMPUTED_WITH_V3_ENERGY:E:\python project\huashubei\question\question_04\outputs\matheuristic_v2\tables\q4_task_assignments.csv,MINIMAX_ACTIVE
768,ReusedAuditedTaskSeedEnergyReference,Peak,0,ENERGY_OPTIMAL,0.06006840000191,Optimization terminated successfully. (HiGHS Status 7: Optimal),FeasibleReferenceNotLowerBound,False,False,,V2_TASK_SCHEDULE_RECOMPUTED_WITH_V3_ENERGY:E:\python project\huashubei\question\question_04\outputs\matheuristic_v2\tables\q4_task_assignments.csv,REPRESENTATIVE_WINDOWS_CONTINUOUS_LB_AND_FEASIBLE_REFERENCE,20ecc3ae5bf171f43770c6103d4f3646bc5e58ad851e5bad7b95f86d897c2434,six_metrics_fixed_scaling_v2_document_compliant,V2_TASK_SCHEDULE_RECOMPUTED_WITH_V3_ENERGY:E:\python project\huashubei\question\question_04\outputs\matheuristic_v2\tables\q4_task_assignments.csv,REPORT_ONLY_DEGENERATE
1176,ContinuousLowerBound,Cost,-9250564.5,0,2.78612180000346,Optimization terminated successfully. (HiGHS Status 7: Optimal),OptimalContinuousRelaxation,True,True,,,REPRESENTATIVE_WINDOWS_CONTINUOUS_LB_AND_FEASIBLE_REFERENCE,20ecc3ae5bf171f43770c6103d4f3646bc5e58ad851e5bad7b95f86d897c2434,six_metrics_fixed_scaling_v2_document_compliant,V2_TASK_SCHEDULE_RECOMPUTED_WITH_V3_ENERGY:E:\python project\huashubei\question\question_04\outputs\matheuristic_v2\tables\q4_task_assignments.csv,REPORT_ONLY_DEGENERATE
1176,ContinuousLowerBound,Carbon,0,0,5.55368180000369,Optimization terminated successfully. (HiGHS Status 7: Optimal),OptimalContinuousRelaxation,True,True,,,REPRESENTATIVE_WINDOWS_CONTINUOUS_LB_AND_FEASIBLE_REFERENCE,20ecc3ae5bf171f43770c6103d4f3646bc5e58ad851e5bad7b95f86d897c2434,six_metrics_fixed_scaling_v2_document_compliant,V2_TASK_SCHEDULE_RECOMPUTED_WITH_V3_ENERGY:E:\python project\huashubei\question\question_04\outputs\matheuristic_v2\tables\q4_task_assignments.csv,REPORT_ONLY_DEGENERATE
1176,ContinuousLowerBound,Latency,1.01439790575916,0,1.09762500000215,Optimization terminated successfully. (HiGHS Status 7: Optimal),OptimalContinuousRelaxation,True,True,,,REPRESENTATIVE_WINDOWS_CONTINUOUS_LB_AND_FEASIBLE_REFERENCE,20ecc3ae5bf171f43770c6103d4f3646bc5e58ad851e5bad7b95f86d897c2434,six_metrics_fixed_scaling_v2_document_compliant,V2_TASK_SCHEDULE_RECOMPUTED_WITH_V3_ENERGY:E:\python project\huashubei\question\question_04\outputs\matheuristic_v2\tables\q4_task_assignments.csv,MINIMAX_ACTIVE
1176,ContinuousLowerBound,Delay,0,0,3.36457819999487,Optimization terminated successfully. (HiGHS Status 7: Optimal),OptimalContinuousRelaxation,True,True,,,REPRESENTATIVE_WINDOWS_CONTINUOUS_LB_AND_FEASIBLE_REFERENCE,20ecc3ae5bf171f43770c6103d4f3646bc5e58ad851e5bad7b95f86d897c2434,six_metrics_fixed_scaling_v2_document_compliant,V2_TASK_SCHEDULE_RECOMPUTED_WITH_V3_ENERGY:E:\python project\huashubei\question\question_04\outputs\matheuristic_v2\tables\q4_task_assignments.csv,MINIMAX_ACTIVE
1176,CertifiedSafeBound,RenewableUnusedRate,0,LP_NO_CERTIFIED_OPTIMUM,,窗口1176没有得到可行解：Time limit reached. (HiGHS Status 13: model_status is Time limit reached; primal_status is None),CertifiedVariableBox,True,False,,,REPRESENTATIVE_WINDOWS_CONTINUOUS_LB_AND_FEASIBLE_REFERENCE,20ecc3ae5bf171f43770c6103d4f3646bc5e58ad851e5bad7b95f86d897c2434,six_metrics_fixed_scaling_v2_document_compliant,V2_TASK_SCHEDULE_RECOMPUTED_WITH_V3_ENERGY:E:\python project\huashubei\question\question_04\outputs\matheuristic_v2\tables\q4_task_assignments.csv,MINIMAX_ACTIVE
1176,ContinuousLowerBound,Peak,0,0,6.27853019999748,Optimization terminated successfully. (HiGHS Status 7: Optimal),OptimalContinuousRelaxation,True,True,,,REPRESENTATIVE_WINDOWS_CONTINUOUS_LB_AND_FEASIBLE_REFERENCE,20ecc3ae5bf171f43770c6103d4f3646bc5e58ad851e5bad7b95f86d897c2434,six_metrics_fixed_scaling_v2_document_compliant,V2_TASK_SCHEDULE_RECOMPUTED_WITH_V3_ENERGY:E:\python project\huashubei\question\question_04\outputs\matheuristic_v2\tables\q4_task_assignments.csv,REPORT_ONLY_DEGENERATE
1176,ReusedAuditedTaskSeedEnergyReference,Cost,-13770787.1902319,ENERGY_OPTIMAL,0.0653986999968765,Optimization terminated successfully. (HiGHS Status 7: Optimal),FeasibleReferenceNotLowerBound,False,False,,V2_TASK_SCHEDULE_RECOMPUTED_WITH_V3_ENERGY:E:\python project\huashubei\question\question_04\outputs\matheuristic_v2\tables\q4_task_assignments.csv,REPRESENTATIVE_WINDOWS_CONTINUOUS_LB_AND_FEASIBLE_REFERENCE,20ecc3ae5bf171f43770c6103d4f3646bc5e58ad851e5bad7b95f86d897c2434,six_metrics_fixed_scaling_v2_document_compliant,V2_TASK_SCHEDULE_RECOMPUTED_WITH_V3_ENERGY:E:\python project\huashubei\question\question_04\outputs\matheuristic_v2\tables\q4_task_assignments.csv,REPORT_ONLY_DEGENERATE
1176,ReusedAuditedTaskSeedEnergyReference,Carbon,-6.25197671411115e-14,ENERGY_OPTIMAL,0.0653986999968765,Optimization terminated successfully. (HiGHS Status 7: Optimal),FeasibleReferenceNotLowerBound,False,False,,V2_TASK_SCHEDULE_RECOMPUTED_WITH_V3_ENERGY:E:\python project\huashubei\question\question_04\outputs\matheuristic_v2\tables\q4_task_assignments.csv,REPRESENTATIVE_WINDOWS_CONTINUOUS_LB_AND_FEASIBLE_REFERENCE,20ecc3ae5bf171f43770c6103d4f3646bc5e58ad851e5bad7b95f86d897c2434,six_metrics_fixed_scaling_v2_document_compliant,V2_TASK_SCHEDULE_RECOMPUTED_WITH_V3_ENERGY:E:\python project\huashubei\question\question_04\outputs\matheuristic_v2\tables\q4_task_assignments.csv,REPORT_ONLY_DEGENERATE
1176,ReusedAuditedTaskSeedEnergyReference,Latency,7.15122615803815,ENERGY_OPTIMAL,0.0653986999968765,Optimization terminated successfully. (HiGHS Status 7: Optimal),FeasibleReferenceNotLowerBound,False,False,,V2_TASK_SCHEDULE_RECOMPUTED_WITH_V3_ENERGY:E:\python project\huashubei\question\question_04\outputs\matheuristic_v2\tables\q4_task_assignments.csv,REPRESENTATIVE_WINDOWS_CONTINUOUS_LB_AND_FEASIBLE_REFERENCE,20ecc3ae5bf171f43770c6103d4f3646bc5e58ad851e5bad7b95f86d897c2434,six_metrics_fixed_scaling_v2_document_compliant,V2_TASK_SCHEDULE_RECOMPUTED_WITH_V3_ENERGY:E:\python project\huashubei\question\question_04\outputs\matheuristic_v2\tables\q4_task_assignments.csv,MINIMAX_ACTIVE
1176,ReusedAuditedTaskSeedEnergyReference,Delay,0.0342028520322172,ENERGY_OPTIMAL,0.0653986999968765,Optimization terminated successfully. (HiGHS Status 7: Optimal),FeasibleReferenceNotLowerBound,False,False,,V2_TASK_SCHEDULE_RECOMPUTED_WITH_V3_ENERGY:E:\python project\huashubei\question\question_04\outputs\matheuristic_v2\tables\q4_task_assignments.csv,REPRESENTATIVE_WINDOWS_CONTINUOUS_LB_AND_FEASIBLE_REFERENCE,20ecc3ae5bf171f43770c6103d4f3646bc5e58ad851e5bad7b95f86d897c2434,six_metrics_fixed_scaling_v2_document_compliant,V2_TASK_SCHEDULE_RECOMPUTED_WITH_V3_ENERGY:E:\python project\huashubei\question\question_04\outputs\matheuristic_v2\tables\q4_task_assignments.csv,MINIMAX_ACTIVE
1176,ReusedAuditedTaskSeedEnergyReference,RenewableUnusedRate,0.297740654232755,ENERGY_OPTIMAL,0.0653986999968765,Optimization terminated successfully. (HiGHS Status 7: Optimal),FeasibleReferenceNotLowerBound,False,False,,V2_TASK_SCHEDULE_RECOMPUTED_WITH_V3_ENERGY:E:\python project\huashubei\question\question_04\outputs\matheuristic_v2\tables\q4_task_assignments.csv,REPRESENTATIVE_WINDOWS_CONTINUOUS_LB_AND_FEASIBLE_REFERENCE,20ecc3ae5bf171f43770c6103d4f3646bc5e58ad851e5bad7b95f86d897c2434,six_metrics_fixed_scaling_v2_document_compliant,V2_TASK_SCHEDULE_RECOMPUTED_WITH_V3_ENERGY:E:\python project\huashubei\question\question_04\outputs\matheuristic_v2\tables\q4_task_assignments.csv,MINIMAX_ACTIVE
1176,ReusedAuditedTaskSeedEnergyReference,Peak,0,ENERGY_OPTIMAL,0.0653986999968765,Optimization terminated successfully. (HiGHS Status 7: Optimal),FeasibleReferenceNotLowerBound,False,False,,V2_TASK_SCHEDULE_RECOMPUTED_WITH_V3_ENERGY:E:\python project\huashubei\question\question_04\outputs\matheuristic_v2\tables\q4_task_assignments.csv,REPRESENTATIVE_WINDOWS_CONTINUOUS_LB_AND_FEASIBLE_REFERENCE,20ecc3ae5bf171f43770c6103d4f3646bc5e58ad851e5bad7b95f86d897c2434,six_metrics_fixed_scaling_v2_document_compliant,V2_TASK_SCHEDULE_RECOMPUTED_WITH_V3_ENERGY:E:\python project\huashubei\question\question_04\outputs\matheuristic_v2\tables\q4_task_assignments.csv,REPORT_ONLY_DEGENERATE
2352,ContinuousLowerBound,Cost,-8922723.36,0,0.936189300002297,Optimization terminated successfully. (HiGHS Status 7: Optimal),OptimalContinuousRelaxation,True,True,,,REPRESENTATIVE_WINDOWS_CONTINUOUS_LB_AND_FEASIBLE_REFERENCE,20ecc3ae5bf171f43770c6103d4f3646bc5e58ad851e5bad7b95f86d897c2434,six_metrics_fixed_scaling_v2_document_compliant,V2_TASK_SCHEDULE_RECOMPUTED_WITH_V3_ENERGY:E:\python project\huashubei\question\question_04\outputs\matheuristic_v2\tables\q4_task_assignments.csv,REPORT_ONLY_DEGENERATE
2352,ContinuousLowerBound,Carbon,0,0,1.97863240000152,Optimization terminated successfully. (HiGHS Status 7: Optimal),OptimalContinuousRelaxation,True,True,,,REPRESENTATIVE_WINDOWS_CONTINUOUS_LB_AND_FEASIBLE_REFERENCE,20ecc3ae5bf171f43770c6103d4f3646bc5e58ad851e5bad7b95f86d897c2434,six_metrics_fixed_scaling_v2_document_compliant,V2_TASK_SCHEDULE_RECOMPUTED_WITH_V3_ENERGY:E:\python project\huashubei\question\question_04\outputs\matheuristic_v2\tables\q4_task_assignments.csv,REPORT_ONLY_DEGENERATE
2352,ContinuousLowerBound,Latency,4.17736591929791,0,0.692321900001843,Optimization terminated successfully. (HiGHS Status 7: Optimal),OptimalContinuousRelaxation,True,True,,,REPRESENTATIVE_WINDOWS_CONTINUOUS_LB_AND_FEASIBLE_REFERENCE,20ecc3ae5bf171f43770c6103d4f3646bc5e58ad851e5bad7b95f86d897c2434,six_metrics_fixed_scaling_v2_document_compliant,V2_TASK_SCHEDULE_RECOMPUTED_WITH_V3_ENERGY:E:\python project\huashubei\question\question_04\outputs\matheuristic_v2\tables\q4_task_assignments.csv,MINIMAX_ACTIVE
2352,ContinuousLowerBound,Delay,0.0295373132316941,0,0.697849800002587,Optimization terminated successfully. (HiGHS Status 7: Optimal),OptimalContinuousRelaxation,True,True,,,REPRESENTATIVE_WINDOWS_CONTINUOUS_LB_AND_FEASIBLE_REFERENCE,20ecc3ae5bf171f43770c6103d4f3646bc5e58ad851e5bad7b95f86d897c2434,six_metrics_fixed_scaling_v2_document_compliant,V2_TASK_SCHEDULE_RECOMPUTED_WITH_V3_ENERGY:E:\python project\huashubei\question\question_04\outputs\matheuristic_v2\tables\q4_task_assignments.csv,MINIMAX_ACTIVE
2352,CertifiedSafeBound,RenewableUnusedRate,0,LP_NO_CERTIFIED_OPTIMUM,,窗口2352没有得到可行解：Time limit reached. (HiGHS Status 13: model_status is Time limit reached; primal_status is None),CertifiedVariableBox,True,False,,,REPRESENTATIVE_WINDOWS_CONTINUOUS_LB_AND_FEASIBLE_REFERENCE,20ecc3ae5bf171f43770c6103d4f3646bc5e58ad851e5bad7b95f86d897c2434,six_metrics_fixed_scaling_v2_document_compliant,V2_TASK_SCHEDULE_RECOMPUTED_WITH_V3_ENERGY:E:\python project\huashubei\question\question_04\outputs\matheuristic_v2\tables\q4_task_assignments.csv,MINIMAX_ACTIVE
2352,ContinuousLowerBound,Peak,0,0,1.82856470000115,Optimization terminated successfully. (HiGHS Status 7: Optimal),OptimalContinuousRelaxation,True,True,,,REPRESENTATIVE_WINDOWS_CONTINUOUS_LB_AND_FEASIBLE_REFERENCE,20ecc3ae5bf171f43770c6103d4f3646bc5e58ad851e5bad7b95f86d897c2434,six_metrics_fixed_scaling_v2_document_compliant,V2_TASK_SCHEDULE_RECOMPUTED_WITH_V3_ENERGY:E:\python project\huashubei\question\question_04\outputs\matheuristic_v2\tables\q4_task_assignments.csv,REPORT_ONLY_DEGENERATE
2352,ReusedAuditedTaskSeedEnergyReference,Cost,-9241994.23061295,ENERGY_OPTIMAL,0.0732471000010264,Optimization terminated successfully. (HiGHS Status 7: Optimal),FeasibleReferenceNotLowerBound,False,False,,V2_TASK_SCHEDULE_RECOMPUTED_WITH_V3_ENERGY:E:\python project\huashubei\question\question_04\outputs\matheuristic_v2\tables\q4_task_assignments.csv,REPRESENTATIVE_WINDOWS_CONTINUOUS_LB_AND_FEASIBLE_REFERENCE,20ecc3ae5bf171f43770c6103d4f3646bc5e58ad851e5bad7b95f86d897c2434,six_metrics_fixed_scaling_v2_document_compliant,V2_TASK_SCHEDULE_RECOMPUTED_WITH_V3_ENERGY:E:\python project\huashubei\question\question_04\outputs\matheuristic_v2\tables\q4_task_assignments.csv,REPORT_ONLY_DEGENERATE
2352,ReusedAuditedTaskSeedEnergyReference,Carbon,-3.9993608424993e-14,ENERGY_OPTIMAL,0.0732471000010264,Optimization terminated successfully. (HiGHS Status 7: Optimal),FeasibleReferenceNotLowerBound,False,False,,V2_TASK_SCHEDULE_RECOMPUTED_WITH_V3_ENERGY:E:\python project\huashubei\question\question_04\outputs\matheuristic_v2\tables\q4_task_assignments.csv,REPRESENTATIVE_WINDOWS_CONTINUOUS_LB_AND_FEASIBLE_REFERENCE,20ecc3ae5bf171f43770c6103d4f3646bc5e58ad851e5bad7b95f86d897c2434,six_metrics_fixed_scaling_v2_document_compliant,V2_TASK_SCHEDULE_RECOMPUTED_WITH_V3_ENERGY:E:\python project\huashubei\question\question_04\outputs\matheuristic_v2\tables\q4_task_assignments.csv,REPORT_ONLY_DEGENERATE
2352,ReusedAuditedTaskSeedEnergyReference,Latency,8.21726700971984,ENERGY_OPTIMAL,0.0732471000010264,Optimization terminated successfully. (HiGHS Status 7: Optimal),FeasibleReferenceNotLowerBound,False,False,,V2_TASK_SCHEDULE_RECOMPUTED_WITH_V3_ENERGY:E:\python project\huashubei\question\question_04\outputs\matheuristic_v2\tables\q4_task_assignments.csv,REPRESENTATIVE_WINDOWS_CONTINUOUS_LB_AND_FEASIBLE_REFERENCE,20ecc3ae5bf171f43770c6103d4f3646bc5e58ad851e5bad7b95f86d897c2434,six_metrics_fixed_scaling_v2_document_compliant,V2_TASK_SCHEDULE_RECOMPUTED_WITH_V3_ENERGY:E:\python project\huashubei\question\question_04\outputs\matheuristic_v2\tables\q4_task_assignments.csv,MINIMAX_ACTIVE
2352,ReusedAuditedTaskSeedEnergyReference,Delay,0.549832447407646,ENERGY_OPTIMAL,0.0732471000010264,Optimization terminated successfully. (HiGHS Status 7: Optimal),FeasibleReferenceNotLowerBound,False,False,,V2_TASK_SCHEDULE_RECOMPUTED_WITH_V3_ENERGY:E:\python project\huashubei\question\question_04\outputs\matheuristic_v2\tables\q4_task_assignments.csv,REPRESENTATIVE_WINDOWS_CONTINUOUS_LB_AND_FEASIBLE_REFERENCE,20ecc3ae5bf171f43770c6103d4f3646bc5e58ad851e5bad7b95f86d897c2434,six_metrics_fixed_scaling_v2_document_compliant,V2_TASK_SCHEDULE_RECOMPUTED_WITH_V3_ENERGY:E:\python project\huashubei\question\question_04\outputs\matheuristic_v2\tables\q4_task_assignments.csv,MINIMAX_ACTIVE
2352,ReusedAuditedTaskSeedEnergyReference,RenewableUnusedRate,0.227459462076106,ENERGY_OPTIMAL,0.0732471000010264,Optimization terminated successfully. (HiGHS Status 7: Optimal),FeasibleReferenceNotLowerBound,False,False,,V2_TASK_SCHEDULE_RECOMPUTED_WITH_V3_ENERGY:E:\python project\huashubei\question\question_04\outputs\matheuristic_v2\tables\q4_task_assignments.csv,REPRESENTATIVE_WINDOWS_CONTINUOUS_LB_AND_FEASIBLE_REFERENCE,20ecc3ae5bf171f43770c6103d4f3646bc5e58ad851e5bad7b95f86d897c2434,six_metrics_fixed_scaling_v2_document_compliant,V2_TASK_SCHEDULE_RECOMPUTED_WITH_V3_ENERGY:E:\python project\huashubei\question\question_04\outputs\matheuristic_v2\tables\q4_task_assignments.csv,MINIMAX_ACTIVE
2352,ReusedAuditedTaskSeedEnergyReference,Peak,0,ENERGY_OPTIMAL,0.0732471000010264,Optimization terminated successfully. (HiGHS Status 7: Optimal),FeasibleReferenceNotLowerBound,False,False,,V2_TASK_SCHEDULE_RECOMPUTED_WITH_V3_ENERGY:E:\python project\huashubei\question\question_04\outputs\matheuristic_v2\tables\q4_task_assignments.csv,REPRESENTATIVE_WINDOWS_CONTINUOUS_LB_AND_FEASIBLE_REFERENCE,20ecc3ae5bf171f43770c6103d4f3646bc5e58ad851e5bad7b95f86d897c2434,six_metrics_fixed_scaling_v2_document_compliant,V2_TASK_SCHEDULE_RECOMPUTED_WITH_V3_ENERGY:E:\python project\huashubei\question\question_04\outputs\matheuristic_v2\tables\q4_task_assignments.csv,REPORT_ONLY_DEGENERATE
