WindowStart,Stage,Metric,Value,Status,ElapsedSeconds,SolveMessage,BoundSource,CertifiedSafeBound,ExactIdealPoint,FallbackSourceMetric,ReferenceSource,FinalAnchor,FinalScale,RawScale,PhysicalScaleFloor,FinalScaleSource,DegenerateWindowRange,CalibrationSource,CalibrationSignature,MetricDefinitionVersion,CalibrationReferenceTaskSeed,OptimizationRole
768,ContinuousLowerBound,Cost,-9345815.2,0,1.59608079999452,Optimization terminated successfully. (HiGHS Status 7: Optimal),OptimalContinuousRelaxation,True,True,,,-9173034.35333333,9823.44813878294,-2884539.76463784,9823.44813878294,FULL_HORIZON_RENEWABLE_DEFICIT_PHYSICAL_PROXY,True,REPRESENTATIVE_WINDOWS_CONTINUOUS_LB_AND_FEASIBLE_REFERENCE,832e9b87115c87eb33bbb120af0b42f065374829b873e9f31a33d9398f507827,six_metrics_non_degenerate_scaling_v4_document_compliant,Q2_SHADOW_TASK_SCHEDULE_RECOMPUTED_WITH_V4_ENERGY,MINIMAX_ACTIVE
768,ContinuousLowerBound,Carbon,0,0,1.57724880002206,Optimization terminated successfully. (HiGHS Status 7: Optimal),OptimalContinuousRelaxation,True,True,,,0,10.1257907395288,1.58953146941106e-14,10.1257907395288,FULL_HORIZON_RENEWABLE_DEFICIT_PHYSICAL_PROXY,True,REPRESENTATIVE_WINDOWS_CONTINUOUS_LB_AND_FEASIBLE_REFERENCE,832e9b87115c87eb33bbb120af0b42f065374829b873e9f31a33d9398f507827,six_metrics_non_degenerate_scaling_v4_document_compliant,Q2_SHADOW_TASK_SCHEDULE_RECOMPUTED_WITH_V4_ENERGY,MINIMAX_ACTIVE
768,ContinuousLowerBound,Latency,1.17946974847043,0,1.11664929997642,Optimization terminated successfully. (HiGHS Status 7: Optimal),OptimalContinuousRelaxation,True,True,,,2.12374452450917,11.8522580695667,11.8522580695667,,REPRESENTATIVE_WINDOW_REFERENCE_MINUS_LOWER_BOUND,False,REPRESENTATIVE_WINDOWS_CONTINUOUS_LB_AND_FEASIBLE_REFERENCE,832e9b87115c87eb33bbb120af0b42f065374829b873e9f31a33d9398f507827,six_metrics_non_degenerate_scaling_v4_document_compliant,Q2_SHADOW_TASK_SCHEDULE_RECOMPUTED_WITH_V4_ENERGY,MINIMAX_ACTIVE
768,ContinuousLowerBound,Delay,0,0,3.54926550001255,Optimization terminated successfully. (HiGHS Status 7: Optimal),OptimalContinuousRelaxation,True,True,,,0.00984577107723136,0.200998572953729,0.200998572953729,,REPRESENTATIVE_WINDOW_REFERENCE_MINUS_LOWER_BOUND,False,REPRESENTATIVE_WINDOWS_CONTINUOUS_LB_AND_FEASIBLE_REFERENCE,832e9b87115c87eb33bbb120af0b42f065374829b873e9f31a33d9398f507827,six_metrics_non_degenerate_scaling_v4_document_compliant,Q2_SHADOW_TASK_SCHEDULE_RECOMPUTED_WITH_V4_ENERGY,MINIMAX_ACTIVE
768,CertifiedSafeBound,RenewableUnusedRate,0,LP_NO_CERTIFIED_OPTIMUM,,窗口768没有得到可行解：Time limit reached. (HiGHS Status 13: model_status is Time limit reached; primal_status is None),CertifiedVariableBox,True,False,,,0,0.272051535804196,0.272051535804196,,REPRESENTATIVE_WINDOW_REFERENCE_MINUS_LOWER_BOUND,False,REPRESENTATIVE_WINDOWS_CONTINUOUS_LB_AND_FEASIBLE_REFERENCE,832e9b87115c87eb33bbb120af0b42f065374829b873e9f31a33d9398f507827,six_metrics_non_degenerate_scaling_v4_document_compliant,Q2_SHADOW_TASK_SCHEDULE_RECOMPUTED_WITH_V4_ENERGY,MINIMAX_ACTIVE
768,ContinuousLowerBound,Peak,0,0,4.20998289997806,Optimization terminated successfully. (HiGHS Status 7: Optimal),OptimalContinuousRelaxation,True,True,,,0,32.5358375533417,0,32.5358375533417,FULL_HORIZON_RENEWABLE_DEFICIT_PHYSICAL_PROXY,True,REPRESENTATIVE_WINDOWS_CONTINUOUS_LB_AND_FEASIBLE_REFERENCE,832e9b87115c87eb33bbb120af0b42f065374829b873e9f31a33d9398f507827,six_metrics_non_degenerate_scaling_v4_document_compliant,Q2_SHADOW_TASK_SCHEDULE_RECOMPUTED_WITH_V4_ENERGY,MINIMAX_ACTIVE
768,ReusedAuditedTaskSeedEnergyReference,Cost,-13687090.8262941,ENERGY_OPTIMAL,0.125813499995274,Optimization terminated successfully. (HiGHS Status 7: Optimal),FeasibleReferenceNotLowerBound,False,False,,Q2_SHADOW_TASK_SCHEDULE_RECOMPUTED_WITH_V4_ENERGY,-9173034.35333333,9823.44813878294,-2884539.76463784,9823.44813878294,FULL_HORIZON_RENEWABLE_DEFICIT_PHYSICAL_PROXY,True,REPRESENTATIVE_WINDOWS_CONTINUOUS_LB_AND_FEASIBLE_REFERENCE,832e9b87115c87eb33bbb120af0b42f065374829b873e9f31a33d9398f507827,six_metrics_non_degenerate_scaling_v4_document_compliant,Q2_SHADOW_TASK_SCHEDULE_RECOMPUTED_WITH_V4_ENERGY,MINIMAX_ACTIVE
768,ReusedAuditedTaskSeedEnergyReference,Carbon,-5.60326895993057e-14,ENERGY_OPTIMAL,0.125813499995274,Optimization terminated successfully. (HiGHS Status 7: Optimal),FeasibleReferenceNotLowerBound,False,False,,Q2_SHADOW_TASK_SCHEDULE_RECOMPUTED_WITH_V4_ENERGY,0,10.1257907395288,1.58953146941106e-14,10.1257907395288,FULL_HORIZON_RENEWABLE_DEFICIT_PHYSICAL_PROXY,True,REPRESENTATIVE_WINDOWS_CONTINUOUS_LB_AND_FEASIBLE_REFERENCE,832e9b87115c87eb33bbb120af0b42f065374829b873e9f31a33d9398f507827,six_metrics_non_degenerate_scaling_v4_document_compliant,Q2_SHADOW_TASK_SCHEDULE_RECOMPUTED_WITH_V4_ENERGY,MINIMAX_ACTIVE
768,ReusedAuditedTaskSeedEnergyReference,Latency,26.5463642428286,ENERGY_OPTIMAL,0.125813499995274,Optimization terminated successfully. (HiGHS Status 7: Optimal),FeasibleReferenceNotLowerBound,False,False,,Q2_SHADOW_TASK_SCHEDULE_RECOMPUTED_WITH_V4_ENERGY,2.12374452450917,11.8522580695667,11.8522580695667,,REPRESENTATIVE_WINDOW_REFERENCE_MINUS_LOWER_BOUND,False,REPRESENTATIVE_WINDOWS_CONTINUOUS_LB_AND_FEASIBLE_REFERENCE,832e9b87115c87eb33bbb120af0b42f065374829b873e9f31a33d9398f507827,six_metrics_non_degenerate_scaling_v4_document_compliant,Q2_SHADOW_TASK_SCHEDULE_RECOMPUTED_WITH_V4_ENERGY,MINIMAX_ACTIVE
768,ReusedAuditedTaskSeedEnergyReference,Delay,0.0315172439176098,ENERGY_OPTIMAL,0.125813499995274,Optimization terminated successfully. (HiGHS Status 7: Optimal),FeasibleReferenceNotLowerBound,False,False,,Q2_SHADOW_TASK_SCHEDULE_RECOMPUTED_WITH_V4_ENERGY,0.00984577107723136,0.200998572953729,0.200998572953729,,REPRESENTATIVE_WINDOW_REFERENCE_MINUS_LOWER_BOUND,False,REPRESENTATIVE_WINDOWS_CONTINUOUS_LB_AND_FEASIBLE_REFERENCE,832e9b87115c87eb33bbb120af0b42f065374829b873e9f31a33d9398f507827,six_metrics_non_degenerate_scaling_v4_document_compliant,Q2_SHADOW_TASK_SCHEDULE_RECOMPUTED_WITH_V4_ENERGY,MINIMAX_ACTIVE
768,ReusedAuditedTaskSeedEnergyReference,RenewableUnusedRate,0.288228239075044,ENERGY_OPTIMAL,0.125813499995274,Optimization terminated successfully. (HiGHS Status 7: Optimal),FeasibleReferenceNotLowerBound,False,False,,Q2_SHADOW_TASK_SCHEDULE_RECOMPUTED_WITH_V4_ENERGY,0,0.272051535804196,0.272051535804196,,REPRESENTATIVE_WINDOW_REFERENCE_MINUS_LOWER_BOUND,False,REPRESENTATIVE_WINDOWS_CONTINUOUS_LB_AND_FEASIBLE_REFERENCE,832e9b87115c87eb33bbb120af0b42f065374829b873e9f31a33d9398f507827,six_metrics_non_degenerate_scaling_v4_document_compliant,Q2_SHADOW_TASK_SCHEDULE_RECOMPUTED_WITH_V4_ENERGY,MINIMAX_ACTIVE
768,ReusedAuditedTaskSeedEnergyReference,Peak,0,ENERGY_OPTIMAL,0.125813499995274,Optimization terminated successfully. (HiGHS Status 7: Optimal),FeasibleReferenceNotLowerBound,False,False,,Q2_SHADOW_TASK_SCHEDULE_RECOMPUTED_WITH_V4_ENERGY,0,32.5358375533417,0,32.5358375533417,FULL_HORIZON_RENEWABLE_DEFICIT_PHYSICAL_PROXY,True,REPRESENTATIVE_WINDOWS_CONTINUOUS_LB_AND_FEASIBLE_REFERENCE,832e9b87115c87eb33bbb120af0b42f065374829b873e9f31a33d9398f507827,six_metrics_non_degenerate_scaling_v4_document_compliant,Q2_SHADOW_TASK_SCHEDULE_RECOMPUTED_WITH_V4_ENERGY,MINIMAX_ACTIVE
1176,ContinuousLowerBound,Cost,-9250564.5,0,3.12258290001773,Optimization terminated successfully. (HiGHS Status 7: Optimal),OptimalContinuousRelaxation,True,True,,,-9173034.35333333,9823.44813878294,-2884539.76463784,9823.44813878294,FULL_HORIZON_RENEWABLE_DEFICIT_PHYSICAL_PROXY,True,REPRESENTATIVE_WINDOWS_CONTINUOUS_LB_AND_FEASIBLE_REFERENCE,832e9b87115c87eb33bbb120af0b42f065374829b873e9f31a33d9398f507827,six_metrics_non_degenerate_scaling_v4_document_compliant,Q2_SHADOW_TASK_SCHEDULE_RECOMPUTED_WITH_V4_ENERGY,MINIMAX_ACTIVE
1176,ContinuousLowerBound,Carbon,0,0,6.45624249998946,Optimization terminated successfully. (HiGHS Status 7: Optimal),OptimalContinuousRelaxation,True,True,,,0,10.1257907395288,1.58953146941106e-14,10.1257907395288,FULL_HORIZON_RENEWABLE_DEFICIT_PHYSICAL_PROXY,True,REPRESENTATIVE_WINDOWS_CONTINUOUS_LB_AND_FEASIBLE_REFERENCE,832e9b87115c87eb33bbb120af0b42f065374829b873e9f31a33d9398f507827,six_metrics_non_degenerate_scaling_v4_document_compliant,Q2_SHADOW_TASK_SCHEDULE_RECOMPUTED_WITH_V4_ENERGY,MINIMAX_ACTIVE
1176,ContinuousLowerBound,Latency,1.01439790575916,0,1.22332399999141,Optimization terminated successfully. (HiGHS Status 7: Optimal),OptimalContinuousRelaxation,True,True,,,2.12374452450917,11.8522580695667,11.8522580695667,,REPRESENTATIVE_WINDOW_REFERENCE_MINUS_LOWER_BOUND,False,REPRESENTATIVE_WINDOWS_CONTINUOUS_LB_AND_FEASIBLE_REFERENCE,832e9b87115c87eb33bbb120af0b42f065374829b873e9f31a33d9398f507827,six_metrics_non_degenerate_scaling_v4_document_compliant,Q2_SHADOW_TASK_SCHEDULE_RECOMPUTED_WITH_V4_ENERGY,MINIMAX_ACTIVE
1176,ContinuousLowerBound,Delay,0,0,4.13038550000056,Optimization terminated successfully. (HiGHS Status 7: Optimal),OptimalContinuousRelaxation,True,True,,,0.00984577107723136,0.200998572953729,0.200998572953729,,REPRESENTATIVE_WINDOW_REFERENCE_MINUS_LOWER_BOUND,False,REPRESENTATIVE_WINDOWS_CONTINUOUS_LB_AND_FEASIBLE_REFERENCE,832e9b87115c87eb33bbb120af0b42f065374829b873e9f31a33d9398f507827,six_metrics_non_degenerate_scaling_v4_document_compliant,Q2_SHADOW_TASK_SCHEDULE_RECOMPUTED_WITH_V4_ENERGY,MINIMAX_ACTIVE
1176,CertifiedSafeBound,RenewableUnusedRate,0,LP_NO_CERTIFIED_OPTIMUM,,窗口1176没有得到可行解：Time limit reached. (HiGHS Status 13: model_status is Time limit reached; primal_status is None),CertifiedVariableBox,True,False,,,0,0.272051535804196,0.272051535804196,,REPRESENTATIVE_WINDOW_REFERENCE_MINUS_LOWER_BOUND,False,REPRESENTATIVE_WINDOWS_CONTINUOUS_LB_AND_FEASIBLE_REFERENCE,832e9b87115c87eb33bbb120af0b42f065374829b873e9f31a33d9398f507827,six_metrics_non_degenerate_scaling_v4_document_compliant,Q2_SHADOW_TASK_SCHEDULE_RECOMPUTED_WITH_V4_ENERGY,MINIMAX_ACTIVE
1176,ContinuousLowerBound,Peak,0,0,6.78204930000356,Optimization terminated successfully. (HiGHS Status 7: Optimal),OptimalContinuousRelaxation,True,True,,,0,32.5358375533417,0,32.5358375533417,FULL_HORIZON_RENEWABLE_DEFICIT_PHYSICAL_PROXY,True,REPRESENTATIVE_WINDOWS_CONTINUOUS_LB_AND_FEASIBLE_REFERENCE,832e9b87115c87eb33bbb120af0b42f065374829b873e9f31a33d9398f507827,six_metrics_non_degenerate_scaling_v4_document_compliant,Q2_SHADOW_TASK_SCHEDULE_RECOMPUTED_WITH_V4_ENERGY,MINIMAX_ACTIVE
1176,ReusedAuditedTaskSeedEnergyReference,Cost,-13562908.1676195,ENERGY_OPTIMAL,0.0926501000067219,Optimization terminated successfully. (HiGHS Status 7: Optimal),FeasibleReferenceNotLowerBound,False,False,,Q2_SHADOW_TASK_SCHEDULE_RECOMPUTED_WITH_V4_ENERGY,-9173034.35333333,9823.44813878294,-2884539.76463784,9823.44813878294,FULL_HORIZON_RENEWABLE_DEFICIT_PHYSICAL_PROXY,True,REPRESENTATIVE_WINDOWS_CONTINUOUS_LB_AND_FEASIBLE_REFERENCE,832e9b87115c87eb33bbb120af0b42f065374829b873e9f31a33d9398f507827,six_metrics_non_degenerate_scaling_v4_document_compliant,Q2_SHADOW_TASK_SCHEDULE_RECOMPUTED_WITH_V4_ENERGY,MINIMAX_ACTIVE
1176,ReusedAuditedTaskSeedEnergyReference,Carbon,6.70802080549038e-14,ENERGY_OPTIMAL,0.0926501000067219,Optimization terminated successfully. (HiGHS Status 7: Optimal),FeasibleReferenceNotLowerBound,False,False,,Q2_SHADOW_TASK_SCHEDULE_RECOMPUTED_WITH_V4_ENERGY,0,10.1257907395288,1.58953146941106e-14,10.1257907395288,FULL_HORIZON_RENEWABLE_DEFICIT_PHYSICAL_PROXY,True,REPRESENTATIVE_WINDOWS_CONTINUOUS_LB_AND_FEASIBLE_REFERENCE,832e9b87115c87eb33bbb120af0b42f065374829b873e9f31a33d9398f507827,six_metrics_non_degenerate_scaling_v4_document_compliant,Q2_SHADOW_TASK_SCHEDULE_RECOMPUTED_WITH_V4_ENERGY,MINIMAX_ACTIVE
1176,ReusedAuditedTaskSeedEnergyReference,Latency,7.15122615803815,ENERGY_OPTIMAL,0.0926501000067219,Optimization terminated successfully. (HiGHS Status 7: Optimal),FeasibleReferenceNotLowerBound,False,False,,Q2_SHADOW_TASK_SCHEDULE_RECOMPUTED_WITH_V4_ENERGY,2.12374452450917,11.8522580695667,11.8522580695667,,REPRESENTATIVE_WINDOW_REFERENCE_MINUS_LOWER_BOUND,False,REPRESENTATIVE_WINDOWS_CONTINUOUS_LB_AND_FEASIBLE_REFERENCE,832e9b87115c87eb33bbb120af0b42f065374829b873e9f31a33d9398f507827,six_metrics_non_degenerate_scaling_v4_document_compliant,Q2_SHADOW_TASK_SCHEDULE_RECOMPUTED_WITH_V4_ENERGY,MINIMAX_ACTIVE
1176,ReusedAuditedTaskSeedEnergyReference,Delay,0.0369689988935431,ENERGY_OPTIMAL,0.0926501000067219,Optimization terminated successfully. (HiGHS Status 7: Optimal),FeasibleReferenceNotLowerBound,False,False,,Q2_SHADOW_TASK_SCHEDULE_RECOMPUTED_WITH_V4_ENERGY,0.00984577107723136,0.200998572953729,0.200998572953729,,REPRESENTATIVE_WINDOW_REFERENCE_MINUS_LOWER_BOUND,False,REPRESENTATIVE_WINDOWS_CONTINUOUS_LB_AND_FEASIBLE_REFERENCE,832e9b87115c87eb33bbb120af0b42f065374829b873e9f31a33d9398f507827,six_metrics_non_degenerate_scaling_v4_document_compliant,Q2_SHADOW_TASK_SCHEDULE_RECOMPUTED_WITH_V4_ENERGY,MINIMAX_ACTIVE
1176,ReusedAuditedTaskSeedEnergyReference,RenewableUnusedRate,0.298760017655838,ENERGY_OPTIMAL,0.0926501000067219,Optimization terminated successfully. (HiGHS Status 7: Optimal),FeasibleReferenceNotLowerBound,False,False,,Q2_SHADOW_TASK_SCHEDULE_RECOMPUTED_WITH_V4_ENERGY,0,0.272051535804196,0.272051535804196,,REPRESENTATIVE_WINDOW_REFERENCE_MINUS_LOWER_BOUND,False,REPRESENTATIVE_WINDOWS_CONTINUOUS_LB_AND_FEASIBLE_REFERENCE,832e9b87115c87eb33bbb120af0b42f065374829b873e9f31a33d9398f507827,six_metrics_non_degenerate_scaling_v4_document_compliant,Q2_SHADOW_TASK_SCHEDULE_RECOMPUTED_WITH_V4_ENERGY,MINIMAX_ACTIVE
1176,ReusedAuditedTaskSeedEnergyReference,Peak,0,ENERGY_OPTIMAL,0.0926501000067219,Optimization terminated successfully. (HiGHS Status 7: Optimal),FeasibleReferenceNotLowerBound,False,False,,Q2_SHADOW_TASK_SCHEDULE_RECOMPUTED_WITH_V4_ENERGY,0,32.5358375533417,0,32.5358375533417,FULL_HORIZON_RENEWABLE_DEFICIT_PHYSICAL_PROXY,True,REPRESENTATIVE_WINDOWS_CONTINUOUS_LB_AND_FEASIBLE_REFERENCE,832e9b87115c87eb33bbb120af0b42f065374829b873e9f31a33d9398f507827,six_metrics_non_degenerate_scaling_v4_document_compliant,Q2_SHADOW_TASK_SCHEDULE_RECOMPUTED_WITH_V4_ENERGY,MINIMAX_ACTIVE
2352,ContinuousLowerBound,Cost,-8922723.36,0,1.0888191999984,Optimization terminated successfully. (HiGHS Status 7: Optimal),OptimalContinuousRelaxation,True,True,,,-9173034.35333333,9823.44813878294,-2884539.76463784,9823.44813878294,FULL_HORIZON_RENEWABLE_DEFICIT_PHYSICAL_PROXY,True,REPRESENTATIVE_WINDOWS_CONTINUOUS_LB_AND_FEASIBLE_REFERENCE,832e9b87115c87eb33bbb120af0b42f065374829b873e9f31a33d9398f507827,six_metrics_non_degenerate_scaling_v4_document_compliant,Q2_SHADOW_TASK_SCHEDULE_RECOMPUTED_WITH_V4_ENERGY,MINIMAX_ACTIVE
2352,ContinuousLowerBound,Carbon,0,0,2.18403090001084,Optimization terminated successfully. (HiGHS Status 7: Optimal),OptimalContinuousRelaxation,True,True,,,0,10.1257907395288,1.58953146941106e-14,10.1257907395288,FULL_HORIZON_RENEWABLE_DEFICIT_PHYSICAL_PROXY,True,REPRESENTATIVE_WINDOWS_CONTINUOUS_LB_AND_FEASIBLE_REFERENCE,832e9b87115c87eb33bbb120af0b42f065374829b873e9f31a33d9398f507827,six_metrics_non_degenerate_scaling_v4_document_compliant,Q2_SHADOW_TASK_SCHEDULE_RECOMPUTED_WITH_V4_ENERGY,MINIMAX_ACTIVE
2352,ContinuousLowerBound,Latency,4.17736591929791,0,0.834978600003524,Optimization terminated successfully. (HiGHS Status 7: Optimal),OptimalContinuousRelaxation,True,True,,,2.12374452450917,11.8522580695667,11.8522580695667,,REPRESENTATIVE_WINDOW_REFERENCE_MINUS_LOWER_BOUND,False,REPRESENTATIVE_WINDOWS_CONTINUOUS_LB_AND_FEASIBLE_REFERENCE,832e9b87115c87eb33bbb120af0b42f065374829b873e9f31a33d9398f507827,six_metrics_non_degenerate_scaling_v4_document_compliant,Q2_SHADOW_TASK_SCHEDULE_RECOMPUTED_WITH_V4_ENERGY,MINIMAX_ACTIVE
2352,ContinuousLowerBound,Delay,0.0295373132316941,0,0.832859899994219,Optimization terminated successfully. (HiGHS Status 7: Optimal),OptimalContinuousRelaxation,True,True,,,0.00984577107723136,0.200998572953729,0.200998572953729,,REPRESENTATIVE_WINDOW_REFERENCE_MINUS_LOWER_BOUND,False,REPRESENTATIVE_WINDOWS_CONTINUOUS_LB_AND_FEASIBLE_REFERENCE,832e9b87115c87eb33bbb120af0b42f065374829b873e9f31a33d9398f507827,six_metrics_non_degenerate_scaling_v4_document_compliant,Q2_SHADOW_TASK_SCHEDULE_RECOMPUTED_WITH_V4_ENERGY,MINIMAX_ACTIVE
2352,CertifiedSafeBound,RenewableUnusedRate,0,LP_NO_CERTIFIED_OPTIMUM,,窗口2352没有得到可行解：Time limit reached. (HiGHS Status 13: model_status is Time limit reached; primal_status is None),CertifiedVariableBox,True,False,,,0,0.272051535804196,0.272051535804196,,REPRESENTATIVE_WINDOW_REFERENCE_MINUS_LOWER_BOUND,False,REPRESENTATIVE_WINDOWS_CONTINUOUS_LB_AND_FEASIBLE_REFERENCE,832e9b87115c87eb33bbb120af0b42f065374829b873e9f31a33d9398f507827,six_metrics_non_degenerate_scaling_v4_document_compliant,Q2_SHADOW_TASK_SCHEDULE_RECOMPUTED_WITH_V4_ENERGY,MINIMAX_ACTIVE
2352,ContinuousLowerBound,Peak,0,0,2.18421100001433,Optimization terminated successfully. (HiGHS Status 7: Optimal),OptimalContinuousRelaxation,True,True,,,0,32.5358375533417,0,32.5358375533417,FULL_HORIZON_RENEWABLE_DEFICIT_PHYSICAL_PROXY,True,REPRESENTATIVE_WINDOWS_CONTINUOUS_LB_AND_FEASIBLE_REFERENCE,832e9b87115c87eb33bbb120af0b42f065374829b873e9f31a33d9398f507827,six_metrics_non_degenerate_scaling_v4_document_compliant,Q2_SHADOW_TASK_SCHEDULE_RECOMPUTED_WITH_V4_ENERGY,MINIMAX_ACTIVE
2352,ReusedAuditedTaskSeedEnergyReference,Cost,-8922723.35999999,ENERGY_OPTIMAL,0.0784783000126481,Optimization terminated successfully. (HiGHS Status 7: Optimal),FeasibleReferenceNotLowerBound,False,False,,Q2_SHADOW_TASK_SCHEDULE_RECOMPUTED_WITH_V4_ENERGY,-9173034.35333333,9823.44813878294,-2884539.76463784,9823.44813878294,FULL_HORIZON_RENEWABLE_DEFICIT_PHYSICAL_PROXY,True,REPRESENTATIVE_WINDOWS_CONTINUOUS_LB_AND_FEASIBLE_REFERENCE,832e9b87115c87eb33bbb120af0b42f065374829b873e9f31a33d9398f507827,six_metrics_non_degenerate_scaling_v4_document_compliant,Q2_SHADOW_TASK_SCHEDULE_RECOMPUTED_WITH_V4_ENERGY,MINIMAX_ACTIVE
2352,ReusedAuditedTaskSeedEnergyReference,Carbon,3.66384256267338e-14,ENERGY_OPTIMAL,0.0784783000126481,Optimization terminated successfully. (HiGHS Status 7: Optimal),FeasibleReferenceNotLowerBound,False,False,,Q2_SHADOW_TASK_SCHEDULE_RECOMPUTED_WITH_V4_ENERGY,0,10.1257907395288,1.58953146941106e-14,10.1257907395288,FULL_HORIZON_RENEWABLE_DEFICIT_PHYSICAL_PROXY,True,REPRESENTATIVE_WINDOWS_CONTINUOUS_LB_AND_FEASIBLE_REFERENCE,832e9b87115c87eb33bbb120af0b42f065374829b873e9f31a33d9398f507827,six_metrics_non_degenerate_scaling_v4_document_compliant,Q2_SHADOW_TASK_SCHEDULE_RECOMPUTED_WITH_V4_ENERGY,MINIMAX_ACTIVE
2352,ReusedAuditedTaskSeedEnergyReference,Latency,8.23041738136078,ENERGY_OPTIMAL,0.0784783000126481,Optimization terminated successfully. (HiGHS Status 7: Optimal),FeasibleReferenceNotLowerBound,False,False,,Q2_SHADOW_TASK_SCHEDULE_RECOMPUTED_WITH_V4_ENERGY,2.12374452450917,11.8522580695667,11.8522580695667,,REPRESENTATIVE_WINDOW_REFERENCE_MINUS_LOWER_BOUND,False,REPRESENTATIVE_WINDOWS_CONTINUOUS_LB_AND_FEASIBLE_REFERENCE,832e9b87115c87eb33bbb120af0b42f065374829b873e9f31a33d9398f507827,six_metrics_non_degenerate_scaling_v4_document_compliant,Q2_SHADOW_TASK_SCHEDULE_RECOMPUTED_WITH_V4_ENERGY,MINIMAX_ACTIVE
2352,ReusedAuditedTaskSeedEnergyReference,Delay,0.564046789281728,ENERGY_OPTIMAL,0.0784783000126481,Optimization terminated successfully. (HiGHS Status 7: Optimal),FeasibleReferenceNotLowerBound,False,False,,Q2_SHADOW_TASK_SCHEDULE_RECOMPUTED_WITH_V4_ENERGY,0.00984577107723136,0.200998572953729,0.200998572953729,,REPRESENTATIVE_WINDOW_REFERENCE_MINUS_LOWER_BOUND,False,REPRESENTATIVE_WINDOWS_CONTINUOUS_LB_AND_FEASIBLE_REFERENCE,832e9b87115c87eb33bbb120af0b42f065374829b873e9f31a33d9398f507827,six_metrics_non_degenerate_scaling_v4_document_compliant,Q2_SHADOW_TASK_SCHEDULE_RECOMPUTED_WITH_V4_ENERGY,MINIMAX_ACTIVE
2352,ReusedAuditedTaskSeedEnergyReference,RenewableUnusedRate,0.229166350681707,ENERGY_OPTIMAL,0.0784783000126481,Optimization terminated successfully. (HiGHS Status 7: Optimal),FeasibleReferenceNotLowerBound,False,False,,Q2_SHADOW_TASK_SCHEDULE_RECOMPUTED_WITH_V4_ENERGY,0,0.272051535804196,0.272051535804196,,REPRESENTATIVE_WINDOW_REFERENCE_MINUS_LOWER_BOUND,False,REPRESENTATIVE_WINDOWS_CONTINUOUS_LB_AND_FEASIBLE_REFERENCE,832e9b87115c87eb33bbb120af0b42f065374829b873e9f31a33d9398f507827,six_metrics_non_degenerate_scaling_v4_document_compliant,Q2_SHADOW_TASK_SCHEDULE_RECOMPUTED_WITH_V4_ENERGY,MINIMAX_ACTIVE
2352,ReusedAuditedTaskSeedEnergyReference,Peak,0,ENERGY_OPTIMAL,0.0784783000126481,Optimization terminated successfully. (HiGHS Status 7: Optimal),FeasibleReferenceNotLowerBound,False,False,,Q2_SHADOW_TASK_SCHEDULE_RECOMPUTED_WITH_V4_ENERGY,0,32.5358375533417,0,32.5358375533417,FULL_HORIZON_RENEWABLE_DEFICIT_PHYSICAL_PROXY,True,REPRESENTATIVE_WINDOWS_CONTINUOUS_LB_AND_FEASIBLE_REFERENCE,832e9b87115c87eb33bbb120af0b42f065374829b873e9f31a33d9398f507827,six_metrics_non_degenerate_scaling_v4_document_compliant,Q2_SHADOW_TASK_SCHEDULE_RECOMPUTED_WITH_V4_ENERGY,MINIMAX_ACTIVE
