Scheme,Region,Cost,Carbon,Peak,Ramp,Throughput,InitialSOC_MWh,TerminalSOC_MWh
Balanced,RegionA,0,0,0,0,0,157.5,157.5
Balanced,RegionB,0,0,0,0,0,144,144
Balanced,RegionC,0,0,0,0,0,135,135
Balanced,RegionD,-142743884.4,0,0,0,81550.4245050609,405,405
Balanced,RegionE,-154107309.022856,0,0,0.0279635330100585,125525.917902573,370,370
Balanced,RegionF,-162204292.403318,0,0,0.0395533200123386,139044.645991884,382.5,382.5
BaselineReference,RegionA,623022579.338745,581269.70007832,497.0016,24.193582993763,48850.3504,157.5,206.8041
BaselineReference,RegionB,572115791.714583,519698.55152123,467.856,22.0820715176715,43969.1713,144,191.9613
BaselineReference,RegionC,546362199.913111,483818.09682631,455.2661,21.4382711850312,41525.1221,135,179.0746
BaselineReference,RegionD,85965808.9302708,262960.6536425,282.5815,38.1838483991684,161309.7622,405,225.9765
BaselineReference,RegionE,-25850395.961558,84555.5904512,166.0604,31.3371417047817,142941.2953,370,217.2489
BaselineReference,RegionF,170888.756734999,113064.882764487,152.4972,31.6506444074844,148821.7557,382.5,189.1754
NoStorage,RegionA,0,0,0,0,0,157.5,157.5
NoStorage,RegionB,0,0,0,0,0,144,144
NoStorage,RegionC,0,0,0,0,0,135,135
NoStorage,RegionD,-133000183.270811,0,0,8.75199124198017,0,405,405
NoStorage,RegionE,-140430654.528323,0,0,11.4171954248096,0,370,370
NoStorage,RegionF,-146262755.140176,8.85056257190901,31.59786709,12.2194568055087,0,382.5,382.5
