WindowStartHour,DecisionWindowHours,Objective,AnchorType,Status,Message,MIPGap,MIPDualBound,ElapsedSeconds,ObjectiveValue,Cost,Carbon,MeanLatency,RenewableUtilization,RenewableUnusedRate,AverageWaitHours,MigratedTaskRatio,MigrationGPUWorkload_GPUh,WindowID,Mode,CandidateMode,RecoveryAttempt,SolverTimeLimitSeconds
0,48,Cost,continuous_lp_ideal_point,0,Optimization terminated successfully. (HiGHS Status 7: Optimal),,,1.8956160999951,-9964963.9874281,-9964963.9874281,0,27.5108392814054,0.701682163006123,0.298317836993877,,,,0,balanced,compressed_6,0,60
0,48,Carbon,continuous_lp_ideal_point,0,Optimization terminated successfully. (HiGHS Status 7: Optimal),,,8.7772060999996,3.41401573678013e-14,-9854562.02514601,3.41401573678013e-14,29.8702492967879,0.701675421902878,0.298324578097122,,,,0,balanced,compressed_6,0,60
0,48,MeanLatency,continuous_lp_ideal_point,0,Optimization terminated successfully. (HiGHS Status 7: Optimal),,,0.419162600010168,5,-9774316.48756602,0,5,0.699330674864918,0.300669325135082,,,,0,balanced,compressed_6,0,60
0,48,RenewableUnusedRate,continuous_lp_ideal_point,0,Optimization terminated successfully. (HiGHS Status 7: Optimal),,,17.6152501000033,0.295396806189157,-9963215.03202891,4.64855521500018,33.2803732578785,0.704603193810843,0.295396806189157,,,,0,balanced,compressed_6,0,60
24,48,Cost,continuous_lp_ideal_point,0,Optimization terminated successfully. (HiGHS Status 7: Optimal),,,2.90465559999575,-10019124.5222531,-10019124.5222531,3.38673089572694e-14,29.2988029371996,0.708433418925103,0.291566581074897,,,,1,balanced,compressed_6,0,60
24,48,Carbon,continuous_lp_ideal_point,0,Optimization terminated successfully. (HiGHS Status 7: Optimal),,,13.0161744000216,3.38673089572694e-14,-9886257.86578385,3.38673089572694e-14,31.0793011779113,0.707783109253192,0.292216890746808,,,,1,balanced,compressed_6,0,60
24,48,MeanLatency,continuous_lp_ideal_point,0,Optimization terminated successfully. (HiGHS Status 7: Optimal),,,0.536485499993432,11.7762191048764,-9853832.81341721,0,11.7762191048764,0.706210184765954,0.293789815234046,,,,1,balanced,compressed_6,0,60
24,48,RenewableUnusedRate,continuous_lp_ideal_point,0,Optimization terminated successfully. (HiGHS Status 7: Optimal),,,35.0266629999969,0.288501973004454,-9995248.6598487,61.3599857781902,33.3243670172458,0.711498026995546,0.288501973004454,,,,1,balanced,compressed_6,0,60
48,48,Cost,continuous_lp_ideal_point,0,Optimization terminated successfully. (HiGHS Status 7: Optimal),,,2.12565240002004,-9983345.30802506,-9983345.30802506,0,30.0377423864379,0.712107507029352,0.287892492970648,,,,2,balanced,compressed_6,0,60
48,48,Carbon,continuous_lp_ideal_point,0,Optimization terminated successfully. (HiGHS Status 7: Optimal),,,9.84469629998785,6.65409061184619e-14,-9886351.94845761,6.65409061184619e-14,31.1857274077659,0.711876767224084,0.288123232775916,,,,2,balanced,compressed_6,0,60
48,48,MeanLatency,continuous_lp_ideal_point,0,Optimization terminated successfully. (HiGHS Status 7: Optimal),,,0.471604299993487,16.2682563338301,-9775257.36823374,0,16.2682563338301,0.709489453672319,0.290510546327681,,,,2,balanced,compressed_6,0,60
48,48,RenewableUnusedRate,continuous_lp_ideal_point,0,Optimization terminated successfully. (HiGHS Status 7: Optimal),,,28.2038739999989,0.284869884228251,-9979658.07390916,5.68462739497495,32.6668878310381,0.715130115771749,0.284869884228251,,,,2,balanced,compressed_6,0,60
72,48,Cost,continuous_lp_ideal_point,0,Optimization terminated successfully. (HiGHS Status 7: Optimal),,,3.02400639999541,-9917231.78111769,-9917231.78111769,0.842182698000061,31.0527135642618,0.709902598359112,0.290097401640888,,,,3,balanced,compressed_6,0,60
72,48,Carbon,continuous_lp_ideal_point,0,Optimization terminated successfully. (HiGHS Status 7: Optimal),,,8.89603340000031,0.842182698000126,-9749808.77664959,0.842182698000126,31.2728329020225,0.708437878017615,0.291562121982385,,,,3,balanced,compressed_6,0,60
72,48,MeanLatency,continuous_lp_ideal_point,0,Optimization terminated successfully. (HiGHS Status 7: Optimal),,,0.578345200017793,19.5708017550858,-9771585.53443188,1.96769965800003,19.5708017550858,0.708000043002252,0.291999956997748,,,,3,balanced,compressed_6,0,60
72,48,RenewableUnusedRate,continuous_lp_ideal_point,0,Optimization terminated successfully. (HiGHS Status 7: Optimal),,,27.5704907999898,0.287231425966508,-9899375.40740456,29.9172556513115,32.2616590556418,0.712768574033492,0.287231425966508,,,,3,balanced,compressed_6,0,60
96,48,Cost,continuous_lp_ideal_point,0,Optimization terminated successfully. (HiGHS Status 7: Optimal),,,3.27297189997626,-9849513.88599681,-9849513.88599681,0,30.0772387156902,0.714086718589407,0.285913281410593,,,,4,balanced,compressed_6,0,60
96,48,Carbon,continuous_lp_ideal_point,0,Optimization terminated successfully. (HiGHS Status 7: Optimal),,,10.0328194999893,3.26735971611924e-14,-9699772.19841392,3.26735971611924e-14,30.9336762236174,0.712774794966677,0.287225205033323,,,,4,balanced,compressed_6,0,60
96,48,MeanLatency,continuous_lp_ideal_point,0,Optimization terminated successfully. (HiGHS Status 7: Optimal),,,0.592997800005833,20.8702900966989,-9645032.16041441,9.13744063461595,20.8702900966989,0.711310145882377,0.288689854117623,,,,4,balanced,compressed_6,0,60
96,48,RenewableUnusedRate,continuous_lp_ideal_point,0,Optimization terminated successfully. (HiGHS Status 7: Optimal),,,27.0279287000012,0.283266724805047,-9843777.38986595,14.1459220707033,31.4989122891679,0.716733275194953,0.283266724805047,,,,4,balanced,compressed_6,0,60
120,48,Cost,continuous_lp_ideal_point,0,Optimization terminated successfully. (HiGHS Status 7: Optimal),,,2.57507110000006,-9965480.13075802,-9965480.13075802,3.33955085807247e-14,30.2752908852656,0.706549462047944,0.293450537952056,,,,5,balanced,compressed_6,0,60
120,48,Carbon,continuous_lp_ideal_point,0,Optimization terminated successfully. (HiGHS Status 7: Optimal),,,9.2933619999967,3.33955085807247e-14,-9769587.4214725,3.33955085807247e-14,30.9103465072574,0.704856921905262,0.295143078094738,,,,5,balanced,compressed_6,0,60
120,48,MeanLatency,continuous_lp_ideal_point,0,Optimization terminated successfully. (HiGHS Status 7: Optimal),,,0.50502020001295,23.1562857142857,-9789283.20699295,0.120988499999975,23.1562857142857,0.704000246271971,0.295999753728029,,,,5,balanced,compressed_6,0,60
120,48,RenewableUnusedRate,continuous_lp_ideal_point,0,Optimization terminated successfully. (HiGHS Status 7: Optimal),,,42.0511165999924,0.2905903098577,-9953954.46120873,17.4423646271145,31.5071504237131,0.709409690142299,0.2905903098577,,,,5,balanced,compressed_6,0,60
144,48,Cost,continuous_lp_ideal_point,0,Optimization terminated successfully. (HiGHS Status 7: Optimal),,,2.56926819999353,-9997308.29706445,-9997308.29706445,0,29.9606107450914,0.707832511260525,0.292167488739475,,,,6,balanced,compressed_6,0,60
144,48,Carbon,continuous_lp_ideal_point,0,Optimization terminated successfully. (HiGHS Status 7: Optimal),,,11.1362299000029,0,-9935761.44549045,0,30.764719366381,0.70862226478427,0.29137773521573,,,,6,balanced,compressed_6,0,60
144,48,MeanLatency,continuous_lp_ideal_point,0,Optimization terminated successfully. (HiGHS Status 7: Optimal),,,0.615353000001051,23.4613460095071,-9825354.68163368,0,23.4613460095071,0.705867782340233,0.294132217659767,,,,6,balanced,compressed_6,0,60
144,48,RenewableUnusedRate,continuous_lp_ideal_point,0,Optimization terminated successfully. (HiGHS Status 7: Optimal),,,40.2748129999964,0.28903026574411,-9993754.82146837,4.31355670546191,31.434419234863,0.71096973425589,0.28903026574411,,,,6,balanced,compressed_6,0,60
168,48,Cost,continuous_lp_ideal_point,0,Optimization terminated successfully. (HiGHS Status 7: Optimal),,,3.1394064000051,-10180654.7996646,-10180654.7996646,0.143337599999895,30.0507175600753,0.709966394932482,0.290033605067518,,,,7,balanced,compressed_6,0,60
168,48,Carbon,continuous_lp_ideal_point,0,Optimization terminated successfully. (HiGHS Status 7: Optimal),,,12.8930762000091,0.143337599999895,-9914185.30180268,0.143337599999895,30.9118771347311,0.707079112792317,0.292920887207683,,,,7,balanced,compressed_6,0,60
168,48,MeanLatency,continuous_lp_ideal_point,0,Optimization terminated successfully. (HiGHS Status 7: Optimal),,,0.596307500003604,24.2400798049213,-9998673.31023159,0.274161599999996,24.2400798049213,0.70774899894346,0.29225100105654,,,,7,balanced,compressed_6,0,60
168,48,RenewableUnusedRate,continuous_lp_ideal_point,0,Optimization terminated successfully. (HiGHS Status 7: Optimal),,,46.7372097999905,0.286921198012089,-10159072.6420689,45.3630422741376,31.3366243102452,0.713078801987911,0.286921198012089,,,,7,balanced,compressed_6,0,60
192,48,Cost,continuous_lp_ideal_point,0,Optimization terminated successfully. (HiGHS Status 7: Optimal),,,2.89247990000877,-10191852.3668226,-10191852.3668226,3.38673089572694e-14,30.2950574445877,0.71435398474538,0.28564601525462,,,,8,balanced,compressed_6,0,60
192,48,Carbon,continuous_lp_ideal_point,0,Optimization terminated successfully. (HiGHS Status 7: Optimal),,,14.0536174999725,3.38673089572694e-14,-9893307.71577131,3.38673089572694e-14,30.7641063733151,0.710497551385717,0.289502448614283,,,,8,balanced,compressed_6,0,60
192,48,MeanLatency,continuous_lp_ideal_point,0,Optimization terminated successfully. (HiGHS Status 7: Optimal),,,0.656257200025721,24.7141714971017,-10006571.0361306,3.38673089572694e-14,24.7141714971017,0.711827753734619,0.288172246265381,,,,8,balanced,compressed_6,0,60
192,48,RenewableUnusedRate,continuous_lp_ideal_point,0,Optimization terminated successfully. (HiGHS Status 7: Optimal),,,35.6721535999968,0.283122723869564,-10191841.862204,1.03057118394645e-13,31.2736907891289,0.716877276130437,0.283122723869564,,,,8,balanced,compressed_6,0,60
216,48,Cost,continuous_lp_ideal_point,0,Optimization terminated successfully. (HiGHS Status 7: Optimal),,,3.78625020000618,-10055329.0080119,-10055329.0080119,6.70044283995589,30.4317545139632,0.708440575713295,0.291559424286705,,,,9,balanced,compressed_6,0,60
216,48,Carbon,continuous_lp_ideal_point,0,Optimization terminated successfully. (HiGHS Status 7: Optimal),,,12.3015421000018,6.70044283995583,-9976068.70439683,6.70044283995583,30.8029846948486,0.708559979221627,0.291440020778373,,,,9,balanced,compressed_6,0,60
216,48,MeanLatency,continuous_lp_ideal_point,0,Optimization terminated successfully. (HiGHS Status 7: Optimal),,,0.72854810001445,25.2871340802313,-9869045.54725479,6.70044283995579,25.2871340802313,0.705955456172604,0.294044543827396,,,,9,balanced,compressed_6,0,60
216,48,RenewableUnusedRate,continuous_lp_ideal_point,0,Optimization terminated successfully. (HiGHS Status 7: Optimal),,,34.5943114999973,0.288910242145691,-10041887.7606893,30.4503354591955,30.9929268315453,0.711089757854309,0.288910242145691,,,,9,balanced,compressed_6,0,60
240,48,Cost,continuous_lp_ideal_point,0,Optimization terminated successfully. (HiGHS Status 7: Optimal),,,2.97743199998513,-9855305.85211164,-9855305.85211164,0,30.1240346935472,0.706338724808348,0.293661275191652,,,,10,balanced,compressed_6,0,60
240,48,Carbon,continuous_lp_ideal_point,0,Optimization terminated successfully. (HiGHS Status 7: Optimal),,,9.87330970002222,0,-9748826.0537363,0,30.7256986921333,0.706015181626671,0.293984818373329,,,,10,balanced,compressed_6,0,60
240,48,MeanLatency,continuous_lp_ideal_point,0,Optimization terminated successfully. (HiGHS Status 7: Optimal),,,0.501083900016965,25.7084504713081,-9725440.36509001,0,25.7084504713081,0.705165157274051,0.294834842725949,,,,10,balanced,compressed_6,0,60
240,48,RenewableUnusedRate,continuous_lp_ideal_point,0,Optimization terminated successfully. (HiGHS Status 7: Optimal),,,29.5918970000057,0.290795425998254,-9855298.05322951,1.08825020106451e-12,30.8502254986488,0.709204574001746,0.290795425998254,,,,10,balanced,compressed_6,0,60
264,48,Cost,continuous_lp_ideal_point,0,Optimization terminated successfully. (HiGHS Status 7: Optimal),,,1.97880840001744,-9789037.33960608,-9789037.33960608,0,30.5075939160494,0.705515706847091,0.294484293152909,,,,11,balanced,compressed_6,0,60
264,48,Carbon,continuous_lp_ideal_point,0,Optimization terminated successfully. (HiGHS Status 7: Optimal),,,9.55701829999452,0,-9627009.57336208,0,31.1784799933815,0.704246464982095,0.295753535017905,,,,11,balanced,compressed_6,0,60
264,48,MeanLatency,continuous_lp_ideal_point,0,Optimization terminated successfully. (HiGHS Status 7: Optimal),,,0.60653839999577,26.2685810810811,-9652045.42313033,0,26.2685810810811,0.704057053551548,0.295942946448452,,,,11,balanced,compressed_6,0,60
264,48,RenewableUnusedRate,continuous_lp_ideal_point,0,Optimization terminated successfully. (HiGHS Status 7: Optimal),,,22.3550130999938,0.291802395038364,-9789015.29187168,3.25258042721543e-14,31.2065979636479,0.708197604961636,0.291802395038364,,,,11,balanced,compressed_6,0,60
288,48,Cost,continuous_lp_ideal_point,0,Optimization terminated successfully. (HiGHS Status 7: Optimal),,,3.09277259997907,-9888375.04264914,-9888375.04264914,3.33955085807247e-14,30.3185274081578,0.707312470890579,0.292687529109421,,,,12,balanced,compressed_6,0,60
288,48,Carbon,continuous_lp_ideal_point,0,Optimization terminated successfully. (HiGHS Status 7: Optimal),,,7.84139960000175,0,-9674889.62987847,0,30.7901480998055,0.705129697987705,0.294870302012295,,,,12,balanced,compressed_6,0,60
288,48,MeanLatency,continuous_lp_ideal_point,0,Optimization terminated successfully. (HiGHS Status 7: Optimal),,,0.573379899986321,26.7168468981218,-9700805.55542658,0,26.7168468981218,0.705023971376892,0.294976028623108,,,,12,balanced,compressed_6,0,60
288,48,RenewableUnusedRate,continuous_lp_ideal_point,0,Optimization terminated successfully. (HiGHS Status 7: Optimal),,,26.1578032000107,0.289732660081507,-9884264.99439867,5.10253591688107,31.2064360476026,0.710267339918493,0.289732660081507,,,,12,balanced,compressed_6,0,60
312,48,Cost,continuous_lp_ideal_point,0,Optimization terminated successfully. (HiGHS Status 7: Optimal),,,2.91418129997328,-10088452.9617862,-10088452.9617862,1.02966168924468e-13,30.379678083112,0.706550648211791,0.293449351788209,,,,13,balanced,compressed_6,0,60
312,48,Carbon,continuous_lp_ideal_point,0,Optimization terminated successfully. (HiGHS Status 7: Optimal),,,9.63869500000146,1.02966168924468e-13,-9876683.08080854,1.02966168924468e-13,30.8611041264764,0.704919175601696,0.295080824398304,,,,13,balanced,compressed_6,0,60
312,48,MeanLatency,continuous_lp_ideal_point,0,Optimization terminated successfully. (HiGHS Status 7: Optimal),,,0.576515900000231,26.9953519256308,-9927995.10658071,5.22658469287499,26.9953519256308,0.704583781608399,0.295416218391601,,,,13,balanced,compressed_6,0,60
312,48,RenewableUnusedRate,continuous_lp_ideal_point,0,Optimization terminated successfully. (HiGHS Status 7: Optimal),,,39.5792418000055,0.290541993494744,-10083050.3563802,11.0195804177069,30.9240721094453,0.709458006505256,0.290541993494744,,,,13,balanced,compressed_6,0,60
336,48,Cost,continuous_lp_ideal_point,0,Optimization terminated successfully. (HiGHS Status 7: Optimal),,,2.97206280002138,-10204112.7009472,-10204112.7009472,3.43504780175863e-14,30.4287797878313,0.709660503445153,0.290339496554847,,,,14,balanced,compressed_6,0,60
336,48,Carbon,continuous_lp_ideal_point,0,Optimization terminated successfully. (HiGHS Status 7: Optimal),,,8.65846929998952,3.43504780175863e-14,-10136721.8489682,3.43504780175863e-14,30.7905773053115,0.710162544137035,0.289837455862965,,,,14,balanced,compressed_6,0,60
336,48,MeanLatency,continuous_lp_ideal_point,0,Optimization terminated successfully. (HiGHS Status 7: Optimal),,,0.547322400001576,27.431013177399,-10009829.9902952,0,27.431013177399,0.707058749792358,0.292941250207642,,,,14,balanced,compressed_6,0,60
336,48,RenewableUnusedRate,continuous_lp_ideal_point,0,Optimization terminated successfully. (HiGHS Status 7: Optimal),,,42.5457104000088,0.287376510960094,-10193964.2355282,21.1167684508684,31.0768116946681,0.712623489039906,0.287376510960094,,,,14,balanced,compressed_6,0,60
