Split,Model,Level,Entity,ObservationCount,ActualTotal_GPU,WAPE,RMSE,MAE
test,HierarchicalLocalMean,Region,RegionA,24,1300.0,0.7876282051282052,57.88735769194822,42.66319444444445
test,HierarchicalLocalMean,Region,RegionB,24,1439.0,0.6195467531464752,46.12747994270008,37.14699074074074
test,HierarchicalLocalMean,Region,RegionC,24,889.0,0.764341957255343,36.10687742276009,28.3125
test,HierarchicalLocalMean,Region,RegionD,24,4193.0,0.48713464239340704,103.87103976197875,85.10648148148148
test,HierarchicalLocalMean,Region,RegionE,24,4682.0,0.5518059708576581,152.55370436685365,107.64814814814815
test,HierarchicalLocalMean,Region,RegionF,24,4946.0,0.41638585613514845,113.57770919610311,85.81018518518518
test,HierarchicalLocalMean,System,ALL,24,17449.0,0.24427378837373684,222.19682841020833,177.59722222222226
test,HierarchicalLocalMean,TaskType,AITraining,24,14236.0,0.28244513127907345,209.699461605248,167.53703703703707
test,HierarchicalLocalMean,TaskType,BatchInference,24,2583.0,0.23996644728352043,36.33849351735857,25.826388888888886
test,HierarchicalLocalMean,TaskType,RealTimeInference,24,630.0,0.32901234567901233,10.493641519781347,8.636574074074074
validation,HierarchicalLocalMean,Region,RegionA,24,1022.0,0.9147097195042401,44.181315268189564,38.95138888888889
validation,HierarchicalLocalMean,Region,RegionB,24,1478.0,0.6632273342354533,56.595374884643476,40.84375
validation,HierarchicalLocalMean,Region,RegionC,24,929.0,0.7831898098313598,43.81707160330193,30.315972222222218
validation,HierarchicalLocalMean,Region,RegionD,24,3937.0,0.4072051477436288,84.89920494327376,66.79861111111111
validation,HierarchicalLocalMean,Region,RegionE,24,3010.0,0.7707272056109264,111.21118843732394,96.66203703703702
validation,HierarchicalLocalMean,Region,RegionF,24,3758.0,0.4702264798060434,103.70936657818996,73.62962962962963
validation,HierarchicalLocalMean,System,ALL,24,14134.0,0.2761976636322186,181.78893269223713,162.6574074074074
validation,HierarchicalLocalMean,TaskType,AITraining,24,11407.0,0.3562773345801311,186.56109107249694,169.33564814814815
validation,HierarchicalLocalMean,TaskType,BatchInference,24,2059.0,0.31738708110733366,31.688232787932847,27.229166666666668
validation,HierarchicalLocalMean,TaskType,RealTimeInference,24,668.0,0.3618596141051231,11.824364102130527,10.071759259259258
