Split,Model,Level,Entity,FitEndHour,HistoryStartHour,HistoryWindowHours,Mean_GPU_Demand,HistoryTotal_GPU_Demand,HistoryObservationCount
test,HierarchicalLocalMean,Region,RegionA,2375,2304,72,51.791666666666664,3729.0,72
test,HierarchicalLocalMean,Region,RegionB,2375,2304,72,61.263888888888886,4411.0,72
test,HierarchicalLocalMean,Region,RegionC,2375,2304,72,39.541666666666664,2847.0,72
test,HierarchicalLocalMean,Region,RegionD,2375,2304,72,186.44444444444446,13424.0,72
test,HierarchicalLocalMean,Region,RegionE,2375,2304,72,125.05555555555556,9004.0,72
test,HierarchicalLocalMean,Region,RegionF,2375,2304,72,146.56944444444446,10553.0,72
test,HierarchicalLocalMean,System,ALL,2375,2304,72,610.6666666666666,43968.0,72
test,HierarchicalLocalMean,TaskType,AITraining,2375,2304,72,489.1111111111111,35216.0,72
test,HierarchicalLocalMean,TaskType,BatchInference,2375,2304,72,93.91666666666667,6762.0,72
test,HierarchicalLocalMean,TaskType,RealTimeInference,2375,2304,72,27.63888888888889,1990.0,72
validation,HierarchicalLocalMean,Region,RegionA,2351,2280,72,52.736111111111114,3797.0,72
validation,HierarchicalLocalMean,Region,RegionB,2351,2280,72,56.375,4059.0,72
validation,HierarchicalLocalMean,Region,RegionC,2351,2280,72,39.458333333333336,2841.0,72
validation,HierarchicalLocalMean,Region,RegionD,2351,2280,72,193.08333333333334,13902.0,72
validation,HierarchicalLocalMean,Region,RegionE,2351,2280,72,134.73611111111111,9701.0,72
validation,HierarchicalLocalMean,Region,RegionF,2351,2280,72,140.55555555555554,10120.0,72
validation,HierarchicalLocalMean,System,ALL,2351,2280,72,616.9444444444445,44420.0,72
validation,HierarchicalLocalMean,TaskType,AITraining,2351,2280,72,490.2638888888889,35299.0,72
validation,HierarchicalLocalMean,TaskType,BatchInference,2351,2280,72,98.54166666666667,7095.0,72
validation,HierarchicalLocalMean,TaskType,RealTimeInference,2351,2280,72,28.13888888888889,2026.0,72
