Metric,ReferenceScheme,Balanced,Reference,Difference,RelativeDifference
Cost,BaselineReference,-459055485.826174,1801786872.69189,-2260842358.51806,-1.25477790563561
Cost,NoStorage,-459055485.826174,-419693592.93931,-39361892.8868637,-0.0937872141702093
Carbon,BaselineReference,0,2045367.47528405,-2045367.47528405,-1
Carbon,NoStorage,0,8.85056257190901,-8.85056257190901,-1
Peak,BaselineReference,0,2021.2628,-2021.2628,-1
Peak,NoStorage,0,31.59786709,-31.59786709,-1
Ramp,BaselineReference,0.0112528088370662,28.1475933679834,-28.1363405591463,-0.999600221280379
Ramp,NoStorage,0.0112528088370662,5.39810724538307,-5.386854436546,-0.997915415843824
Throughput,BaselineReference,346120.988399518,587417.457,-241296.468600482,-0.410775106740626
Throughput,NoStorage,346120.988399518,0,346120.988399518,
