WindowID,Mode,Objective,WindowStartHour,DecisionEndHourExclusive,PlanEndHourExclusive,CandidateMode,RecoveryAttempt,SolverTimeLimitSeconds,ConsideredTaskCount,CandidateOptionCount,CommittedTaskCount,RemainingPendingTaskCount,ElapsedSeconds,Cost,Carbon,MeanLatency,RenewableUtilization,RenewableUnusedRate,AverageWaitHours,MigratedTaskRatio,MigrationGPUWorkload_GPUh,TaskCount,MaxGPUUtilization,MaxAIITCapacityUtilization,MinGPUSlack,MinITSlack_MW,MinFacilitySlack_MW,MaxGridPurchaseViolation_MW,NormalizedObjectivesUsed,ZStar,SumNormalizedStar,WindowIdealCostLB,WindowIdealCarbonLB,WindowIdealMeanLatencyLB,WindowIdealRenewableUnusedRateLB,WindowBaselineReferenceCost,WindowBaselineReferenceCarbon,WindowBaselineReferenceMeanLatency,WindowBaselineReferenceRenewableUnusedRate
0,balanced,,0,24,48,compressed_6,0,60,1019,23422,418,49582,94.682802299998,-9600606.79980299,48.8084413725112,32.2100098135427,0.698332407919002,0.301667592080998,2.59175662414131,0.767419038272816,85159.0333333333,1019,0.999920634920635,0.999855041674873,0.0499999999999545,0.008666666666727,0.0117000000000189,0,2,0.558791257275936,,-9964963.9874281,0,5,0.295396806189157,-9312918.73281668,0,5,0.307893874171728
1,balanced,,24,48,72,compressed_6,0,60,1079,26869,463,49119,211.380445799994,-9518585.07708736,77.8121365410636,32.0961923847695,0.702630229223836,0.297369770776164,4.08016032064128,0.760855043420174,124564.4,1497,0.999286684782608,0.999475076493786,1.05000000000177,0.0253333333333785,0.0342000000000553,0,3,1.78132972771334,,-10019124.5222531,0,11.7762191048764,0.288501973004454,-9106357.19533784,43.6820512959999,11.7762191048764,0.30560442900263
2,balanced,,48,72,96,compressed_6,0,60,1132,27686,473,48646,321.525563300005,-9615997.02011088,29.5491960511543,32.1217088922007,0.708608700831793,0.291391299168207,4.65524093392946,0.756085444610035,164487.066666667,2013,0.999344375431332,0.99934027029322,0.633333333333098,0.0336666666667043,0.0454499999999598,0,3,0.435608442591861,,-9983345.30802506,0,16.2682563338301,0.284869884228251,-9054783.71979399,67.834305219929,16.2682563338301,0.302019887536581
3,balanced,,72,96,120,compressed_6,0,60,1153,27662,480,48166,443.649449699995,-8546230.3661949,119.955958434641,31.2588751495812,0.689416012017038,0.310583987982962,5.70362983645792,0.759074591144795,200703.333333333,2507,0.99846837944664,0.996383678287948,1.2666666666662,0.134666999999979,0.185840460000009,0,3,1000000,,-9917231.78111769,0.842182698000061,19.5708017550858,0.287231425966508,-8958882.28975823,143.168703486982,19.5708017550858,0.304920678079866
4,balanced,,96,120,144,compressed_6,0,60,1165,29516,611,47555,573.171136299992,-8589017.36426877,51.4416990909801,30.6715571857286,0.695427552727533,0.304572447272467,5.14504834944982,0.751250416805602,236799.533333333,2999,0.999654150197629,0.993624668446018,0.349999999999795,0.206667000000039,0.279000450000012,0,3,1000000,,-9849513.88599681,0,20.8702900966989,0.283266724805047,-9017925.76746515,26.6406373009277,20.8702900966989,0.298935532743438
5,balanced,,120,144,168,compressed_6,0,60,1055,25689,477,47078,707.150666600006,-8632011.95741238,94.0583504210691,30.4317142857143,0.687358340025007,0.312641659974993,4.9,0.748285714285714,273314.25,3500,0.999447895100069,0.993878888567432,0.533333333333303,0.335999666666737,0.463679540000157,0,3,1000000,,-9965480.13075802,3.33955085807247e-14,23.1562857142857,0.2905903098577,-9172303.17893236,15.8288210437545,23.1562857142857,0.305602607496878
6,balanced,,144,168,192,compressed_6,0,60,1075,26493,475,46603,827.814277800004,-9506079.08297846,63.6412381673984,30.9957468101076,0.70284260560197,0.29715739439803,4.90843132349262,0.755316487365524,321631.8,3997,0.998888888888888,0.999620616944306,0.650000000000659,0.0173330000000078,0.0239195400000654,0,3,2.52753983674097,,-9997308.29706445,0,23.4613460095071,0.28903026574411,-9193618.77789109,25.179123684736,23.4613460095071,0.30439838857549
7,balanced,,168,192,216,compressed_6,0,60,1114,27734,470,46133,978.181661500013,-8743835.51674203,156.174270845342,30.5187319884726,0.689064751045545,0.310935248954455,5.13943693194414,0.75149634227444,360996.333333333,4511,1,0.996608795221129,0,0.196000333333188,0.269999999999982,0,3,1000000,,-10180654.7996646,0.143337599999895,24.2400798049213,0.286921198012089,-9247963.13652389,46.2336772847839,24.2400798049213,0.304067962047394
8,balanced,,192,216,240,compressed_6,0,60,1136,29149,490,45643,1099.186438,-9608930.9200829,68.2355220562947,31.263841694983,0.706998029821785,0.293001970178215,5.46831900859484,0.752348590845493,407791.35,5003,0.99802371541502,0.999911933069129,2,0.00666666666694482,0.00900000000035561,0,3,0.938374828780771,,-10191852.3668226,3.38673089572694e-14,24.7141714971017,0.283122723869564,-9214773.6921948,72.7167012194402,24.7141714971017,0.300458374659575
9,balanced,,216,240,264,compressed_6,0,60,1177,29185,519,45124,1237.5518747,-8914711.54339698,106.758755825274,30.3805565594507,0.693006236917188,0.306993763082812,5.4584387423202,0.7455728225515,441937.083333333,5534,0.999440052700924,0.995367770915212,0.566666666665014,0.0990000000001032,0.133650000000102,0,3,1000000,,-10055329.0080119,6.70044283995579,25.2871340802313,0.288910242145691,-9187565.44945115,77.705444031561,25.2871340802313,0.304706141817383
10,balanced,,240,264,288,compressed_6,0,60,1171,28501,510,44614,1347.204192,-9398660.15538964,39.3842807670667,30.7225070282785,0.7018394061202,0.2981605938798,5.66148503390111,0.749627914668431,485861.416666667,6047,0.999341238471673,0.999402439291023,0.483333333330052,0.0186670000000504,0.0257604600001287,0,3,0.722224587487692,,-9855305.85211164,0,25.7084504713081,0.290795425998254,-9130649.75915366,54.5319024710411,25.7084504713081,0.304530153798735
11,balanced,,264,288,312,compressed_6,0,60,1126,28398,568,44046,1463.55647070002,-9000924.94420294,55.4343147308716,30.6073402948403,0.694656021968473,0.305343978031527,5.5982800982801,0.749078624078624,513565.683333333,6512,0.99956866804693,0.99957379991027,0.416666666665833,0.0126666666667461,0.0171000000000276,0,3,1000000,,-9789037.33960608,0,26.2685810810811,0.291802395038364,-9046996.75346152,86.5680787841433,26.2685810810811,0.306014774743158
12,balanced,,288,312,336,compressed_6,0,60,1074,26774,461,43585,1568.95870290001,-9514095.85179462,65.797060523026,30.9731075697211,0.704088164750023,0.295911835249977,5.45318725099602,0.750284575981787,560999.2,7028,0.999773550724636,0.99872616101325,0.333333333336213,0.0349999999999682,0.0472499999999627,0,3,0.808015300229395,,-9888375.04264914,0,26.7168468981218,0.289732660081507,-9037950.4911457,81.4304636364514,26.7168468981218,0.305817620836983
13,balanced,,312,336,360,compressed_6,0,60,1115,27143,517,43068,1694.50068319999,-9644052.40278857,69.711236119534,30.7758300132802,0.701854932271109,0.298145067728891,5.35484727755644,0.748339973439575,602826.4,7530,0.99985754985755,0.997394613583134,0.0833333333334849,0.0890000000001692,0.120150000000194,0,3,0.975038944088036,,-10088452.9617862,1.02966168924468e-13,26.9953519256308,0.290541993494744,-9281481.77141734,71.4958479783959,26.9953519256308,0.305533932825898
14,balanced,,336,360,384,compressed_6,0,60,1092,25300,439,42629,1837.07897110001,-9928039.21196597,1.36653694678498,27.4653539381854,0.705763035914534,0.294236964085466,5.51258723828514,0.649177467597208,554385.85,8024,0.998516218081438,0.999075887634677,1.43333333333078,0.025333000000046,0.0349595400000453,0,4,16.6492966752011,,-10204112.7009472,0,27.431013177399,0.287376510960094,-9254304.48551426,119.766012161739,27.433075772682,0.304529046494325
