TaskID,TaskType,ArrivalHour,SourceRegion,TargetRegion,NetworkLatency_ms,MaxLatency_ms,StartHour,FinishHour,Duration_h,GPU_Demand,Task_Full_IT_Power_MW,WaitHours,Migration_GPU_Workload_GPUh,IsMigrated
75,BatchInference,13,RegionD,RegionD,5,80,17,23.5833333333333,6.58333333333333,15,1.5,4,0,0
84,AITraining,2,RegionF,RegionB,79,150,13,17.4,4.4,71,11.36,11,312.4,1
261,AITraining,1,RegionF,RegionD,25,150,14,18.15,4.15,92,14.72,13,381.8,1
673,RealTimeInference,11,RegionC,RegionC,5,20,11,12.9166666666667,1.91666666666667,2,0.16,0,0,0
1573,BatchInference,18,RegionF,RegionB,79,80,18,19.3333333333333,1.33333333333333,20,2,0,26.6666666666667,1
1681,BatchInference,2,RegionB,RegionD,60,80,10,15.3,5.3,20,2,8,106,1
1819,BatchInference,5,RegionC,RegionC,5,80,19,23.0833333333333,4.08333333333333,11,1.1,14,0,0
1930,BatchInference,2,RegionB,RegionF,79,80,20,21.9,1.9,18,1.8,18,34.2,1
1952,AITraining,7,RegionE,RegionB,74,150,13,13.1833333333333,0.183333333333333,74,11.84,6,13.5666666666667,1
1970,RealTimeInference,5,RegionB,RegionC,14,20,5,10.7666666666667,5.76666666666667,1,0.08,0,5.76666666666667,1
2196,RealTimeInference,16,RegionD,RegionD,5,20,16,17.7,1.7,6,0.48,0,0,0
2413,BatchInference,23,RegionF,RegionB,79,80,23,29.6,6.6,11,1.1,0,72.6,1
2521,RealTimeInference,19,RegionB,RegionB,5,20,19,20.6333333333333,1.63333333333333,5,0.4,0,0,0
2639,RealTimeInference,22,RegionB,RegionB,5,20,22,24.4666666666667,2.46666666666667,4,0.32,0,0,0
2690,AITraining,1,RegionD,RegionD,5,150,5,10.3,5.3,82,13.12,4,0,0
3249,RealTimeInference,14,RegionB,RegionC,14,20,14,19.5333333333333,5.53333333333333,4,0.32,0,22.1333333333333,1
3253,AITraining,23,RegionA,RegionA,5,150,23,25.8666666666667,2.86666666666667,54,8.64,0,0,0
3300,RealTimeInference,6,RegionA,RegionC,15,20,6,7.18333333333333,1.18333333333333,6,0.48,0,7.1,1
3362,RealTimeInference,16,RegionC,RegionB,14,20,16,19.95,3.95,4,0.32,0,15.8,1
3445,AITraining,0,RegionD,RegionD,5,150,21,22.2333333333333,1.23333333333333,57,9.12,21,0,0
3460,RealTimeInference,3,RegionB,RegionB,5,20,3,6.55,3.55,3,0.24,0,0,0
3614,AITraining,3,RegionB,RegionF,79,150,16,18.7666666666667,2.76666666666667,59,9.44,13,163.233333333333,1
3788,AITraining,5,RegionE,RegionD,22,150,7,7.95,0.95,56,8.96,2,53.2,1
4020,AITraining,17,RegionF,RegionB,79,150,18,23.9166666666667,5.91666666666667,90,14.4,1,532.5,1
4434,RealTimeInference,23,RegionA,RegionB,12,20,23,26.1333333333333,3.13333333333333,5,0.4,0,15.6666666666667,1
4588,AITraining,21,RegionE,RegionA,78,150,21,26.05,5.05,119,19.04,0,600.95,1
4717,RealTimeInference,4,RegionA,RegionC,15,20,4,7.6,3.6,4,0.32,0,14.4,1
4742,AITraining,8,RegionA,RegionD,65,150,9,13.6,4.6,80,12.8,1,368,1
4787,BatchInference,8,RegionF,RegionB,79,80,8,14.55,6.55,13,1.3,0,85.15,1
5204,RealTimeInference,17,RegionB,RegionC,14,20,17,21.3333333333333,4.33333333333333,7,0.56,0,30.3333333333333,1
5249,BatchInference,6,RegionB,RegionA,12,80,6,6.91666666666667,0.916666666666667,5,0.5,0,4.58333333333333,1
5291,RealTimeInference,12,RegionC,RegionC,5,20,12,17.2166666666667,5.21666666666667,2,0.16,0,0,0
5348,AITraining,6,RegionD,RegionD,5,150,10,13.8166666666667,3.81666666666667,32,5.12,4,0,0
5450,AITraining,0,RegionF,RegionA,82,150,0,5.73333333333333,5.73333333333333,116,18.56,0,665.066666666667,1
5647,RealTimeInference,2,RegionA,RegionA,5,20,2,6.78333333333333,4.78333333333333,3,0.24,0,0,0
5714,RealTimeInference,5,RegionA,RegionC,15,20,5,7.9,2.9,7,0.56,0,20.3,1
6016,AITraining,15,RegionD,RegionD,5,150,16,19.2333333333333,3.23333333333333,126,20.16,1,0,0
6224,AITraining,20,RegionF,RegionA,82,150,20,25.2166666666667,5.21666666666667,101,16.16,0,526.883333333333,1
6307,AITraining,12,RegionE,RegionA,78,150,12,13.8166666666667,1.81666666666667,69,11.04,0,125.35,1
6384,AITraining,2,RegionD,RegionD,5,150,8,10.7833333333333,2.78333333333333,118,18.88,6,0,0
6540,RealTimeInference,21,RegionA,RegionB,12,20,21,27.5,6.5,6,0.48,0,39,1
7029,RealTimeInference,22,RegionC,RegionC,5,20,22,23.45,1.45,3,0.24,0,0,0
7060,BatchInference,1,RegionC,RegionA,15,80,1,5.43333333333333,4.43333333333333,5,0.5,0,22.1666666666667,1
7092,RealTimeInference,22,RegionA,RegionC,15,20,22,23.5333333333333,1.53333333333333,6,0.48,0,9.2,1
7217,BatchInference,3,RegionB,RegionA,12,80,3,3.96666666666667,0.966666666666667,20,2,0,19.3333333333333,1
7226,BatchInference,20,RegionD,RegionD,5,80,21,23.1666666666667,2.16666666666667,14,1.4,1,0,0
7246,AITraining,6,RegionF,RegionD,25,150,17,20.8333333333333,3.83333333333333,29,4.64,11,111.166666666667,1
7759,AITraining,2,RegionF,RegionD,25,150,10,14.1833333333333,4.18333333333333,123,19.68,8,514.55,1
8048,RealTimeInference,19,RegionA,RegionC,15,20,19,24.2166666666667,5.21666666666667,4,0.32,0,20.8666666666667,1
8480,RealTimeInference,12,RegionC,RegionC,5,20,12,18.15,6.15,5,0.4,0,0,0
8678,AITraining,16,RegionB,RegionA,12,150,16,16.2166666666667,0.216666666666667,69,11.04,0,14.95,1
8692,AITraining,2,RegionD,RegionD,5,150,14,15.0833333333333,1.08333333333333,66,10.56,12,0,0
8755,RealTimeInference,23,RegionC,RegionC,5,20,23,29.3833333333333,6.38333333333333,7,0.56,0,0,0
8884,BatchInference,13,RegionC,RegionC,5,80,15,20.6166666666667,5.61666666666667,21,2.1,2,0,0
9020,RealTimeInference,2,RegionA,RegionA,5,20,2,8.01666666666667,6.01666666666667,5,0.4,0,0,0
9101,RealTimeInference,2,RegionB,RegionC,14,20,2,2.7,0.7,4,0.32,0,2.8,1
9159,RealTimeInference,8,RegionB,RegionC,14,20,8,12.85,4.85,4,0.32,0,19.4,1
9170,AITraining,0,RegionB,RegionB,5,150,10,12.4833333333333,2.48333333333333,50,8,10,0,0
9233,BatchInference,11,RegionD,RegionD,5,80,11,14.6833333333333,3.68333333333333,17,1.7,0,0,0
9260,BatchInference,9,RegionE,RegionD,22,80,10,15.6,5.6,12,1.2,1,67.2,1
9291,RealTimeInference,13,RegionB,RegionC,14,20,13,18.9333333333333,5.93333333333333,2,0.16,0,11.8666666666667,1
9326,RealTimeInference,15,RegionC,RegionB,14,20,15,16.4166666666667,1.41666666666667,2,0.16,0,2.83333333333333,1
9378,RealTimeInference,16,RegionC,RegionC,5,20,16,17.4833333333333,1.48333333333333,7,0.56,0,0,0
9424,AITraining,11,RegionF,RegionD,25,150,16,17.5666666666667,1.56666666666667,65,10.4,5,101.833333333333,1
9487,BatchInference,5,RegionC,RegionC,5,80,15,19.7166666666667,4.71666666666667,9,0.9,10,0,0
9537,BatchInference,0,RegionA,RegionA,5,80,0,0.316666666666667,0.316666666666667,17,1.7,0,0,0
10307,BatchInference,11,RegionC,RegionD,58,80,11,13.7166666666667,2.71666666666667,10,1,0,27.1666666666667,1
10404,RealTimeInference,5,RegionA,RegionC,15,20,5,9.78333333333333,4.78333333333333,7,0.56,0,33.4833333333333,1
10525,AITraining,12,RegionE,RegionC,70,150,15,18.2666666666667,3.26666666666667,38,6.08,3,124.133333333333,1
10916,RealTimeInference,8,RegionA,RegionC,15,20,8,10.0833333333333,2.08333333333333,2,0.16,0,4.16666666666667,1
10943,RealTimeInference,14,RegionB,RegionA,12,20,14,16.2166666666667,2.21666666666667,2,0.16,0,4.43333333333333,1
10946,RealTimeInference,14,RegionC,RegionC,5,20,14,17.7333333333333,3.73333333333333,6,0.48,0,0,0
10960,BatchInference,6,RegionF,RegionB,79,80,6,11.6,5.6,9,0.9,0,50.4,1
11030,RealTimeInference,11,RegionB,RegionC,14,20,11,12.9166666666667,1.91666666666667,6,0.48,0,11.5,1
11183,RealTimeInference,12,RegionF,RegionF,5,20,12,18.5833333333333,6.58333333333333,7,0.56,0,0,0
11311,RealTimeInference,4,RegionB,RegionC,14,20,4,10.5333333333333,6.53333333333333,2,0.16,0,13.0666666666667,1
11346,RealTimeInference,11,RegionC,RegionC,5,20,11,13.6166666666667,2.61666666666667,2,0.16,0,0,0
11646,BatchInference,2,RegionD,RegionD,5,80,7,12.85,5.85,17,1.7,5,0,0
11953,AITraining,6,RegionD,RegionA,65,150,6,8.13333333333333,2.13333333333333,75,12,0,160,1
12031,RealTimeInference,3,RegionA,RegionC,15,20,3,5.56666666666667,2.56666666666667,6,0.48,0,15.4,1
12072,AITraining,8,RegionD,RegionA,65,150,8,13.05,5.05,121,19.36,0,611.05,1
12073,RealTimeInference,22,RegionC,RegionC,5,20,22,28.3333333333333,6.33333333333333,4,0.32,0,0,0
12079,RealTimeInference,15,RegionB,RegionC,14,20,15,15.9333333333333,0.933333333333333,5,0.4,0,4.66666666666667,1
12084,AITraining,7,RegionD,RegionD,5,150,9,12.8833333333333,3.88333333333333,89,14.24,2,0,0
12166,AITraining,15,RegionF,RegionA,82,150,15,18.3333333333333,3.33333333333333,122,19.52,0,406.666666666667,1
12495,BatchInference,19,RegionF,RegionB,79,80,19,19.4833333333333,0.483333333333333,7,0.7,0,3.38333333333333,1
12511,AITraining,5,RegionD,RegionB,60,150,5,9.83333333333333,4.83333333333333,20,3.2,0,96.6666666666667,1
12529,AITraining,14,RegionD,RegionC,58,150,15,18.1333333333333,3.13333333333333,24,3.84,1,75.2,1
12733,BatchInference,6,RegionB,RegionD,60,80,21,21.1666666666667,0.166666666666667,20,2,15,3.33333333333333,1
12742,AITraining,19,RegionE,RegionD,22,150,21,23.95,2.95,29,4.64,2,85.55,1
12937,BatchInference,17,RegionB,RegionD,60,80,20,22.0166666666667,2.01666666666667,9,0.9,3,18.15,1
12976,AITraining,14,RegionD,RegionA,65,150,14,20.2166666666667,6.21666666666667,65,10.4,0,404.083333333333,1
13021,RealTimeInference,18,RegionA,RegionC,15,20,18,20.0166666666667,2.01666666666667,5,0.4,0,10.0833333333333,1
13050,RealTimeInference,12,RegionB,RegionC,14,20,12,12.35,0.35,7,0.56,0,2.45,1
13203,AITraining,21,RegionF,RegionA,82,150,22,23.4,1.4,116,18.56,1,162.4,1
13234,AITraining,2,RegionE,RegionD,22,150,17,19.5833333333333,2.58333333333333,73,11.68,15,188.583333333333,1
13615,RealTimeInference,8,RegionC,RegionC,5,20,8,13.3333333333333,5.33333333333333,5,0.4,0,0,0
13772,RealTimeInference,18,RegionC,RegionC,5,20,18,18.5,0.5,1,0.08,0,0,0
13807,RealTimeInference,17,RegionA,RegionB,12,20,17,23.4,6.4,2,0.16,0,12.8,1
13810,RealTimeInference,11,RegionB,RegionB,5,20,11,13.8833333333333,2.88333333333333,5,0.4,0,0,0
13853,RealTimeInference,21,RegionA,RegionB,12,20,21,23.0833333333333,2.08333333333333,6,0.48,0,12.5,1
13959,BatchInference,11,RegionA,RegionD,65,80,11,14.4,3.4,16,1.6,0,54.4,1
14042,AITraining,17,RegionF,RegionA,82,150,17,19.7,2.7,54,8.64,0,145.8,1
14112,AITraining,0,RegionD,RegionB,60,150,13,14.4,1.4,102,16.32,13,142.8,1
14132,RealTimeInference,15,RegionB,RegionB,5,20,15,16.6833333333333,1.68333333333333,6,0.48,0,0,0
14205,RealTimeInference,16,RegionC,RegionB,14,20,16,19.25,3.25,1,0.08,0,3.25,1
14243,RealTimeInference,15,RegionB,RegionC,14,20,15,20.2166666666667,5.21666666666667,7,0.56,0,36.5166666666667,1
14355,RealTimeInference,15,RegionB,RegionB,5,20,15,15.45,0.45,2,0.16,0,0,0
14374,AITraining,10,RegionD,RegionB,60,150,14,18.8,4.8,123,19.68,4,590.4,1
14554,BatchInference,12,RegionF,RegionB,79,80,12,16.3666666666667,4.36666666666667,17,1.7,0,74.2333333333333,1
14640,AITraining,3,RegionF,RegionB,79,150,4,9.91666666666667,5.91666666666667,118,18.88,1,698.166666666667,1
14687,AITraining,9,RegionD,RegionD,5,150,11,11.45,0.45,107,17.12,2,0,0
14921,AITraining,17,RegionF,RegionB,79,150,22,26.1666666666667,4.16666666666667,119,19.04,5,495.833333333333,1
14959,RealTimeInference,8,RegionB,RegionC,14,20,8,13.3166666666667,5.31666666666667,6,0.48,0,31.9,1
14997,RealTimeInference,14,RegionB,RegionA,12,20,14,17.2,3.2,5,0.4,0,16,1
15020,RealTimeInference,5,RegionD,RegionD,5,20,5,7.31666666666667,2.31666666666667,3,0.24,0,0,0
15119,AITraining,19,RegionA,RegionA,5,150,19,23.9333333333333,4.93333333333333,58,9.28,0,0,0
15164,BatchInference,20,RegionE,RegionD,22,80,21,23.7,2.7,19,1.9,1,51.3,1
15197,RealTimeInference,1,RegionD,RegionD,5,20,1,1.65,0.65,4,0.32,0,0,0
15302,BatchInference,23,RegionF,RegionB,79,80,23,28.3,5.3,16,1.6,0,84.8,1
15352,RealTimeInference,17,RegionB,RegionB,5,20,17,18.1166666666667,1.11666666666667,7,0.56,0,0,0
15383,RealTimeInference,3,RegionA,RegionC,15,20,3,9.4,6.4,5,0.4,0,32,1
15478,RealTimeInference,18,RegionC,RegionC,5,20,18,20.2166666666667,2.21666666666667,5,0.4,0,0,0
15577,BatchInference,10,RegionE,RegionA,78,80,10,12.9333333333333,2.93333333333333,14,1.4,0,41.0666666666667,1
15603,RealTimeInference,14,RegionC,RegionA,15,20,14,16.1666666666667,2.16666666666667,7,0.56,0,15.1666666666667,1
15627,BatchInference,15,RegionC,RegionC,5,80,15,21.5333333333333,6.53333333333333,16,1.6,0,0,0
15673,AITraining,2,RegionD,RegionD,5,150,6,11.9833333333333,5.98333333333333,108,17.28,4,0,0
15705,RealTimeInference,17,RegionB,RegionC,14,20,17,21.6166666666667,4.61666666666667,2,0.16,0,9.23333333333333,1
15802,AITraining,19,RegionC,RegionC,5,150,19,21.1666666666667,2.16666666666667,23,3.68,0,0,0
15945,BatchInference,4,RegionF,RegionB,79,80,4,6.48333333333333,2.48333333333333,10,1,0,24.8333333333333,1
16083,RealTimeInference,12,RegionF,RegionF,5,20,12,16.3666666666667,4.36666666666667,1,0.08,0,0,0
16288,BatchInference,9,RegionB,RegionC,14,80,9,12.3,3.3,23,2.3,0,75.9,1
16511,AITraining,0,RegionD,RegionA,65,150,0,1.36666666666667,1.36666666666667,36,5.76,0,49.2,1
16550,RealTimeInference,10,RegionA,RegionB,12,20,10,12.7,2.7,5,0.4,0,13.5,1
16833,AITraining,20,RegionD,RegionD,5,150,21,22.75,1.75,87,13.92,1,0,0
16915,AITraining,10,RegionF,RegionD,25,150,11,12.1,1.1,102,16.32,1,112.2,1
16962,BatchInference,7,RegionF,RegionD,25,80,12,14.3666666666667,2.36666666666667,21,2.1,5,49.7,1
17152,BatchInference,14,RegionF,RegionF,5,80,20,21.7,1.7,16,1.6,6,0,0
17221,RealTimeInference,1,RegionB,RegionC,14,20,1,1.43333333333333,0.433333333333333,6,0.48,0,2.6,1
17295,AITraining,9,RegionE,RegionA,78,150,9,13.1333333333333,4.13333333333333,39,6.24,0,161.2,1
17364,AITraining,14,RegionD,RegionD,5,150,21,22.95,1.95,89,14.24,7,0,0
17660,RealTimeInference,7,RegionB,RegionB,5,20,7,10.85,3.85,2,0.16,0,0,0
17762,RealTimeInference,17,RegionE,RegionE,5,20,17,19.2666666666667,2.26666666666667,7,0.56,0,0,0
17844,BatchInference,5,RegionC,RegionA,15,80,5,8.78333333333333,3.78333333333333,16,1.6,0,60.5333333333333,1
17866,BatchInference,15,RegionE,RegionD,22,80,21,23.2833333333333,2.28333333333333,22,2.2,6,50.2333333333333,1
18177,RealTimeInference,11,RegionA,RegionC,15,20,11,12.9333333333333,1.93333333333333,6,0.48,0,11.6,1
18195,RealTimeInference,5,RegionE,RegionF,18,20,5,8.41666666666667,3.41666666666667,3,0.24,0,10.25,1
18213,AITraining,14,RegionE,RegionA,78,150,14,15,1,123,19.68,0,123,1
18322,RealTimeInference,16,RegionA,RegionB,12,20,16,18.2,2.2,3,0.24,0,6.6,1
18364,AITraining,10,RegionE,RegionD,22,150,12,13.05,1.05,120,19.2,2,126,1
18424,RealTimeInference,17,RegionC,RegionC,5,20,17,21.25,4.25,3,0.24,0,0,0
18475,RealTimeInference,10,RegionB,RegionB,5,20,10,10.6,0.6,7,0.56,0,0,0
18564,BatchInference,4,RegionB,RegionD,60,80,7,11.3166666666667,4.31666666666667,12,1.2,3,51.8,1
18585,AITraining,2,RegionD,RegionB,60,150,4,9.96666666666667,5.96666666666667,16,2.56,2,95.4666666666667,1
18715,BatchInference,13,RegionB,RegionD,60,80,18,22.4833333333333,4.48333333333333,12,1.2,5,53.8,1
19256,RealTimeInference,8,RegionC,RegionC,5,20,8,11.6666666666667,3.66666666666667,5,0.4,0,0,0
19278,BatchInference,19,RegionA,RegionB,12,80,19,24.8166666666667,5.81666666666667,19,1.9,0,110.516666666667,1
19302,AITraining,4,RegionE,RegionE,5,150,12,17.0833333333333,5.08333333333333,66,10.56,8,0,0
19459,AITraining,3,RegionE,RegionD,22,150,10,13.3333333333333,3.33333333333333,55,8.8,7,183.333333333333,1
19608,AITraining,1,RegionD,RegionD,5,150,7,9.31666666666667,2.31666666666667,91,14.56,6,0,0
19780,RealTimeInference,2,RegionB,RegionC,14,20,2,3.45,1.45,4,0.32,0,5.8,1
19878,RealTimeInference,15,RegionB,RegionB,5,20,15,15.55,0.55,1,0.08,0,0,0
19938,RealTimeInference,15,RegionC,RegionA,15,20,15,17.7666666666667,2.76666666666667,7,0.56,0,19.3666666666667,1
20023,AITraining,0,RegionE,RegionB,74,150,4,5.46666666666667,1.46666666666667,61,9.76,4,89.4666666666667,1
20030,RealTimeInference,10,RegionC,RegionC,5,20,10,13.65,3.65,2,0.16,0,0,0
20103,RealTimeInference,22,RegionC,RegionC,5,20,22,24,2,3,0.24,0,0,0
20129,BatchInference,5,RegionE,RegionA,78,80,5,5.96666666666667,0.966666666666667,12,1.2,0,11.6,1
20240,BatchInference,20,RegionD,RegionD,5,80,21,21.9666666666667,0.966666666666667,6,0.6,1,0,0
20253,BatchInference,13,RegionD,RegionD,5,80,16,21.0333333333333,5.03333333333333,10,1,3,0,0
20428,RealTimeInference,9,RegionB,RegionB,5,20,9,13.8,4.8,3,0.24,0,0,0
20510,AITraining,8,RegionF,RegionF,5,150,11,12.7166666666667,1.71666666666667,73,11.68,3,0,0
20619,AITraining,11,RegionD,RegionB,60,150,13,19.25,6.25,23,3.68,2,143.75,1
20731,AITraining,14,RegionE,RegionD,22,150,16,20.45,4.45,24,3.84,2,106.8,1
20876,RealTimeInference,5,RegionC,RegionC,5,20,5,6.26666666666667,1.26666666666667,3,0.24,0,0,0
21574,BatchInference,12,RegionA,RegionA,5,80,12,12.4,0.4,16,1.6,0,0,0
21662,RealTimeInference,19,RegionB,RegionC,14,20,19,23.1666666666667,4.16666666666667,2,0.16,0,8.33333333333333,1
21674,AITraining,3,RegionD,RegionD,5,150,6,9.76666666666667,3.76666666666667,93,14.88,3,0,0
21852,RealTimeInference,16,RegionB,RegionB,5,20,16,21.2333333333333,5.23333333333333,1,0.08,0,0,0
21961,RealTimeInference,15,RegionA,RegionA,5,20,15,16.7666666666667,1.76666666666667,5,0.4,0,0,0
22079,AITraining,19,RegionB,RegionB,5,150,20,25.0666666666667,5.06666666666667,112,17.92,1,0,0
22157,BatchInference,19,RegionF,RegionB,79,80,19,21.3166666666667,2.31666666666667,23,2.3,0,53.2833333333333,1
22173,RealTimeInference,23,RegionB,RegionC,14,20,23,26.7333333333333,3.73333333333333,2,0.16,0,7.46666666666667,1
22330,AITraining,17,RegionD,RegionB,60,150,18,20.4666666666667,2.46666666666667,87,13.92,1,214.6,1
22372,BatchInference,12,RegionD,RegionA,65,80,12,14.0833333333333,2.08333333333333,20,2,0,41.6666666666667,1
22425,RealTimeInference,8,RegionC,RegionC,5,20,8,11.7833333333333,3.78333333333333,4,0.32,0,0,0
22465,BatchInference,9,RegionF,RegionB,79,80,9,14.0833333333333,5.08333333333333,10,1,0,50.8333333333333,1
22468,RealTimeInference,6,RegionB,RegionC,14,20,6,10.4166666666667,4.41666666666667,6,0.48,0,26.5,1
22850,AITraining,13,RegionE,RegionA,78,150,13,17.6,4.6,82,13.12,0,377.2,1
22958,RealTimeInference,2,RegionA,RegionA,5,20,2,6.51666666666667,4.51666666666667,3,0.24,0,0,0
22975,BatchInference,3,RegionD,RegionD,5,80,11,11.85,0.85,21,2.1,8,0,0
23197,AITraining,3,RegionE,RegionD,22,150,9,11.15,2.15,101,16.16,6,217.15,1
23279,AITraining,7,RegionA,RegionD,65,150,10,14.0666666666667,4.06666666666667,18,2.88,3,73.2,1
23341,AITraining,14,RegionD,RegionC,58,150,15,18.1666666666667,3.16666666666667,52,8.32,1,164.666666666667,1
23416,AITraining,6,RegionF,RegionD,25,150,7,10.05,3.05,86,13.76,1,262.3,1
23535,RealTimeInference,19,RegionA,RegionC,15,20,19,19.5166666666667,0.516666666666667,1,0.08,0,0.516666666666667,1
23584,BatchInference,2,RegionC,RegionD,58,80,10,14.1,4.1,16,1.6,8,65.6,1
23631,AITraining,17,RegionE,RegionD,22,150,17,18.65,1.65,103,16.48,0,169.95,1
23705,RealTimeInference,9,RegionE,RegionF,18,20,9,14.0166666666667,5.01666666666667,5,0.4,0,25.0833333333333,1
23761,RealTimeInference,1,RegionB,RegionC,14,20,1,3.23333333333333,2.23333333333333,1,0.08,0,2.23333333333333,1
23858,BatchInference,6,RegionB,RegionD,60,80,10,15.85,5.85,14,1.4,4,81.9,1
23962,RealTimeInference,6,RegionA,RegionC,15,20,6,7.15,1.15,1,0.08,0,1.15,1
23996,BatchInference,4,RegionB,RegionD,60,80,10,13.5833333333333,3.58333333333333,16,1.6,6,57.3333333333333,1
24169,BatchInference,2,RegionD,RegionD,5,80,9,11.0166666666667,2.01666666666667,23,2.3,7,0,0
24179,AITraining,15,RegionD,RegionA,65,150,15,18.7666666666667,3.76666666666667,52,8.32,0,195.866666666667,1
24581,BatchInference,18,RegionC,RegionD,58,80,21,24.9333333333333,3.93333333333333,13,1.3,3,51.1333333333333,1
24815,BatchInference,20,RegionA,RegionB,12,80,22,25.3333333333333,3.33333333333333,17,1.7,2,56.6666666666667,1
24913,BatchInference,16,RegionA,RegionD,65,80,22,23.15,1.15,19,1.9,6,21.85,1
24957,BatchInference,9,RegionE,RegionD,22,80,9,15.2166666666667,6.21666666666667,18,1.8,0,111.9,1
24987,RealTimeInference,8,RegionB,RegionB,5,20,8,14.3666666666667,6.36666666666667,4,0.32,0,0,0
25044,AITraining,12,RegionB,RegionB,5,150,12,17.0666666666667,5.06666666666667,119,19.04,0,0,0
25241,RealTimeInference,20,RegionA,RegionB,12,20,20,22.0166666666667,2.01666666666667,2,0.16,0,4.03333333333333,1
25313,RealTimeInference,13,RegionA,RegionB,12,20,13,14.2333333333333,1.23333333333333,4,0.32,0,4.93333333333333,1
25492,RealTimeInference,23,RegionB,RegionC,14,20,23,25.8166666666667,2.81666666666667,5,0.4,0,14.0833333333333,1
25499,RealTimeInference,0,RegionB,RegionC,14,20,0,6.31666666666667,6.31666666666667,4,0.32,0,25.2666666666667,1
25578,RealTimeInference,22,RegionB,RegionC,14,20,22,26.8833333333333,4.88333333333333,5,0.4,0,24.4166666666667,1
25602,RealTimeInference,22,RegionA,RegionC,15,20,22,24.45,2.45,7,0.56,0,17.15,1
25683,RealTimeInference,18,RegionB,RegionC,14,20,18,22.8333333333333,4.83333333333333,5,0.4,0,24.1666666666667,1
25713,RealTimeInference,17,RegionA,RegionB,12,20,17,17.55,0.55,7,0.56,0,3.85,1
25727,BatchInference,10,RegionB,RegionD,60,80,10,16.6166666666667,6.61666666666667,7,0.7,0,46.3166666666667,1
25752,AITraining,13,RegionA,RegionA,5,150,13,13.6333333333333,0.633333333333333,45,7.2,0,0,0
26152,RealTimeInference,13,RegionF,RegionF,5,20,13,16.2666666666667,3.26666666666667,4,0.32,0,0,0
26204,RealTimeInference,20,RegionD,RegionD,5,20,20,22.3333333333333,2.33333333333333,1,0.08,0,0,0
26211,AITraining,11,RegionF,RegionB,79,150,13,19.1833333333333,6.18333333333333,41,6.56,2,253.516666666667,1
26283,BatchInference,11,RegionF,RegionB,79,80,11,16.1166666666667,5.11666666666667,4,0.4,0,20.4666666666667,1
26299,AITraining,0,RegionD,RegionD,5,150,12,18.3833333333333,6.38333333333333,117,18.72,12,0,0
26407,RealTimeInference,8,RegionC,RegionC,5,20,8,11.9833333333333,3.98333333333333,2,0.16,0,0,0
26458,AITraining,17,RegionE,RegionE,5,150,19,20.7333333333333,1.73333333333333,74,11.84,2,0,0
26591,AITraining,6,RegionF,RegionA,82,150,6,11.75,5.75,24,3.84,0,138,1
26596,RealTimeInference,14,RegionC,RegionA,15,20,14,15.8,1.8,2,0.16,0,3.6,1
26706,BatchInference,0,RegionC,RegionA,15,80,0,1.66666666666667,1.66666666666667,13,1.3,0,21.6666666666667,1
26744,RealTimeInference,8,RegionA,RegionC,15,20,8,12.6666666666667,4.66666666666667,4,0.32,0,18.6666666666667,1
26769,RealTimeInference,14,RegionA,RegionC,15,20,14,14.35,0.35,7,0.56,0,2.45,1
27050,RealTimeInference,15,RegionC,RegionC,5,20,15,20.9666666666667,5.96666666666667,6,0.48,0,0,0
27150,AITraining,13,RegionC,RegionC,5,150,22,22.4833333333333,0.483333333333333,28,4.48,9,0,0
27186,AITraining,13,RegionE,RegionA,78,150,13,17.0666666666667,4.06666666666667,40,6.4,0,162.666666666667,1
27448,AITraining,9,RegionE,RegionD,22,150,12,15.2166666666667,3.21666666666667,24,3.84,3,77.2,1
27475,RealTimeInference,4,RegionC,RegionC,5,20,4,6.75,2.75,5,0.4,0,0,0
27563,AITraining,1,RegionC,RegionC,5,150,15,21.1166666666667,6.11666666666667,22,3.52,14,0,0
27584,RealTimeInference,21,RegionA,RegionC,15,20,21,21.6666666666667,0.666666666666667,2,0.16,0,1.33333333333333,1
27871,AITraining,18,RegionB,RegionA,12,150,18,21.3333333333333,3.33333333333333,109,17.44,0,363.333333333333,1
27877,AITraining,8,RegionF,RegionC,76,150,9,10.3666666666667,1.36666666666667,56,8.96,1,76.5333333333333,1
27907,RealTimeInference,1,RegionB,RegionC,14,20,1,4.45,3.45,2,0.16,0,6.9,1
28111,AITraining,10,RegionE,RegionA,78,150,10,16.0166666666667,6.01666666666667,62,9.92,0,373.033333333333,1
28291,BatchInference,8,RegionA,RegionD,65,80,11,15.7833333333333,4.78333333333333,22,2.2,3,105.233333333333,1
28327,BatchInference,14,RegionD,RegionD,5,80,14,15.2166666666667,1.21666666666667,16,1.6,0,0,0
28402,RealTimeInference,23,RegionA,RegionC,15,20,23,23.9166666666667,0.916666666666667,5,0.4,0,4.58333333333333,1
28419,BatchInference,2,RegionD,RegionA,65,80,4,4.38333333333333,0.383333333333333,19,1.9,2,7.28333333333333,1
28627,BatchInference,6,RegionB,RegionD,60,80,10,13.75,3.75,18,1.8,4,67.5,1
28705,BatchInference,4,RegionB,RegionD,60,80,4,9.35,5.35,14,1.4,0,74.9,1
28789,BatchInference,18,RegionA,RegionD,65,80,20,22.9166666666667,2.91666666666667,13,1.3,2,37.9166666666667,1
28855,BatchInference,2,RegionA,RegionD,65,80,10,15.6666666666667,5.66666666666667,21,2.1,8,119,1
29032,AITraining,7,RegionB,RegionC,14,150,9,9.91666666666667,0.916666666666667,21,3.36,2,19.25,1
29122,BatchInference,3,RegionE,RegionD,22,80,10,15.6833333333333,5.68333333333333,9,0.9,7,51.15,1
29158,RealTimeInference,12,RegionA,RegionC,15,20,12,15.8833333333333,3.88333333333333,4,0.32,0,15.5333333333333,1
29186,RealTimeInference,6,RegionB,RegionB,5,20,6,9.05,3.05,3,0.24,0,0,0
29231,RealTimeInference,9,RegionB,RegionC,14,20,9,11.7166666666667,2.71666666666667,5,0.4,0,13.5833333333333,1
29510,RealTimeInference,14,RegionD,RegionD,5,20,14,17.75,3.75,2,0.16,0,0,0
29531,BatchInference,4,RegionA,RegionD,65,80,9,14.25,5.25,18,1.8,5,94.5,1
29753,BatchInference,17,RegionF,RegionB,79,80,17,19.9,2.9,8,0.8,0,23.2,1
29760,AITraining,19,RegionA,RegionA,5,150,19,24.3166666666667,5.31666666666667,92,14.72,0,0,0
29770,AITraining,15,RegionE,RegionD,22,150,19,19.95,0.95,65,10.4,4,61.75,1
30000,AITraining,1,RegionE,RegionC,70,150,11,11.1833333333333,0.183333333333333,102,16.32,10,18.7,1
30202,BatchInference,18,RegionC,RegionC,5,80,19,20.8,1.8,18,1.8,1,0,0
30211,AITraining,21,RegionF,RegionD,25,150,21,22.1166666666667,1.11666666666667,115,18.4,0,128.416666666667,1
30231,BatchInference,0,RegionE,RegionA,78,80,0,1.95,1.95,23,2.3,0,44.85,1
30279,AITraining,11,RegionD,RegionB,60,150,13,17.1833333333333,4.18333333333333,91,14.56,2,380.683333333333,1
30358,BatchInference,11,RegionB,RegionD,60,80,12,13.0833333333333,1.08333333333333,23,2.3,1,24.9166666666667,1
30463,AITraining,7,RegionD,RegionD,5,150,7,8.48333333333333,1.48333333333333,91,14.56,0,0,0
30518,RealTimeInference,2,RegionB,RegionC,14,20,2,3.18333333333333,1.18333333333333,6,0.48,0,7.1,1
30540,RealTimeInference,8,RegionE,RegionE,5,20,8,12.4333333333333,4.43333333333333,3,0.24,0,0,0
30787,RealTimeInference,6,RegionB,RegionC,14,20,6,7.76666666666667,1.76666666666667,4,0.32,0,7.06666666666667,1
30858,RealTimeInference,9,RegionB,RegionC,14,20,9,14.3833333333333,5.38333333333333,4,0.32,0,21.5333333333333,1
31200,BatchInference,11,RegionD,RegionA,65,80,11,13.1666666666667,2.16666666666667,21,2.1,0,45.5,1
31463,RealTimeInference,0,RegionC,RegionC,5,20,0,1.23333333333333,1.23333333333333,2,0.16,0,0,0
31506,AITraining,12,RegionD,RegionC,58,150,14,18.3333333333333,4.33333333333333,57,9.12,2,247,1
31516,BatchInference,9,RegionD,RegionD,5,80,11,12.35,1.35,12,1.2,2,0,0
31840,RealTimeInference,15,RegionA,RegionB,12,20,15,19,4,4,0.32,0,16,1
31877,BatchInference,19,RegionE,RegionD,22,80,19,24.2,5.2,16,1.6,0,83.2,1
31947,RealTimeInference,23,RegionB,RegionA,12,20,23,25.75,2.75,4,0.32,0,11,1
31980,BatchInference,10,RegionC,RegionD,58,80,16,17.9333333333333,1.93333333333333,22,2.2,6,42.5333333333333,1
32064,RealTimeInference,13,RegionA,RegionC,15,20,13,19.4833333333333,6.48333333333333,3,0.24,0,19.45,1
32245,BatchInference,8,RegionE,RegionD,22,80,10,12.2333333333333,2.23333333333333,11,1.1,2,24.5666666666667,1
32406,BatchInference,4,RegionC,RegionA,15,80,4,7.08333333333333,3.08333333333333,12,1.2,0,37,1
32629,BatchInference,17,RegionC,RegionC,5,80,19,24.0833333333333,5.08333333333333,20,2,2,0,0
32717,RealTimeInference,13,RegionC,RegionC,5,20,13,18.4666666666667,5.46666666666667,2,0.16,0,0,0
32732,AITraining,1,RegionC,RegionC,5,150,19,23.1833333333333,4.18333333333333,81,12.96,18,0,0
32824,AITraining,12,RegionC,RegionB,14,150,20,23.4666666666667,3.46666666666667,49,7.84,8,169.866666666667,1
32867,RealTimeInference,19,RegionC,RegionC,5,20,19,22.5833333333333,3.58333333333333,1,0.08,0,0,0
32974,RealTimeInference,23,RegionA,RegionC,15,20,23,29.2,6.2,4,0.32,0,24.8,1
33214,RealTimeInference,20,RegionB,RegionC,14,20,20,20.1833333333333,0.183333333333333,2,0.16,0,0.366666666666667,1
33300,BatchInference,1,RegionD,RegionD,5,80,6,10.4833333333333,4.48333333333333,16,1.6,5,0,0
33458,BatchInference,12,RegionE,RegionF,18,80,15,20.3333333333333,5.33333333333333,20,2,3,106.666666666667,1
33557,AITraining,5,RegionF,RegionD,25,150,10,13.9833333333333,3.98333333333333,18,2.88,5,71.7,1
33683,RealTimeInference,14,RegionA,RegionA,5,20,14,16.1833333333333,2.18333333333333,3,0.24,0,0,0
33707,BatchInference,2,RegionE,RegionD,22,80,6,12.3666666666667,6.36666666666667,8,0.8,4,50.9333333333333,1
33849,RealTimeInference,2,RegionB,RegionC,14,20,2,8.56666666666667,6.56666666666667,1,0.08,0,6.56666666666667,1
33853,RealTimeInference,19,RegionA,RegionB,12,20,19,22.0166666666667,3.01666666666667,1,0.08,0,3.01666666666667,1
33879,RealTimeInference,23,RegionF,RegionE,18,20,23,26.5666666666667,3.56666666666667,6,0.48,0,21.4,1
34003,BatchInference,5,RegionF,RegionB,79,80,5,7.48333333333333,2.48333333333333,6,0.6,0,14.9,1
34086,RealTimeInference,23,RegionB,RegionC,14,20,23,23.2333333333333,0.233333333333333,7,0.56,0,1.63333333333333,1
34240,BatchInference,13,RegionA,RegionB,12,80,23,29.25,6.25,12,1.2,10,75,1
34476,BatchInference,7,RegionF,RegionB,79,80,7,12,5,16,1.6,0,80,1
34504,RealTimeInference,19,RegionA,RegionB,12,20,19,20.8166666666667,1.81666666666667,1,0.08,0,1.81666666666667,1
34562,AITraining,18,RegionC,RegionA,15,150,18,21.7166666666667,3.71666666666667,40,6.4,0,148.666666666667,1
34564,RealTimeInference,8,RegionB,RegionA,12,20,8,8.98333333333333,0.983333333333333,4,0.32,0,3.93333333333333,1
34622,AITraining,7,RegionD,RegionC,58,150,9,12.75,3.75,113,18.08,2,423.75,1
34725,RealTimeInference,8,RegionE,RegionF,18,20,8,8.9,0.9,1,0.08,0,0.9,1
34759,RealTimeInference,23,RegionA,RegionC,15,20,23,23.25,0.25,3,0.24,0,0.75,1
35004,RealTimeInference,0,RegionB,RegionB,5,20,0,1.56666666666667,1.56666666666667,5,0.4,0,0,0
35095,RealTimeInference,18,RegionB,RegionC,14,20,18,22.5833333333333,4.58333333333333,6,0.48,0,27.5,1
35164,RealTimeInference,11,RegionC,RegionC,5,20,11,11.8333333333333,0.833333333333333,7,0.56,0,0,0
35299,AITraining,5,RegionD,RegionD,5,150,7,13.65,6.65,61,9.76,2,0,0
35334,BatchInference,14,RegionE,RegionF,18,80,15,15.6333333333333,0.633333333333333,16,1.6,1,10.1333333333333,1
35467,BatchInference,23,RegionA,RegionB,12,80,23,27.55,4.55,22,2.2,0,100.1,1
35896,BatchInference,13,RegionC,RegionF,76,80,15,17.3166666666667,2.31666666666667,19,1.9,2,44.0166666666667,1
35934,RealTimeInference,22,RegionA,RegionC,15,20,22,22.5333333333333,0.533333333333333,7,0.56,0,3.73333333333333,1
36115,RealTimeInference,0,RegionC,RegionC,5,20,0,0.566666666666667,0.566666666666667,2,0.16,0,0,0
36155,BatchInference,15,RegionF,RegionF,5,80,19,20.9666666666667,1.96666666666667,23,2.3,4,0,0
36270,AITraining,15,RegionD,RegionB,60,150,20,25.55,5.55,30,4.8,5,166.5,1
36404,AITraining,13,RegionF,RegionD,25,150,16,19.4,3.4,93,14.88,3,316.2,1
36551,RealTimeInference,3,RegionA,RegionA,5,20,3,8.66666666666667,5.66666666666667,7,0.56,0,0,0
36591,RealTimeInference,14,RegionB,RegionC,14,20,14,20.2,6.2,3,0.24,0,18.6,1
36635,AITraining,6,RegionC,RegionC,5,150,15,18.4333333333333,3.43333333333333,86,13.76,9,0,0
36843,BatchInference,13,RegionE,RegionD,22,80,17,22.6833333333333,5.68333333333333,12,1.2,4,68.2,1
36974,AITraining,10,RegionF,RegionD,25,150,13,13.7333333333333,0.733333333333333,74,11.84,3,54.2666666666667,1
36976,RealTimeInference,5,RegionA,RegionC,15,20,5,6.03333333333333,1.03333333333333,1,0.08,0,1.03333333333333,1
37041,AITraining,18,RegionA,RegionA,5,150,18,24.5833333333333,6.58333333333333,41,6.56,0,0,0
37109,AITraining,8,RegionD,RegionD,5,150,11,11.6166666666667,0.616666666666667,26,4.16,3,0,0
37127,RealTimeInference,7,RegionA,RegionC,15,20,7,12.7666666666667,5.76666666666667,6,0.48,0,34.6,1
37306,BatchInference,1,RegionC,RegionC,5,80,15,21.2333333333333,6.23333333333333,12,1.2,14,0,0
37313,RealTimeInference,22,RegionB,RegionC,14,20,22,25.9333333333333,3.93333333333333,3,0.24,0,11.8,1
37355,AITraining,20,RegionF,RegionD,25,150,20,21.5,1.5,51,8.16,0,76.5,1
37404,RealTimeInference,15,RegionB,RegionA,12,20,15,17.2,2.2,1,0.08,0,2.2,1
37652,AITraining,12,RegionD,RegionA,65,150,12,15.2166666666667,3.21666666666667,43,6.88,0,138.316666666667,1
37899,BatchInference,10,RegionE,RegionF,18,80,19,19.2,0.2,19,1.9,9,3.8,1
37909,RealTimeInference,22,RegionB,RegionB,5,20,22,27.6,5.6,1,0.08,0,0,0
37928,RealTimeInference,16,RegionA,RegionC,15,20,16,20.4166666666667,4.41666666666667,6,0.48,0,26.5,1
37945,RealTimeInference,6,RegionC,RegionC,5,20,6,10.9666666666667,4.96666666666667,3,0.24,0,0,0
37951,BatchInference,11,RegionE,RegionD,22,80,11,14.1,3.1,21,2.1,0,65.1,1
38166,BatchInference,10,RegionC,RegionB,14,80,10,11.9,1.9,9,0.9,0,17.1,1
38225,BatchInference,9,RegionC,RegionC,5,80,15,16.0166666666667,1.01666666666667,23,2.3,6,0,0
38246,AITraining,13,RegionE,RegionD,22,150,18,21.2666666666667,3.26666666666667,125,20,5,408.333333333333,1
38258,AITraining,8,RegionE,RegionD,22,150,10,13.7333333333333,3.73333333333333,90,14.4,2,336,1
38350,AITraining,7,RegionE,RegionD,22,150,7,8.98333333333333,1.98333333333333,96,15.36,0,190.4,1
38429,RealTimeInference,14,RegionB,RegionC,14,20,14,18.4,4.4,7,0.56,0,30.8,1
39129,AITraining,18,RegionD,RegionA,65,150,18,19.3333333333333,1.33333333333333,40,6.4,0,53.3333333333333,1
39228,RealTimeInference,0,RegionB,RegionC,14,20,0,5.41666666666667,5.41666666666667,3,0.24,0,16.25,1
39234,BatchInference,7,RegionB,RegionD,60,80,10,15.8166666666667,5.81666666666667,18,1.8,3,104.7,1
39265,RealTimeInference,0,RegionA,RegionC,15,20,0,2.98333333333333,2.98333333333333,3,0.24,0,8.95,1
39287,RealTimeInference,5,RegionB,RegionB,5,20,5,11.0833333333333,6.08333333333333,6,0.48,0,0,0
39430,RealTimeInference,1,RegionA,RegionC,15,20,1,6.53333333333333,5.53333333333333,2,0.16,0,11.0666666666667,1
39586,RealTimeInference,14,RegionA,RegionA,5,20,14,15.8833333333333,1.88333333333333,1,0.08,0,0,0
39657,BatchInference,10,RegionE,RegionD,22,80,10,13.8166666666667,3.81666666666667,15,1.5,0,57.25,1
40014,BatchInference,16,RegionB,RegionF,79,80,20,22.2666666666667,2.26666666666667,16,1.6,4,36.2666666666667,1
40083,RealTimeInference,2,RegionC,RegionC,5,20,2,6.6,4.6,1,0.08,0,0,0
40326,BatchInference,2,RegionE,RegionA,78,80,2,4.08333333333333,2.08333333333333,15,1.5,0,31.25,1
40493,AITraining,4,RegionD,RegionA,65,150,4,4.31666666666667,0.316666666666667,55,8.8,0,17.4166666666667,1
40629,AITraining,16,RegionA,RegionA,5,150,16,17.8333333333333,1.83333333333333,50,8,0,0,0
40835,BatchInference,12,RegionC,RegionF,76,80,19,22.1,3.1,17,1.7,7,52.7,1
41246,RealTimeInference,18,RegionA,RegionC,15,20,18,21.3666666666667,3.36666666666667,7,0.56,0,23.5666666666667,1
41339,RealTimeInference,0,RegionA,RegionC,15,20,0,4.91666666666667,4.91666666666667,6,0.48,0,29.5,1
41484,BatchInference,15,RegionB,RegionB,5,80,20,26.4,6.4,7,0.7,5,0,0
41632,AITraining,5,RegionF,RegionF,5,150,15,18.7333333333333,3.73333333333333,127,20.32,10,0,0
41851,RealTimeInference,3,RegionA,RegionC,15,20,3,7.28333333333333,4.28333333333333,5,0.4,0,21.4166666666667,1
42068,RealTimeInference,6,RegionB,RegionC,14,20,6,11.75,5.75,6,0.48,0,34.5,1
42168,AITraining,21,RegionE,RegionD,22,150,21,23.0166666666667,2.01666666666667,104,16.64,0,209.733333333333,1
42276,AITraining,8,RegionB,RegionD,60,150,14,16.7,2.7,31,4.96,6,83.7,1
42385,RealTimeInference,18,RegionC,RegionC,5,20,18,22.4,4.4,1,0.08,0,0,0
42488,RealTimeInference,8,RegionB,RegionC,14,20,8,10.4666666666667,2.46666666666667,4,0.32,0,9.86666666666667,1
42842,RealTimeInference,10,RegionB,RegionC,14,20,10,13.4833333333333,3.48333333333333,6,0.48,0,20.9,1
43009,RealTimeInference,21,RegionC,RegionC,5,20,21,23.2166666666667,2.21666666666667,1,0.08,0,0,0
43098,RealTimeInference,3,RegionB,RegionC,14,20,3,8.9,5.9,4,0.32,0,23.6,1
43357,RealTimeInference,8,RegionC,RegionC,5,20,8,13.6333333333333,5.63333333333333,5,0.4,0,0,0
43422,AITraining,1,RegionF,RegionD,25,150,10,14.0666666666667,4.06666666666667,102,16.32,9,414.8,1
43586,AITraining,18,RegionF,RegionA,82,150,18,24.3333333333333,6.33333333333333,24,3.84,0,152,1
44095,RealTimeInference,15,RegionB,RegionC,14,20,15,20.7833333333333,5.78333333333333,6,0.48,0,34.7,1
44123,BatchInference,5,RegionD,RegionD,5,80,9,15.35,6.35,6,0.6,4,0,0
44126,AITraining,7,RegionC,RegionC,5,150,19,23.95,4.95,107,17.12,12,0,0
44241,BatchInference,11,RegionD,RegionD,5,80,21,25.8666666666667,4.86666666666667,6,0.6,10,0,0
44243,BatchInference,19,RegionF,RegionB,79,80,19,23.5166666666667,4.51666666666667,11,1.1,0,49.6833333333333,1
44397,BatchInference,21,RegionC,RegionB,14,80,22,26.6,4.6,12,1.2,1,55.2,1
44429,AITraining,6,RegionD,RegionD,5,150,10,13.3333333333333,3.33333333333333,17,2.72,4,0,0
44470,RealTimeInference,10,RegionB,RegionC,14,20,10,14.3833333333333,4.38333333333333,1,0.08,0,4.38333333333333,1
44474,BatchInference,19,RegionA,RegionD,65,80,21,22.2,1.2,21,2.1,2,25.2,1
44529,RealTimeInference,6,RegionB,RegionB,5,20,6,8.36666666666667,2.36666666666667,5,0.4,0,0,0
45050,AITraining,15,RegionF,RegionA,82,150,15,17.85,2.85,89,14.24,0,253.65,1
45189,BatchInference,1,RegionA,RegionA,5,80,1,7.5,6.5,22,2.2,0,0,0
45272,RealTimeInference,20,RegionC,RegionC,5,20,20,25.4,5.4,5,0.4,0,0,0
45357,RealTimeInference,17,RegionC,RegionC,5,20,17,19.05,2.05,6,0.48,0,0,0
45525,AITraining,4,RegionD,RegionD,5,150,4,5.5,1.5,92,14.72,0,0,0
45568,RealTimeInference,15,RegionE,RegionF,18,20,15,15.5666666666667,0.566666666666667,3,0.24,0,1.7,1
45612,RealTimeInference,16,RegionC,RegionB,14,20,16,19.1833333333333,3.18333333333333,1,0.08,0,3.18333333333333,1
45702,RealTimeInference,9,RegionB,RegionB,5,20,9,13.5666666666667,4.56666666666667,7,0.56,0,0,0
45713,AITraining,17,RegionB,RegionA,12,150,17,19.3666666666667,2.36666666666667,33,5.28,0,78.1,1
45744,RealTimeInference,16,RegionC,RegionC,5,20,16,22.5,6.5,2,0.16,0,0,0
46200,BatchInference,3,RegionB,RegionA,12,80,3,4.01666666666667,1.01666666666667,8,0.8,0,8.13333333333333,1
46352,BatchInference,9,RegionC,RegionC,5,80,19,20.4166666666667,1.41666666666667,6,0.6,10,0,0
46454,RealTimeInference,21,RegionA,RegionB,12,20,21,25.8666666666667,4.86666666666667,1,0.08,0,4.86666666666667,1
46494,AITraining,1,RegionC,RegionC,5,150,15,20.65,5.65,74,11.84,14,0,0
46612,BatchInference,2,RegionA,RegionD,65,80,9,11.1333333333333,2.13333333333333,5,0.5,7,10.6666666666667,1
46736,BatchInference,16,RegionA,RegionB,12,80,21,26.5833333333333,5.58333333333333,5,0.5,5,27.9166666666667,1
46997,AITraining,10,RegionF,RegionF,5,150,19,19.4666666666667,0.466666666666667,52,8.32,9,0,0
47017,AITraining,11,RegionF,RegionB,79,150,13,19.0833333333333,6.08333333333333,20,3.2,2,121.666666666667,1
47055,BatchInference,11,RegionD,RegionD,5,80,11,14.9166666666667,3.91666666666667,23,2.3,0,0,0
47097,AITraining,16,RegionB,RegionA,12,150,16,19.9666666666667,3.96666666666667,49,7.84,0,194.366666666667,1
47136,RealTimeInference,11,RegionA,RegionB,12,20,11,15.6,4.6,7,0.56,0,32.2,1
47472,RealTimeInference,4,RegionA,RegionC,15,20,4,6.81666666666667,2.81666666666667,7,0.56,0,19.7166666666667,1
47481,BatchInference,7,RegionD,RegionD,5,80,7,8.5,1.5,11,1.1,0,0,0
47581,BatchInference,7,RegionE,RegionA,78,80,7,8.95,1.95,20,2,0,39,1
47596,RealTimeInference,15,RegionA,RegionC,15,20,15,21.2666666666667,6.26666666666667,4,0.32,0,25.0666666666667,1
47834,AITraining,15,RegionD,RegionB,60,150,16,21.15,5.15,59,9.44,1,303.85,1
47915,AITraining,17,RegionF,RegionA,82,150,17,21.6833333333333,4.68333333333333,54,8.64,0,252.9,1
47933,AITraining,1,RegionE,RegionA,78,150,11,14.8333333333333,3.83333333333333,37,5.92,10,141.833333333333,1
47985,BatchInference,6,RegionC,RegionC,5,80,15,20.7333333333333,5.73333333333333,6,0.6,9,0,0
48009,AITraining,2,RegionB,RegionB,5,150,10,13.1833333333333,3.18333333333333,76,12.16,8,0,0
48170,BatchInference,17,RegionD,RegionD,5,80,19,19.95,0.95,6,0.6,2,0,0
48373,BatchInference,19,RegionD,RegionD,5,80,19,21.65,2.65,15,1.5,0,0,0
48401,RealTimeInference,13,RegionC,RegionC,5,20,13,16.4166666666667,3.41666666666667,4,0.32,0,0,0
48504,RealTimeInference,6,RegionB,RegionC,14,20,6,10.3333333333333,4.33333333333333,3,0.24,0,13,1
48524,AITraining,4,RegionE,RegionD,22,150,5,8.38333333333333,3.38333333333333,125,20,1,422.916666666667,1
48568,AITraining,11,RegionD,RegionD,5,150,11,11.3666666666667,0.366666666666667,120,19.2,0,0,0
48596,RealTimeInference,11,RegionB,RegionB,5,20,11,15.6666666666667,4.66666666666667,1,0.08,0,0,0
48985,BatchInference,22,RegionF,RegionB,79,80,22,24.3166666666667,2.31666666666667,11,1.1,0,25.4833333333333,1
49057,RealTimeInference,6,RegionC,RegionC,5,20,6,11.1833333333333,5.18333333333333,5,0.4,0,0,0
49086,RealTimeInference,12,RegionA,RegionC,15,20,12,15.1166666666667,3.11666666666667,2,0.16,0,6.23333333333333,1
49112,BatchInference,18,RegionB,RegionD,60,80,20,23.35,3.35,12,1.2,2,40.2,1
49231,AITraining,5,RegionD,RegionD,5,150,13,18,5,30,4.8,8,0,0
49303,RealTimeInference,22,RegionB,RegionC,14,20,22,22.1666666666667,0.166666666666667,6,0.48,0,1,1
49344,AITraining,9,RegionE,RegionD,22,150,10,14.9833333333333,4.98333333333333,57,9.12,1,284.05,1
49353,RealTimeInference,22,RegionF,RegionF,5,20,22,28.05,6.05,5,0.4,0,0,0
49368,RealTimeInference,14,RegionA,RegionA,5,20,14,14.5166666666667,0.516666666666667,6,0.48,0,0,0
49578,RealTimeInference,2,RegionA,RegionC,15,20,2,5.93333333333333,3.93333333333333,6,0.48,0,23.6,1
49610,BatchInference,7,RegionA,RegionA,5,80,7,10.25,3.25,14,1.4,0,0,0
49719,AITraining,7,RegionF,RegionD,25,150,12,15.9833333333333,3.98333333333333,53,8.48,5,211.116666666667,1
49812,AITraining,19,RegionF,RegionA,82,150,19,23.0666666666667,4.06666666666667,34,5.44,0,138.266666666667,1
