WindowStart,DecisionEnd,PlanEnd,SolverStatus,MIPGap,ElapsedSeconds,Z
0,24,72,ENERGY_OPTIMAL,2.239477481737e-06,0.096211800002493,2.13044585078466
24,48,96,ENERGY_OPTIMAL,2.0108233754148e-06,0.0669145000065328,2.21206516116829
48,72,120,ENERGY_OPTIMAL,2.49145750630957e-06,0.0737499999959255,2.36921387062537
72,96,144,ENERGY_OPTIMAL,2.76081146600937e-06,0.097971499999403,2.31667859005528
96,120,168,ENERGY_OPTIMAL,1.89149095608992e-06,0.075093300001754,1.99543939718129
120,144,192,ENERGY_OPTIMAL,2.95518575996291e-06,0.0623618999961764,1.62392777515822
144,168,216,ENERGY_OPTIMAL,5.17540040695407e-06,0.0827573999995366,1.51284231973236
168,192,240,ENERGY_OPTIMAL,2.7108445938381e-06,0.0800340000059805,1.54581877440413
192,216,264,ENERGY_OPTIMAL,1.95352010456886e-06,0.0646940000005998,2.09180954006891
216,240,288,ENERGY_OPTIMAL,0.000303443250738472,0.0532376999981352,2.75855696874974
240,264,312,ENERGY_OPTIMAL,0.000241992897453008,0.0584197999996832,3.42095798666882
264,288,336,ENERGY_OPTIMAL,0.000229928994712351,0.0561484999998356,3.4601981438645
288,312,360,ENERGY_OPTIMAL,0.000273973842885858,0.0690666000009514,3.41294468959883
312,336,384,ENERGY_OPTIMAL,0.000291135110559459,0.0618689999973867,3.23506778576422
336,360,408,ENERGY_OPTIMAL,0.000292056536003138,0.0750926000036998,3.28296960088848
360,384,432,ENERGY_OPTIMAL,5.98748508222866e-07,0.0614462000012281,3.26091826426409
384,408,456,ENERGY_OPTIMAL,0.000269243733159043,0.0680824000010034,3.33244479886066
408,432,480,ENERGY_OPTIMAL,1.41338184013394e-06,0.0698122999965562,3.31179084848336
432,456,504,ENERGY_OPTIMAL,2.25828332671554e-06,0.0917232000065269,3.27046000963159
456,480,528,ENERGY_OPTIMAL,2.15901299556298e-06,0.0766384999951697,3.33400714202157
480,504,552,ENERGY_OPTIMAL,1.83840903368522e-06,0.0632504000022891,3.23339422496339
504,528,576,ENERGY_OPTIMAL,2.49219859389652e-06,0.0870099000021582,3.23595651997686
528,552,600,ENERGY_OPTIMAL,3.00059664230306e-06,0.0834722999934456,3.07934560525973
552,576,624,ENERGY_OPTIMAL,3.32134960897475e-06,0.102737200002593,3.103509744119
576,600,648,ENERGY_OPTIMAL,2.65225145573478e-06,0.0860092000002624,3.0494205052476
600,624,672,ENERGY_OPTIMAL,3.1618055399243e-06,0.0808437000014237,3.20606007792188
624,648,696,ENERGY_OPTIMAL,2.63617245530117e-06,0.109554700000444,3.28917324156441
648,672,720,ENERGY_OPTIMAL,2.75368910594622e-06,0.106401099998038,3.43835860094235
672,696,744,ENERGY_OPTIMAL,2.53591269966445e-06,0.0870139999969979,3.46659642518259
696,720,768,ENERGY_OPTIMAL,2.80991043246394e-06,0.0666276000047219,3.32324550421206
720,744,792,ENERGY_OPTIMAL,2.8431420042758e-06,0.112731399996846,3.15731248896856
744,768,816,ENERGY_OPTIMAL,3.13214076509831e-06,0.101369599993632,3.139020035911
768,792,840,ENERGY_OPTIMAL,2.88594280112841e-06,0.0947500999973272,2.97297247266465
792,816,864,ENERGY_OPTIMAL,3.34473433468978e-06,0.0841026999987662,2.65021825326594
816,840,888,ENERGY_OPTIMAL,4.01476547419495e-06,0.0898852000027546,2.05431079206073
840,864,912,ENERGY_OPTIMAL,6.96996341658726e-06,0.110850899996876,1.60043972532557
864,888,936,ENERGY_OPTIMAL,8.40804726897192e-06,0.0848478999978397,1.18898708427762
888,912,960,ENERGY_OPTIMAL,0.000532167915203613,1.49636360000295,1.07505974678098
912,936,984,ENERGY_OPTIMAL,0.00485659861222378,0.333820100000594,1.07503295300954
936,960,1008,ENERGY_OPTIMAL,0.00476877522809401,0.175557800001116,1.08979053425791
960,984,1032,ENERGY_OPTIMAL,0.00481072419111894,0.304012300002796,1.07801121571306
984,1008,1056,ENERGY_OPTIMAL,0.00496296236138782,0.162935000000289,1.07161205387879
1008,1032,1080,ENERGY_OPTIMAL,0.000339491009799143,2.20170680000592,1.06252835749661
1032,1056,1104,ENERGY_OPTIMAL,0.000815424897430392,1.26366000000417,1.04617957048434
1056,1080,1128,ENERGY_OPTIMAL,0.000792698039100524,1.67091169999912,1.06874510703229
1080,1104,1152,ENERGY_OPTIMAL,0.00498690532217801,0.531447300003492,1.06661551972482
1104,1128,1176,ENERGY_OPTIMAL,0.000703745910869089,1.22790040000109,1.07194335067244
1128,1152,1200,ENERGY_OPTIMAL,0.00103966443953659,1.21512909999728,1.06347152182839
1152,1176,1224,ENERGY_OPTIMAL,0.0049904966626697,0.377935500000603,1.07895648369993
1176,1200,1248,ENERGY_OPTIMAL,0.000901637144233237,1.16203970000061,1.09066339115547
1200,1224,1272,ENERGY_OPTIMAL,0.00480773938093998,0.105436099998769,1.07411644001099
1224,1248,1296,ENERGY_OPTIMAL,0.00465989281759072,0.0967468000017107,1.08361194592968
1248,1272,1320,ENERGY_OPTIMAL,0.000784263285424788,0.4844391000006,1.08030132443268
1272,1296,1344,ENERGY_OPTIMAL,0.000626436141679931,0.39315259999421,1.08474412080293
1296,1320,1368,ENERGY_OPTIMAL,0.00487298475456894,0.100696299996343,1.08835303331212
1320,1344,1392,ENERGY_OPTIMAL,0.000840398345305564,0.451229999998759,1.0790837727244
1344,1368,1416,ENERGY_OPTIMAL,0.000903360003400907,0.389794299997448,1.07092749213282
1368,1392,1440,ENERGY_OPTIMAL,0.000775653251317583,0.393225899999379,1.05968796011907
1392,1416,1464,ENERGY_OPTIMAL,0.000597555788569963,0.375172899999598,1.06776402339275
1416,1440,1488,ENERGY_OPTIMAL,0.000787252904882035,0.40026019999641,1.07664868626274
1440,1464,1512,ENERGY_OPTIMAL,0.00454246756988317,0.166753399993468,1.08503242052203
1464,1488,1536,ENERGY_OPTIMAL,0.00459608267793044,0.180542000001878,1.07417004582884
1488,1512,1560,ENERGY_OPTIMAL,0.000986008556383669,1.09783760000573,1.07071988491819
1512,1536,1584,ENERGY_OPTIMAL,0.00495177277599762,0.335278899998229,1.07044501742007
1536,1560,1608,ENERGY_OPTIMAL,0.000670640950008863,0.463552499997604,1.08090125099617
1560,1584,1632,ENERGY_OPTIMAL,0.00466362265724999,0.107641700000386,1.05995854410596
1584,1608,1656,ENERGY_OPTIMAL,0.000763115163546043,0.377619999999297,1.07520231264973
1608,1632,1680,ENERGY_OPTIMAL,0.00047977157658549,0.515093699999852,1.0723130239538
1632,1656,1704,ENERGY_OPTIMAL,0.000759002366751204,0.395549200002279,1.08107033526631
1656,1680,1728,ENERGY_OPTIMAL,0.00445005594166487,0.0876634999949601,1.07162433681714
1680,1704,1752,ENERGY_OPTIMAL,0.000724224801348075,0.45559470000444,1.07230282860327
1704,1728,1776,ENERGY_OPTIMAL,0.00102861443258889,0.402481199998874,1.06512287220191
1728,1752,1800,ENERGY_OPTIMAL,0.000309812932594385,0.536208199999237,1.0588809113489
1752,1776,1824,ENERGY_OPTIMAL,0.000636199505345823,0.584672500001034,1.07278482446976
1776,1800,1848,ENERGY_OPTIMAL,0.000590401371398848,0.38524039999902,1.06892644736187
1800,1824,1872,ENERGY_OPTIMAL,0.000907002103557588,0.440065200004028,1.06561362007628
1824,1848,1896,ENERGY_OPTIMAL,0.000945598613487211,0.372850800005835,1.0564095744042
1848,1872,1920,ENERGY_OPTIMAL,0.00483106956866039,0.0936613000012585,1.05546860481294
1872,1896,1944,ENERGY_OPTIMAL,0.000523703231981864,0.632242200001201,1.07063452962206
1896,1920,1968,ENERGY_OPTIMAL,0.000552627365151616,0.453253399995447,1.06260011427022
1920,1944,1992,ENERGY_OPTIMAL,0.00486854530729171,0.0837498999972013,1.08474561194238
1944,1968,2016,ENERGY_OPTIMAL,0.00479982869862492,0.0802991000018665,1.09340629981046
1968,1992,2040,ENERGY_OPTIMAL,0.000742582357439297,0.357868800005235,1.09410276567062
1992,2016,2064,ENERGY_OPTIMAL,0.00496394085631524,0.262847799996962,1.08598303290087
2016,2040,2088,ENERGY_OPTIMAL,0.000519623285965979,1.56264409999858,1.07272938971621
2040,2064,2112,ENERGY_OPTIMAL,0.000322392973699504,1.48263210000005,1.07118746325931
2064,2088,2136,ENERGY_OPTIMAL,0.0049363563339113,0.2272077000016,1.08159261057378
2088,2112,2160,ENERGY_OPTIMAL,0.000585311604735542,1.58054390000325,1.07999433850927
2112,2136,2184,ENERGY_OPTIMAL,0.000858335468926611,1.59146860000328,1.0827912253167
2136,2160,2208,ENERGY_OPTIMAL,0.00493462866257211,0.33111320000171,1.08518009769095
2160,2184,2232,ENERGY_OPTIMAL,0.0037014579744355,0.186371000003419,1.07824479950888
2184,2208,2256,ENERGY_OPTIMAL,0.000870334016579459,1.76921179999772,1.05989586308336
2208,2232,2280,ENERGY_OPTIMAL,0.00049053511016829,1.99236860000383,1.04900920073901
2232,2256,2304,ENERGY_OPTIMAL,9.26437670679204e-06,0.0746404000019538,1.10901987811983
2256,2280,2328,ENERGY_OPTIMAL,4.69459971240597e-06,0.100612700000056,1.23682073689844
2280,2304,2352,ENERGY_OPTIMAL,5.88423259102338e-06,0.0715386000010767,1.42566826461185
2304,2328,2376,ENERGY_OPTIMAL,3.98036344039527e-06,0.080965200002538,1.81051100235115
2328,2352,2400,ENERGY_OPTIMAL,0.000356548718017545,0.0665848000062397,2.31889425667432
2352,2376,2406,ENERGY_OPTIMAL,9.45528018113294e-07,0.0468107000051532,2.85260216222019
2376,2400,2406,ENERGY_OPTIMAL,4.22253209613048e-06,0.0391020999959437,3.12797637343255
2400,2406,2406,ENERGY_OPTIMAL,1.08811525966171e-06,0.0119502000015927,4.60792617015592
