WindowStart,Pass,NeighborhoodTaskCount,NeighborhoodExactTaskGroupCount,IntegerOptionVariableCount,Status,MIPGap,OptimizationMode,ZBefore,ZAfter,SearchObjectiveBefore,SearchObjectiveAfter,ElapsedSeconds,SolverMessage
0,1,60,60,4509,LNS_CERTIFIED_LOCAL,0.00251397380367726,six_objective_minimax,1.88002559793605,1.82098922095386,1.88002559793605,1.82098922095386,0.858772500010673,Optimization terminated successfully. (HiGHS Status 7: Optimal)
0,2,60,60,4492,LNS_CERTIFIED_LOCAL,8.2146151757119e-06,six_objective_minimax,1.82098922095386,1.81547969743158,1.82098922095386,1.81547969743158,0.775833699997747,Optimization terminated successfully. (HiGHS Status 7: Optimal)
24,1,60,60,5366,LNS_CERTIFIED_LOCAL,0.00228306449436416,six_objective_minimax,1.96633262819454,1.91250285706561,1.96633262819454,1.91250285706561,0.901913900001091,Optimization terminated successfully. (HiGHS Status 7: Optimal)
24,2,60,60,5714,LNS_CERTIFIED_LOCAL,0.00497664816106083,six_objective_minimax,1.91250285706561,1.90003301684785,1.91250285706561,1.90003301684785,0.923408899994683,Optimization terminated successfully. (HiGHS Status 7: Optimal)
48,1,60,60,5447,LNS_CERTIFIED_LOCAL,0.00684155971419134,six_objective_minimax,2.09603045194609,2.05654944016652,2.09603045194609,2.05654944016652,1.35422569999355,Optimization terminated successfully. (HiGHS Status 7: Optimal)
48,2,60,60,5881,LNS_CERTIFIED_LOCAL,0.00730501513171094,six_objective_minimax,2.05654944016652,2.04810004557708,2.05654944016652,2.04810004557708,1.15950100000191,Optimization terminated successfully. (HiGHS Status 7: Optimal)
72,1,60,60,5103,LNS_CERTIFIED_LOCAL,0.0052323453180257,six_objective_minimax,2.00720145986793,1.93241821574629,2.00720145986793,1.93241821574629,0.950042999989819,Optimization terminated successfully. (HiGHS Status 7: Optimal)
72,2,60,60,5401,LNS_CERTIFIED_LOCAL,0.011046657342777,six_objective_minimax,1.93241821574629,1.91830387078933,1.93241821574629,1.91830387078933,1.17863870000292,Optimization terminated successfully. (HiGHS Status 7: Optimal)
96,1,60,60,4468,LNS_CERTIFIED_LOCAL,9.70635648721239e-06,six_objective_minimax,1.72937763510862,1.62410595637698,1.72937763510862,1.62410595637698,0.914269200002309,Optimization terminated successfully. (HiGHS Status 7: Optimal)
96,2,60,60,5226,LNS_CERTIFIED_LOCAL,0.00362783890669762,six_objective_minimax,1.62410595637698,1.55665366409391,1.62410595637698,1.55665366409391,1.18792090000352,Optimization terminated successfully. (HiGHS Status 7: Optimal)
120,1,60,60,6066,LNS_CERTIFIED_LOCAL,0.00385155121202084,six_objective_minimax,1.35564983692732,1.34262815552845,1.35564983692732,1.34262815552845,1.1218635999976,Optimization terminated successfully. (HiGHS Status 7: Optimal)
120,2,60,60,6198,LNS_CERTIFIED_LOCAL,0.00385182210003302,six_objective_minimax,1.34262815552845,1.34178227509975,1.34262815552845,1.34178227509975,1.27295719999529,Optimization terminated successfully. (HiGHS Status 7: Optimal)
144,1,60,60,7182,LNS_CERTIFIED_LOCAL,0.00789979959344399,six_objective_minimax,1.28683843310961,1.2783275497383,1.28683843310961,1.2783275497383,1.50572060000559,Optimization terminated successfully. (HiGHS Status 7: Optimal)
144,2,60,60,6928,LNS_NO_IMPROVEMENT,0.00411361646200127,six_objective_minimax,1.2783275497383,1.2783275497383,1.2783275497383,1.2783275497383,1.63414660000126,Optimization terminated successfully. (HiGHS Status 7: Optimal)
168,1,60,60,7230,LNS_CERTIFIED_LOCAL,1.32065033624858e-05,six_objective_minimax,1.2991877854409,1.2377822090724,1.2991877854409,1.2377822090724,1.26656770000409,Optimization terminated successfully. (HiGHS Status 7: Optimal)
168,2,60,60,6958,LNS_NO_IMPROVEMENT,0.0120827237991191,six_objective_minimax,1.2377822090724,1.2377822090724,1.2377822090724,1.2377822090724,2.77337799999805,Optimization terminated successfully. (HiGHS Status 7: Optimal)
192,1,60,60,6921,LNS_CERTIFIED_LOCAL,0.005339373753648,six_objective_minimax,1.84808120187883,1.83689397570863,1.84808120187883,1.83689397570863,1.59724180000194,Optimization terminated successfully. (HiGHS Status 7: Optimal)
192,2,60,60,6699,LNS_NO_IMPROVEMENT,0.00542323891680809,six_objective_minimax,1.83689397570863,1.83689397570863,1.83689397570863,1.83689397570863,1.32029749998765,Optimization terminated successfully. (HiGHS Status 7: Optimal)
216,1,60,60,7032,LNS_NO_IMPROVEMENT,0.0143087283969664,six_objective_minimax,2.48582882923205,2.48582882923205,2.48582882923205,2.48582882923205,1.35009659999923,Optimization terminated successfully. (HiGHS Status 7: Optimal)
240,1,60,60,7229,LNS_CERTIFIED_LOCAL,0.00167648525985576,six_objective_minimax,3.09963819262352,2.93563170618248,3.09963819262352,2.93563170618248,1.65189210000972,Optimization terminated successfully. (HiGHS Status 7: Optimal)
240,2,60,60,7441,LNS_CERTIFIED_LOCAL,0.00193247652461756,six_objective_minimax,2.93563170618248,2.88145712524231,2.93563170618248,2.88145712524231,1.1505574999901,Optimization terminated successfully. (HiGHS Status 7: Optimal)
264,1,60,60,8161,LNS_CERTIFIED_LOCAL,0.00369270912449041,six_objective_minimax,3.14501731606639,2.96867761021549,3.14501731606639,2.96867761021549,1.19944779999787,Optimization terminated successfully. (HiGHS Status 7: Optimal)
264,2,60,60,6863,LNS_CERTIFIED_LOCAL,0.00185709362446428,six_objective_minimax,2.96867761021549,2.88286758881113,2.96867761021549,2.88286758881113,1.08721250000235,Optimization terminated successfully. (HiGHS Status 7: Optimal)
288,1,60,60,7932,LNS_CERTIFIED_LOCAL,0.00477187128845074,six_objective_minimax,3.110632463258,2.96738967233393,3.110632463258,2.96738967233393,1.59763819999353,Optimization terminated successfully. (HiGHS Status 7: Optimal)
288,2,60,60,7757,LNS_CERTIFIED_LOCAL,0.00465013732766525,six_objective_minimax,2.96738967233393,2.91600385854259,2.96738967233393,2.91600385854259,1.45295679999981,Optimization terminated successfully. (HiGHS Status 7: Optimal)
312,1,60,60,6229,LNS_CERTIFIED_LOCAL,0.00162002587669855,six_objective_minimax,2.93720523187287,2.80884882994589,2.93720523187287,2.80884882994589,1.15073439999833,Optimization terminated successfully. (HiGHS Status 7: Optimal)
312,2,60,60,6829,LNS_CERTIFIED_LOCAL,4.36410856559075e-06,six_objective_minimax,2.80884882994589,2.74886079257584,2.80884882994589,2.74886079257584,1.29431040000054,Optimization terminated successfully. (HiGHS Status 7: Optimal)
336,1,60,60,6639,LNS_CERTIFIED_LOCAL,0.00180530794559808,six_objective_minimax,3.00136151633643,2.88965229444517,3.00136151633643,2.88965229444517,1.37233220000053,Optimization terminated successfully. (HiGHS Status 7: Optimal)
336,2,60,60,6922,LNS_CERTIFIED_LOCAL,4.56763602476705e-06,six_objective_minimax,2.88965229444517,2.83718247124701,2.88965229444517,2.83718247124701,1.32940689999668,Optimization terminated successfully. (HiGHS Status 7: Optimal)
360,1,60,60,7162,LNS_CERTIFIED_LOCAL,4.68293504712381e-06,six_objective_minimax,3.00706235220017,2.88124267037045,3.00706235220017,2.88124267037045,1.4156440999941,Optimization terminated successfully. (HiGHS Status 7: Optimal)
360,2,60,60,7648,LNS_CERTIFIED_LOCAL,0.00181050307624158,six_objective_minimax,2.88124267037045,2.86048729099468,2.88124267037045,2.86048729099468,1.45040440000594,Optimization terminated successfully. (HiGHS Status 7: Optimal)
384,1,60,60,6249,LNS_CERTIFIED_LOCAL,4.51171032522792e-06,six_objective_minimax,3.07583835120765,2.88414820098565,3.07583835120765,2.88414820098565,1.31224559999828,Optimization terminated successfully. (HiGHS Status 7: Optimal)
384,2,60,60,7347,LNS_CERTIFIED_LOCAL,4.62548981868991e-06,six_objective_minimax,2.88414820098565,2.81604879085658,2.88414820098565,2.81604879085658,1.5251944999909,Optimization terminated successfully. (HiGHS Status 7: Optimal)
408,1,60,60,6527,LNS_CERTIFIED_LOCAL,4.89769192016761e-06,six_objective_minimax,3.03330504600515,2.88332558312864,3.03330504600515,2.88332558312864,1.06755310000153,Optimization terminated successfully. (HiGHS Status 7: Optimal)
408,2,60,60,6906,LNS_CERTIFIED_LOCAL,4.58103051601102e-06,six_objective_minimax,2.88332558312864,2.84453855021425,2.88332558312864,2.84453855021425,1.11323679999623,Optimization terminated successfully. (HiGHS Status 7: Optimal)
432,1,60,60,6240,LNS_CERTIFIED_LOCAL,5.12454849718371e-06,six_objective_minimax,3.04180083218449,2.92565779798561,3.04180083218449,2.92565779798561,0.969412499995087,Optimization terminated successfully. (HiGHS Status 7: Optimal)
432,2,60,60,6593,LNS_CERTIFIED_LOCAL,5.53446735754732e-06,six_objective_minimax,2.92565779798561,2.88108173853085,2.92565779798561,2.88108173853085,1.01894320000429,Optimization terminated successfully. (HiGHS Status 7: Optimal)
456,1,60,60,6640,LNS_CERTIFIED_LOCAL,0.00156288427573201,six_objective_minimax,3.08421333796629,2.91547649008125,3.08421333796629,2.91547649008125,0.980370499994024,Optimization terminated successfully. (HiGHS Status 7: Optimal)
456,2,60,60,7784,LNS_CERTIFIED_LOCAL,0.00176055256936549,six_objective_minimax,2.91547649008125,2.82095160032645,2.91547649008125,2.82095160032645,1.22137789998669,Optimization terminated successfully. (HiGHS Status 7: Optimal)
480,1,60,60,6846,LNS_CERTIFIED_LOCAL,0.00581245233380544,six_objective_minimax,2.9450935545494,2.85800005715444,2.9450935545494,2.85800005715444,1.68485370000417,Optimization terminated successfully. (HiGHS Status 7: Optimal)
480,2,60,60,6755,LNS_CERTIFIED_LOCAL,3.54806799872145e-06,six_objective_minimax,2.85800005715444,2.81486135875994,2.85800005715444,2.81486135875994,1.75893190001079,Optimization terminated successfully. (HiGHS Status 7: Optimal)
504,1,60,60,6576,LNS_CERTIFIED_LOCAL,0.00155313555741233,six_objective_minimax,2.96710755914721,2.83831460403709,2.96710755914721,2.83831460403709,1.20181660000526,Optimization terminated successfully. (HiGHS Status 7: Optimal)
504,2,60,60,7050,LNS_CERTIFIED_LOCAL,4.73001398609508e-06,six_objective_minimax,2.83831460403709,2.76408967859585,2.83831460403709,2.76408967859585,1.46173120000458,Optimization terminated successfully. (HiGHS Status 7: Optimal)
528,1,60,60,6655,LNS_CERTIFIED_LOCAL,5.57438683827991e-06,six_objective_minimax,2.81342342431072,2.71126618033715,2.81342342431072,2.71126618033715,1.29320090000692,Optimization terminated successfully. (HiGHS Status 7: Optimal)
528,2,60,60,6961,LNS_CERTIFIED_LOCAL,0.00345291700568134,six_objective_minimax,2.71126618033715,2.70838773065457,2.71126618033715,2.70838773065457,1.47149019999779,Optimization terminated successfully. (HiGHS Status 7: Optimal)
552,1,60,60,6102,LNS_CERTIFIED_LOCAL,4.99284188729891e-06,six_objective_minimax,2.82311103956955,2.68688333455449,2.82311103956955,2.68688333455449,1.2713447999995,Optimization terminated successfully. (HiGHS Status 7: Optimal)
552,2,60,60,6830,LNS_CERTIFIED_LOCAL,0.00359492028131015,six_objective_minimax,2.68688333455449,2.65691995164557,2.68688333455449,2.65691995164557,1.34897430001001,Optimization terminated successfully. (HiGHS Status 7: Optimal)
576,1,60,60,6575,LNS_CERTIFIED_LOCAL,5.89085130493222e-06,six_objective_minimax,2.77948332085248,2.65537630381092,2.77948332085248,2.65537630381092,1.42569400000502,Optimization terminated successfully. (HiGHS Status 7: Optimal)
576,2,60,60,6995,LNS_CERTIFIED_LOCAL,5.53987849481743e-06,six_objective_minimax,2.65537630381092,2.60253231823291,2.65537630381092,2.60253231823291,1.4124570999993,Optimization terminated successfully. (HiGHS Status 7: Optimal)
600,1,60,60,6938,LNS_CERTIFIED_LOCAL,0.00158033878721089,six_objective_minimax,2.91650349970334,2.76199883699644,2.91650349970334,2.76199883699644,1.41140610000002,Optimization terminated successfully. (HiGHS Status 7: Optimal)
600,2,60,60,7862,LNS_CERTIFIED_LOCAL,0.00215576199760175,six_objective_minimax,2.76199883699644,2.70890939333902,2.76199883699644,2.70890939333902,1.43467119999696,Optimization terminated successfully. (HiGHS Status 7: Optimal)
624,1,61,60,7524,LNS_CERTIFIED_LOCAL,0.000484529707884162,six_objective_minimax,3.00347184115499,2.87215518507728,3.00347184115499,2.87215518507728,1.51655420000316,Optimization terminated successfully. (HiGHS Status 7: Optimal)
624,2,61,60,7914,LNS_CERTIFIED_LOCAL,0.00342656756993874,six_objective_minimax,2.87215518507728,2.83839044279247,2.87215518507728,2.83839044279247,1.3895671999926,Optimization terminated successfully. (HiGHS Status 7: Optimal)
648,1,60,60,7140,LNS_CERTIFIED_LOCAL,0.00146497663671123,six_objective_minimax,3.17307384938711,3.04669349144278,3.17307384938711,3.04669349144278,1.42484530000365,Optimization terminated successfully. (HiGHS Status 7: Optimal)
648,2,60,60,7618,LNS_CERTIFIED_LOCAL,4.93399666492921e-06,six_objective_minimax,3.04669349144278,2.99248778369949,3.04669349144278,2.99248778369949,1.51935640000738,Optimization terminated successfully. (HiGHS Status 7: Optimal)
672,1,60,60,6842,LNS_CERTIFIED_LOCAL,0.00138329560124062,six_objective_minimax,3.2396316057721,3.12119554023903,3.2396316057721,3.12119554023903,1.41066909999063,Optimization terminated successfully. (HiGHS Status 7: Optimal)
672,2,60,60,7214,LNS_CERTIFIED_LOCAL,0.00419880161640994,six_objective_minimax,3.12119554023903,3.07719663819075,3.12119554023903,3.07719663819075,1.70297579999897,Optimization terminated successfully. (HiGHS Status 7: Optimal)
696,1,60,60,6384,LNS_CERTIFIED_LOCAL,0.00335840158277423,six_objective_minimax,3.04285911815933,2.91807368581555,3.04285911815933,2.91807368581555,1.35844179999549,Optimization terminated successfully. (HiGHS Status 7: Optimal)
696,2,60,60,6843,LNS_CERTIFIED_LOCAL,5.00915001426299e-06,six_objective_minimax,2.91807368581555,2.83978017794711,2.91807368581555,2.83978017794711,1.35012350000034,Optimization terminated successfully. (HiGHS Status 7: Optimal)
720,1,60,60,6856,LNS_CERTIFIED_LOCAL,0.00533375765123839,six_objective_minimax,2.89808966972775,2.77763088010813,2.89808966972775,2.77763088010813,1.40951860000496,Optimization terminated successfully. (HiGHS Status 7: Optimal)
720,2,60,60,7676,LNS_CERTIFIED_LOCAL,0.00498201180807629,six_objective_minimax,2.77763088010813,2.71164089001364,2.77763088010813,2.71164089001364,1.53702979999071,Optimization terminated successfully. (HiGHS Status 7: Optimal)
744,1,60,60,6949,LNS_CERTIFIED_LOCAL,0.00341949808815899,six_objective_minimax,2.8608192969555,2.72288195233815,2.8608192969555,2.72288195233815,1.90220799999952,Optimization terminated successfully. (HiGHS Status 7: Optimal)
744,2,60,60,7176,LNS_CERTIFIED_LOCAL,0.00669185336894602,six_objective_minimax,2.72288195233815,2.66030443762779,2.72288195233815,2.66030443762779,1.26514249999309,Optimization terminated successfully. (HiGHS Status 7: Optimal)
768,1,60,60,7875,LNS_CERTIFIED_LOCAL,0.00173579421563861,six_objective_minimax,2.68983662977044,2.58064905215383,2.68983662977044,2.58064905215383,2.02573049999774,Optimization terminated successfully. (HiGHS Status 7: Optimal)
768,2,60,60,7748,LNS_CERTIFIED_LOCAL,0.00227339614620842,six_objective_minimax,2.58064905215383,2.54103381995705,2.58064905215383,2.54103381995705,1.6743690000003,Optimization terminated successfully. (HiGHS Status 7: Optimal)
792,1,60,60,7012,LNS_CERTIFIED_LOCAL,6.20613368617602e-06,six_objective_minimax,2.39710291171838,2.24437287506045,2.39710291171838,2.24437287506045,1.43297029999667,Optimization terminated successfully. (HiGHS Status 7: Optimal)
792,2,60,60,7292,LNS_CERTIFIED_LOCAL,0.0140005414656337,six_objective_minimax,2.24437287506045,2.21840626686892,2.24437287506045,2.21840626686892,1.29919900000095,Optimization terminated successfully. (HiGHS Status 7: Optimal)
816,1,60,60,7225,LNS_CERTIFIED_LOCAL,0.00625969674674455,six_objective_minimax,1.77007449344349,1.64496376003303,1.77007449344349,1.64496376003303,1.88721359999909,Optimization terminated successfully. (HiGHS Status 7: Optimal)
816,2,60,60,7701,LNS_CERTIFIED_LOCAL,0.00608906947741674,six_objective_minimax,1.64496376003303,1.59312309923689,1.64496376003303,1.59312309923689,1.61538240000664,Optimization terminated successfully. (HiGHS Status 7: Optimal)
840,1,60,60,7953,LNS_CERTIFIED_LOCAL,0.0108281762871859,six_objective_minimax,1.32783134775875,1.26622971576266,1.32783134775875,1.26622971576266,1.74407810000412,Optimization terminated successfully. (HiGHS Status 7: Optimal)
840,2,60,60,7828,LNS_NO_IMPROVEMENT,0.01075750958494,six_objective_minimax,1.26622971576266,1.26622971576266,1.26622971576266,1.26622971576266,1.47972189998836,Optimization terminated successfully. (HiGHS Status 7: Optimal)
864,1,60,60,7821,LNS_NO_IMPROVEMENT,0.0135940216584156,six_objective_minimax,1.07473067880177,1.07473067880177,1.07473067880177,1.07473067880177,1.64406120000058,Optimization terminated successfully. (HiGHS Status 7: Optimal)
888,1,60,60,7108,LNS_NO_IMPROVEMENT,0.0104881116307615,six_objective_minimax,1.08103073802559,1.08103073802559,1.08103073802559,1.08103073802559,1.35429210000439,Optimization terminated successfully. (HiGHS Status 7: Optimal)
912,1,60,60,7842,LNS_NO_IMPROVEMENT,0.0103973606574193,six_objective_minimax,1.07395016383918,1.07395016383918,1.07395016383918,1.07395016383918,1.29619160000584,Optimization terminated successfully. (HiGHS Status 7: Optimal)
936,1,60,60,7343,LNS_NO_IMPROVEMENT,0.0119403614776877,six_objective_minimax,1.08111223627751,1.08111223627751,1.08111223627751,1.08111223627751,1.4117227000097,Optimization terminated successfully. (HiGHS Status 7: Optimal)
960,1,60,60,7951,LNS_NO_IMPROVEMENT,0.0098080736543592,six_objective_minimax,1.07206756962906,1.07206756962906,1.07206756962906,1.07206756962906,2.02104730000428,Optimization terminated successfully. (HiGHS Status 7: Optimal)
984,1,60,60,7353,LNS_NO_IMPROVEMENT,0.00886944165889783,six_objective_minimax,1.06774062782154,1.06774062782154,1.06774062782154,1.06774062782154,1.24359549999645,Optimization terminated successfully. (HiGHS Status 7: Optimal)
1008,1,60,60,7350,LNS_NO_IMPROVEMENT,0.0114253617208106,six_objective_minimax,1.06054616062891,1.06054616062891,1.06054616062891,1.06054616062891,1.44262780000281,Optimization terminated successfully. (HiGHS Status 7: Optimal)
1032,1,60,60,7226,LNS_NO_IMPROVEMENT,0.00928908995542676,six_objective_minimax,1.046598327013,1.046598327013,1.046598327013,1.046598327013,1.33683630000451,Optimization terminated successfully. (HiGHS Status 7: Optimal)
1056,1,60,60,7442,LNS_NO_IMPROVEMENT,0.00887461626730377,six_objective_minimax,1.06701715700669,1.06701715700669,1.06701715700669,1.06701715700669,1.28532279998763,Optimization terminated successfully. (HiGHS Status 7: Optimal)
1080,1,60,60,7397,LNS_NO_IMPROVEMENT,0.0115964214400014,six_objective_minimax,1.0597702670004,1.0597702670004,1.0597702670004,1.0597702670004,1.34382419999747,Optimization terminated successfully. (HiGHS Status 7: Optimal)
1104,1,60,60,7385,LNS_NO_IMPROVEMENT,0.0144552258932288,six_objective_minimax,1.06270478739892,1.06270478739892,1.06270478739892,1.06270478739892,1.33692610000435,Optimization terminated successfully. (HiGHS Status 7: Optimal)
1128,1,60,60,7693,LNS_NO_IMPROVEMENT,0.0110002755691287,six_objective_minimax,1.062057571407,1.062057571407,1.062057571407,1.062057571407,1.41072130000975,Optimization terminated successfully. (HiGHS Status 7: Optimal)
1152,1,60,60,6994,LNS_NO_IMPROVEMENT,0.0116764621073086,six_objective_minimax,1.07124339625821,1.07124339625821,1.07124339625821,1.07124339625821,1.19052379998902,Optimization terminated successfully. (HiGHS Status 7: Optimal)
1176,1,60,60,7165,LNS_NO_IMPROVEMENT,0.010948909074642,six_objective_minimax,1.08746331098733,1.08746331098733,1.08746331098733,1.08746331098733,1.35860549999052,Optimization terminated successfully. (HiGHS Status 7: Optimal)
1200,1,60,60,7223,LNS_NO_IMPROVEMENT,0.00940887222960412,six_objective_minimax,1.06845714582077,1.06845714582077,1.06845714582077,1.06845714582077,1.33924620000471,Optimization terminated successfully. (HiGHS Status 7: Optimal)
1224,1,60,60,7124,LNS_NO_IMPROVEMENT,0.0130816689775737,six_objective_minimax,1.07542826950721,1.07542826950721,1.07542826950721,1.07542826950721,1.58467599999858,Optimization terminated successfully. (HiGHS Status 7: Optimal)
1248,1,60,60,7729,LNS_NO_IMPROVEMENT,0.0109955004351036,six_objective_minimax,1.07396161611271,1.07396161611271,1.07396161611271,1.07396161611271,1.46400500000163,Optimization terminated successfully. (HiGHS Status 7: Optimal)
1272,1,60,60,7644,LNS_NO_IMPROVEMENT,0.0116436972042207,six_objective_minimax,1.07897212672235,1.07897212672235,1.07897212672235,1.07897212672235,1.34146039999905,Optimization terminated successfully. (HiGHS Status 7: Optimal)
1296,1,60,60,7757,LNS_NO_IMPROVEMENT,0.0118347180527818,six_objective_minimax,1.08617839388208,1.08617839388208,1.08617839388208,1.08617839388208,1.79230169999937,Optimization terminated successfully. (HiGHS Status 7: Optimal)
1320,1,60,60,7593,LNS_NO_IMPROVEMENT,0.0135253809859202,six_objective_minimax,1.07215811941301,1.07215811941301,1.07215811941301,1.07215811941301,1.46416079999472,Optimization terminated successfully. (HiGHS Status 7: Optimal)
1344,1,60,60,7860,LNS_NO_IMPROVEMENT,0.0103974276000839,six_objective_minimax,1.07119719833914,1.07119719833914,1.07119719833914,1.07119719833914,1.41026679999777,Optimization terminated successfully. (HiGHS Status 7: Optimal)
1368,1,60,60,7861,LNS_NO_IMPROVEMENT,0.0134201215548392,six_objective_minimax,1.05844491007724,1.05844491007724,1.05844491007724,1.05844491007724,1.39428770000814,Optimization terminated successfully. (HiGHS Status 7: Optimal)
1392,1,60,60,7896,LNS_NO_IMPROVEMENT,0.0141584291598424,six_objective_minimax,1.06375258856492,1.06375258856492,1.06375258856492,1.06375258856492,1.58288390000234,Optimization terminated successfully. (HiGHS Status 7: Optimal)
1416,1,60,60,7750,LNS_NO_IMPROVEMENT,0.0124548074272413,six_objective_minimax,1.07494201852597,1.07494201852597,1.07494201852597,1.07494201852597,1.50318670000706,Optimization terminated successfully. (HiGHS Status 7: Optimal)
1440,1,60,60,7538,LNS_NO_IMPROVEMENT,0.0152040707428546,six_objective_minimax,1.07905768924232,1.07905768924232,1.07905768924232,1.07905768924232,1.6128100999922,Optimization terminated successfully. (HiGHS Status 7: Optimal)
1464,1,60,60,7730,LNS_NO_IMPROVEMENT,0.0127626948334629,six_objective_minimax,1.06836688253149,1.06836688253149,1.06836688253149,1.06836688253149,1.32204020000063,Optimization terminated successfully. (HiGHS Status 7: Optimal)
1488,1,60,60,7726,LNS_NO_IMPROVEMENT,0.0136484690550587,six_objective_minimax,1.06752586908097,1.06752586908097,1.06752586908097,1.06752586908097,1.27772909999476,Optimization terminated successfully. (HiGHS Status 7: Optimal)
1512,1,60,60,8179,LNS_NO_IMPROVEMENT,0.0112609674247981,six_objective_minimax,1.06520036958492,1.06520036958492,1.06520036958492,1.06520036958492,1.65607949999685,Optimization terminated successfully. (HiGHS Status 7: Optimal)
1536,1,60,60,7301,LNS_NO_IMPROVEMENT,0.00886775152709452,six_objective_minimax,1.076857195191,1.076857195191,1.076857195191,1.076857195191,1.26225240000349,Optimization terminated successfully. (HiGHS Status 7: Optimal)
1560,1,60,60,7763,LNS_NO_IMPROVEMENT,0.0153029514794116,six_objective_minimax,1.0542770399886,1.0542770399886,1.0542770399886,1.0542770399886,1.61625960000674,Optimization terminated successfully. (HiGHS Status 7: Optimal)
1584,1,60,60,7956,LNS_NO_IMPROVEMENT,0.0114088705297514,six_objective_minimax,1.07233789753817,1.07233789753817,1.07233789753817,1.07233789753817,1.3937442000024,Optimization terminated successfully. (HiGHS Status 7: Optimal)
1608,1,60,60,7740,LNS_NO_IMPROVEMENT,0.0106224937650662,six_objective_minimax,1.07405577080396,1.07405577080396,1.07405577080396,1.07405577080396,1.41062710000551,Optimization terminated successfully. (HiGHS Status 7: Optimal)
1632,1,60,60,8005,LNS_NO_IMPROVEMENT,0.0105572324411893,six_objective_minimax,1.08727490726621,1.08727490726621,1.08727490726621,1.08727490726621,1.72562199999811,Optimization terminated successfully. (HiGHS Status 7: Optimal)
1656,1,60,60,7576,LNS_NO_IMPROVEMENT,0.0127874821269829,six_objective_minimax,1.0699991883709,1.0699991883709,1.0699991883709,1.0699991883709,1.25519830000121,Optimization terminated successfully. (HiGHS Status 7: Optimal)
1680,1,60,60,7516,LNS_NO_IMPROVEMENT,0.010421901743494,six_objective_minimax,1.07052770191158,1.07052770191158,1.07052770191158,1.07052770191158,1.34241830000246,Optimization terminated successfully. (HiGHS Status 7: Optimal)
1704,1,60,60,7657,LNS_NO_IMPROVEMENT,0.0115892056484021,six_objective_minimax,1.06333985520325,1.06333985520325,1.06333985520325,1.06333985520325,1.38131979999889,Optimization terminated successfully. (HiGHS Status 7: Optimal)
1728,1,60,60,7789,LNS_NO_IMPROVEMENT,0.0111994568224311,six_objective_minimax,1.05791725155126,1.05791725155126,1.05791725155126,1.05791725155126,1.51807269999699,Optimization terminated successfully. (HiGHS Status 7: Optimal)
1752,1,60,60,7782,LNS_NO_IMPROVEMENT,0.0152543011505163,six_objective_minimax,1.07415040916443,1.07415040916443,1.07415040916443,1.07415040916443,1.43867830000818,Optimization terminated successfully. (HiGHS Status 7: Optimal)
1776,1,60,60,7548,LNS_NO_IMPROVEMENT,0.00960768897088526,six_objective_minimax,1.06651146069215,1.06651146069215,1.06651146069215,1.06651146069215,1.41626890000771,Optimization terminated successfully. (HiGHS Status 7: Optimal)
1800,1,60,60,7977,LNS_NO_IMPROVEMENT,0.0111073608044791,six_objective_minimax,1.06538952316139,1.06538952316139,1.06538952316139,1.06538952316139,1.40067180000187,Optimization terminated successfully. (HiGHS Status 7: Optimal)
1824,1,60,60,7854,LNS_NO_IMPROVEMENT,0.0133178545182917,six_objective_minimax,1.05583132643336,1.05583132643336,1.05583132643336,1.05583132643336,1.38110080000479,Optimization terminated successfully. (HiGHS Status 7: Optimal)
1848,1,60,60,7935,LNS_NO_IMPROVEMENT,0.0117663456904319,six_objective_minimax,1.05132260489182,1.05132260489182,1.05132260489182,1.05132260489182,1.54611880000448,Optimization terminated successfully. (HiGHS Status 7: Optimal)
1872,1,60,60,7601,LNS_NO_IMPROVEMENT,0.0140395886337907,six_objective_minimax,1.06247731896342,1.06247731896342,1.06247731896342,1.06247731896342,1.37778179999441,Optimization terminated successfully. (HiGHS Status 7: Optimal)
1896,1,60,60,7650,LNS_NO_IMPROVEMENT,0.0106534807454163,six_objective_minimax,1.06381827516977,1.06381827516977,1.06381827516977,1.06381827516977,1.57479090000561,Optimization terminated successfully. (HiGHS Status 7: Optimal)
1920,1,60,60,7783,LNS_NO_IMPROVEMENT,0.011353562820992,six_objective_minimax,1.08047964278502,1.08047964278502,1.08047964278502,1.08047964278502,1.37279999999737,Optimization terminated successfully. (HiGHS Status 7: Optimal)
1944,1,60,60,7794,LNS_NO_IMPROVEMENT,0.0113689783921296,six_objective_minimax,1.09195287427216,1.09195287427216,1.09195287427216,1.09195287427216,1.39912029998959,Optimization terminated successfully. (HiGHS Status 7: Optimal)
1968,1,60,60,7565,LNS_NO_IMPROVEMENT,0.00979377137085566,six_objective_minimax,1.09253867709277,1.09253867709277,1.09253867709277,1.09253867709277,1.19831039999553,Optimization terminated successfully. (HiGHS Status 7: Optimal)
1992,1,60,60,7239,LNS_NO_IMPROVEMENT,0.0111014749776516,six_objective_minimax,1.07793326883514,1.07793326883514,1.07793326883514,1.07793326883514,1.34458520000044,Optimization terminated successfully. (HiGHS Status 7: Optimal)
2016,1,60,60,7848,LNS_NO_IMPROVEMENT,0.0122945687432244,six_objective_minimax,1.06677306627416,1.06677306627416,1.06677306627416,1.06677306627416,1.6334402999928,Optimization terminated successfully. (HiGHS Status 7: Optimal)
2040,1,60,60,7699,LNS_NO_IMPROVEMENT,0.0155203068548857,six_objective_minimax,1.07025589815949,1.07025589815949,1.07025589815949,1.07025589815949,1.4609569000022,Optimization terminated successfully. (HiGHS Status 7: Optimal)
2064,1,60,60,7863,LNS_NO_IMPROVEMENT,0.0105267621213605,six_objective_minimax,1.07813641416963,1.07813641416963,1.07813641416963,1.07813641416963,1.43436510000902,Optimization terminated successfully. (HiGHS Status 7: Optimal)
2088,1,60,60,7629,LNS_NO_IMPROVEMENT,0.0101382191500211,six_objective_minimax,1.07700635508189,1.07700635508189,1.07700635508189,1.07700635508189,1.35211839999829,Optimization terminated successfully. (HiGHS Status 7: Optimal)
2112,1,60,60,7956,LNS_NO_IMPROVEMENT,0.0105782206010365,six_objective_minimax,1.07780517690847,1.07780517690847,1.07780517690847,1.07780517690847,1.27610440000717,Optimization terminated successfully. (HiGHS Status 7: Optimal)
2136,1,60,60,7752,LNS_NO_IMPROVEMENT,0.00933618851847904,six_objective_minimax,1.07803955286686,1.07803955286686,1.07803955286686,1.07803955286686,1.199741000004,Optimization terminated successfully. (HiGHS Status 7: Optimal)
2160,1,60,60,7794,LNS_NO_IMPROVEMENT,0.0132002772289959,six_objective_minimax,1.07152606425819,1.07152606425819,1.07152606425819,1.07152606425819,1.09235679999983,Optimization terminated successfully. (HiGHS Status 7: Optimal)
2184,1,60,60,7431,LNS_NO_IMPROVEMENT,0.012333285503156,six_objective_minimax,1.05467843538924,1.05467843538924,1.05467843538924,1.05467843538924,0.96419660000538,Optimization terminated successfully. (HiGHS Status 7: Optimal)
2208,1,60,60,7730,LNS_NO_IMPROVEMENT,0.0128517120478434,six_objective_minimax,1.04774239986337,1.04774239986337,1.04774239986337,1.04774239986337,0.836849400002393,Optimization terminated successfully. (HiGHS Status 7: Optimal)
2232,1,60,60,7953,LNS_CERTIFIED_LOCAL,0.00135159980967548,six_objective_minimax,1.08268075954984,1.07518298606977,1.08268075954984,1.07518298606977,1.00425260000338,Optimization terminated successfully. (HiGHS Status 7: Optimal)
2232,2,60,60,8013,LNS_NO_IMPROVEMENT,0.00166239938228854,six_objective_minimax,1.07518298606977,1.07518298606977,1.07518298606977,1.07518298606977,1.07889030000661,Optimization terminated successfully. (HiGHS Status 7: Optimal)
2256,1,60,60,7455,LNS_CERTIFIED_LOCAL,0.000271176755521561,six_objective_minimax,1.20675443828221,1.19931712564475,1.20675443828221,1.19931712564475,0.930287399998633,Optimization terminated successfully. (HiGHS Status 7: Optimal)
2256,2,60,60,7455,LNS_CERTIFIED_LOCAL,1.05050579201878e-05,six_objective_minimax,1.19931712564475,1.19860657523341,1.19931712564475,1.19860657523341,0.896906499998295,Optimization terminated successfully. (HiGHS Status 7: Optimal)
2280,1,60,60,7668,LNS_CERTIFIED_LOCAL,2.50689962109715e-05,six_objective_minimax,1.3892448098175,1.37887854965075,1.3892448098175,1.37887854965075,0.940276399996947,Optimization terminated successfully. (HiGHS Status 7: Optimal)
2280,2,60,60,7638,LNS_CERTIFIED_LOCAL,8.22238663658283e-06,six_objective_minimax,1.37887854965075,1.37780194063749,1.37887854965075,1.37780194063749,0.934112600007211,Optimization terminated successfully. (HiGHS Status 7: Optimal)
2304,1,60,60,7691,LNS_CERTIFIED_LOCAL,0.000452870869496508,six_objective_minimax,1.76863047064524,1.75931262253727,1.76863047064524,1.75931262253727,0.852244599998812,Optimization terminated successfully. (HiGHS Status 7: Optimal)
2304,2,60,60,7739,LNS_NO_IMPROVEMENT,0.00149300262660465,six_objective_minimax,1.75931262253727,1.75931262253727,1.75931262253727,1.75931262253727,0.84024039999349,Optimization terminated successfully. (HiGHS Status 7: Optimal)
2328,1,60,60,7540,LNS_CERTIFIED_LOCAL,8.51611534071861e-06,six_objective_minimax,2.27871252621474,2.27140958909135,2.27871252621474,2.27140958909135,0.879258699991624,Optimization terminated successfully. (HiGHS Status 7: Optimal)
2328,2,60,60,7480,LNS_CERTIFIED_LOCAL,3.22690543293358e-06,six_objective_minimax,2.27140958909135,2.27115666010924,2.27140958909135,2.27115666010924,0.835907000000589,Optimization terminated successfully. (HiGHS Status 7: Optimal)
2352,1,60,60,7474,LNS_CERTIFIED_LOCAL,0.00141036035684879,six_objective_minimax,2.79610475483599,2.78406987287399,2.79610475483599,2.78406987287399,0.86018669999612,Optimization terminated successfully. (HiGHS Status 7: Optimal)
2352,2,60,60,7507,LNS_NO_IMPROVEMENT,0.00436162402058202,six_objective_minimax,2.78406987287399,2.78406987287399,2.78406987287399,2.78406987287399,0.753440200001933,Optimization terminated successfully. (HiGHS Status 7: Optimal)
2376,1,60,60,6540,LNS_CERTIFIED_LOCAL,0.0047595081663101,six_objective_minimax,2.95003864362856,2.93752228414293,2.95003864362856,2.93752228414293,0.578170900000259,Optimization terminated successfully. (HiGHS Status 7: Optimal)
2376,2,60,60,6451,LNS_NO_IMPROVEMENT,0.00593157603117354,six_objective_minimax,2.93752228414293,2.93752228414293,2.93752228414293,2.93752228414293,0.401704200005042,Optimization terminated successfully. (HiGHS Status 7: Optimal)
2400,1,60,60,1066,LNS_CERTIFIED_LOCAL,0.00429775515378528,six_objective_minimax,4.19572977554255,4.16523396473559,4.19572977554255,4.16523396473559,0.115279199992074,Optimization terminated successfully. (HiGHS Status 7: Optimal)
2400,2,60,60,1025,LNS_NO_IMPROVEMENT,0.00574278531201356,six_objective_minimax,4.16523396473559,4.16523396473559,4.16523396473559,4.16523396473559,0.110673999995925,Optimization terminated successfully. (HiGHS Status 7: Optimal)
